0	Prime World / Audiosurf 2 / Bionic Dues / Cube & Star: A Love Story Demo / Escape Goat
1	Counter-Strike / Team Fortress Classic / Day of Defeat / Deathmatch Classic / Half-Life: Opposing Force / Ricochet / Half-Life / Counter-Strike: Condition Zero / Half-Life Dedicated Server / Counter-Strike: Condition Zero Deleted Scenes / Half-Life: Blue Shift
3	Counter-Strike / Team Fortress Classic / Day of Defeat / Deathmatch Classic / Half-Life: Opposing Force / Ricochet / Half-Life / Counter-Strike: Condition Zero / Counter-Strike: Condition Zero Deleted Scenes / Half-Life: Blue Shift
4	Half-Life Dedicated Server
5	Half-Life Dedicated Server
6	Counter-Strike / Team Fortress Classic / Day of Defeat / Deathmatch Classic / Half-Life: Opposing Force / Ricochet / Half-Life / Counter-Strike: Condition Zero / Counter-Strike: Condition Zero Deleted Scenes / Half-Life: Blue Shift
7	Steam
8	Counter-Strike / Team Fortress Classic / Day of Defeat / Deathmatch Classic / Half-Life: Opposing Force / Ricochet / Half-Life / Counter-Strike: Condition Zero / Counter-Strike: Condition Zero Deleted Scenes / Half-Life: Blue Shift
11	Counter-Strike / Counter-Strike: Condition Zero / Half-Life Dedicated Server / Counter-Strike: Condition Zero Deleted Scenes
12	Counter-Strike / Counter-Strike: Condition Zero
13	Counter-Strike / Counter-Strike: Condition Zero
14	Counter-Strike / Counter-Strike: Condition Zero
15	Counter-Strike / Counter-Strike: Condition Zero
16	Counter-Strike / Counter-Strike: Condition Zero
17	Counter-Strike / Counter-Strike: Condition Zero
18	Counter-Strike / Counter-Strike: Condition Zero
19	Counter-Strike / Counter-Strike: Condition Zero
21	Team Fortress Classic / Half-Life Dedicated Server
22	Team Fortress Classic
23	Team Fortress Classic
24	Team Fortress Classic
25	Team Fortress Classic
31	Day of Defeat / Half-Life Dedicated Server
32	Day of Defeat
33	Day of Defeat
34	Day of Defeat
35	Day of Defeat
41	Deathmatch Classic / Half-Life Dedicated Server
42	Deathmatch Classic
43	Deathmatch Classic
44	Deathmatch Classic
45	Deathmatch Classic
51	Half-Life: Opposing Force / Half-Life Dedicated Server
52	Half-Life: Opposing Force
53	Half-Life: Opposing Force
56	Half-Life: Opposing Force
61	Ricochet / Half-Life Dedicated Server
62	Ricochet
63	Ricochet
64	Ricochet
65	Ricochet
71	Half-Life / Half-Life Dedicated Server
72	Counter-Strike / Team Fortress Classic / Day of Defeat / Deathmatch Classic / Half-Life: Opposing Force / Ricochet / Half-Life / Counter-Strike: Condition Zero Deleted Scenes / Half-Life: Blue Shift
73	Counter-Strike / Team Fortress Classic / Day of Defeat / Deathmatch Classic / Half-Life: Opposing Force / Ricochet / Half-Life / Counter-Strike: Condition Zero Deleted Scenes / Half-Life: Blue Shift
74	Counter-Strike / Team Fortress Classic / Day of Defeat / Deathmatch Classic / Half-Life: Opposing Force / Ricochet / Half-Life / Counter-Strike: Condition Zero Deleted Scenes / Half-Life: Blue Shift
75	Counter-Strike / Team Fortress Classic / Day of Defeat / Deathmatch Classic / Half-Life: Opposing Force / Ricochet / Half-Life / Counter-Strike: Condition Zero Deleted Scenes / Half-Life: Blue Shift
76	Counter-Strike / Team Fortress Classic / Day of Defeat / Deathmatch Classic / Half-Life: Opposing Force / Ricochet / Half-Life / Counter-Strike: Condition Zero Deleted Scenes / Half-Life: Blue Shift
77	Counter-Strike / Team Fortress Classic / Day of Defeat / Deathmatch Classic / Half-Life: Opposing Force / Ricochet / Half-Life / Counter-Strike: Condition Zero Deleted Scenes / Half-Life: Blue Shift
78	Counter-Strike / Team Fortress Classic / Day of Defeat / Deathmatch Classic / Half-Life: Opposing Force / Ricochet / Half-Life / Counter-Strike: Condition Zero Deleted Scenes / Half-Life: Blue Shift
79	Counter-Strike / Team Fortress Classic / Day of Defeat / Deathmatch Classic / Half-Life: Opposing Force / Ricochet / Half-Life / Counter-Strike: Condition Zero Deleted Scenes
81	Counter-Strike: Condition Zero / Half-Life Dedicated Server
82	Counter-Strike: Condition Zero
83	Counter-Strike: Condition Zero
84	Counter-Strike: Condition Zero
85	Counter-Strike: Condition Zero
86	Counter-Strike: Condition Zero
87	Counter-Strike: Condition Zero
88	Counter-Strike: Condition Zero
89	Counter-Strike: Condition Zero
92	Codename Gordon
95	Counter-Strike
96	Team Fortress Classic / Half-Life: Opposing Force / Half-Life / Half-Life: Blue Shift
101	Counter-Strike: Condition Zero Deleted Scenes
102	Counter-Strike: Condition Zero Deleted Scenes
103	Counter-Strike: Condition Zero Deleted Scenes
104	Counter-Strike: Condition Zero Deleted Scenes
105	Counter-Strike: Condition Zero Deleted Scenes
106	Counter-Strike: Condition Zero Deleted Scenes
107	Counter-Strike: Condition Zero Deleted Scenes
108	Counter-Strike: Condition Zero Deleted Scenes
109	Counter-Strike: Condition Zero Deleted Scenes
110	Counter-Strike: Condition Zero Deleted Scenes
111	Counter-Strike: Condition Zero Deleted Scenes
130	Half-Life: Blue Shift
131	Half-Life: Blue Shift
132	Half-Life: Blue Shift
151	Half-Life
152	Counter-Strike Beta
153	Half-Life (dedicated server)
154	Half-Life (dedicated server)(Linux)
160	SourceInit data
200	Source Engine Runtime
201	Half-Life 2
202	SourceInit data
203	Half-Life 2
204	Source Dedicated Server (Linux)
205	Source Dedicated Server (Windows)
206	Source Materials
207	Source Models
208	Source Sounds
209	Source Shared Content
211	Source SDK
212	Source SDK Base 2006 / Day of Defeat: Source Press Review / Eternal Silence / Insurgency: Modern Infantry Combat
213	Source SDK Base 2006 / Source SDK Base 2007 / MINERVA: Metastasis
215	Source SDK Base 2006 / Source SDK Base 2007 / Source 2007 Dedicated Server
216	Source SDK Base 2007 / Age of Chivalry / D.I.P.R.I.P. Warm Up / Smashball
217	Half-Life 2
218	Source SDK Base 2007 / Source 2007 Dedicated Server
219	Half-Life 2 (shared)
221	Half-Life 2: Demo / Half-Life 2 / Half-Life: Source / Half-Life 2: Lost Coast / Half-Life 2: Episode One / Half-Life 2: Episode Two
223	Half-Life 2: Demo / Half-Life 2 / Half-Life: Source / Half-Life 2: Lost Coast / Half-Life 2: Episode One / Half-Life 2: Episode Two
224	Half-Life 2: Demo / Half-Life 2 / Half-Life: Source / Half-Life 2: Lost Coast / Half-Life 2: Episode One / Half-Life 2: Episode Two
225	Half-Life 2: Demo / Half-Life 2 / Half-Life: Source / Half-Life 2: Lost Coast / Half-Life 2: Episode One / Half-Life 2: Episode Two
226	Half-Life 2: Demo / Half-Life 2 / Half-Life: Source / Half-Life 2: Lost Coast / Half-Life 2: Episode One / Half-Life 2: Episode Two
227	Half-Life 2: Demo / Half-Life 2 / Half-Life: Source / Half-Life 2: Lost Coast / Half-Life 2: Episode One / Half-Life 2: Episode Two
228	Half-Life 2: Demo / Half-Life 2 / Half-Life: Source / Half-Life 2: Lost Coast / Half-Life 2: Episode One / Half-Life 2: Episode Two
229	Half-Life 2: Demo / Half-Life 2 / Half-Life: Source / Half-Life 2: Lost Coast / Half-Life 2: Episode One
230	Half-Life 2: Demo / Half-Life 2 / Half-Life: Source / Half-Life 2: Lost Coast / Half-Life 2: Episode One
231	Half-Life 2: Demo / Half-Life 2 / Half-Life: Source / Half-Life 2: Lost Coast / Half-Life 2: Episode One
232	Half-Life 2: Demo / Half-Life 2 / Half-Life: Source / Half-Life 2: Lost Coast / Half-Life 2: Episode One
233	Half-Life 2: Demo / Half-Life 2
234	Half-Life 2: Demo / Half-Life 2
235	Half-Life 2 (localization)
236	Half-Life 2 Russian
241	Counter-Strike: Source Client
242	Counter-Strike: Source Content
243	Counter-Strike: Source French 
244	Counter-Strike: Source Italian
245	Counter-Strike: Source German
246	Counter-Strike: Source Spanish
247	Counter-Strike: Source Simplified Chinese
248	Counter-Strike: Source Korean
249	Counter-Strike: Source koreana
250	Counter-Strike: Source Traditional Chinese
251	Counter-Strike: Source Japanese
252	Counter-Strike: Source Russian
253	Counter-Strike: Source Thai
254	Half-Life 2
255	Half-Life 2 (Linux)
256	Source Dedicated Server
257	Half-Life 2 (dedicated, Linux)
258	Half-Life 2 (Linux)
261	Counter-Strike: Source Beta Content
262	Counter-Strike: Source Beta Content 2
263	Counter-Strike: Source Beta Engine
264	Counter-Strike: Source Beta Dedicated Server
281	Half-Life: Source
283	Half-Life: Source
284	Half-Life: Source
285	Half-Life: Source
286	Half-Life: Source
287	Half-Life: Source
288	Half-Life: Source
289	Half-Life (localization)
290	Half-Life (localization)
291	Half-Life (localization)
292	Half-Life (localization)
293	Half-Life (localization)
301	Day of Defeat: Source
303	Day of Defeat: Source (beta)
304	Day of Defeat: Source Press Review
305	Source SDK Base 2007 / Source 2007 Dedicated Server / Age of Chivalry / Age of Chivalry Dedicated Server / Synergy Dedicated Server / D.I.P.R.I.P. Warm Up / D.I.P.R.I.P. Dedicated Server / Smashball / MINERVA: Metastasis
306	Source SDK Base 2007 / Source 2007 Dedicated Server / Age of Chivalry / Age of Chivalry Dedicated Server / Synergy Dedicated Server / D.I.P.R.I.P. Warm Up / D.I.P.R.I.P. Dedicated Server / Smashball / MINERVA: Metastasis
307	Source SDK Base 2007 / Source 2007 Dedicated Server / Age of Chivalry / Age of Chivalry Dedicated Server / Synergy Dedicated Server / D.I.P.R.I.P. Warm Up / D.I.P.R.I.P. Dedicated Server / Smashball / MINERVA: Metastasis
308	Source SDK Base 2006 / Source SDK Base 2007 / MINERVA: Metastasis
309	Source SDK Base 2006 / Source SDK Base 2007 / MINERVA: Metastasis
310	Source SDK Base 2007 / Source 2007 Dedicated Server / Age of Chivalry Dedicated Server / Synergy Dedicated Server / D.I.P.R.I.P. Dedicated Server
311	Source SDK Base 2007 / Source 2007 Dedicated Server / Age of Chivalry Dedicated Server
312	Half-Life 2 (shared)
313	Source Dedicated Server
314	Half-Life 2 (shared)
315	Source SDK Base 2007 / MINERVA: Metastasis
316	Half-Life 2 (Mac)
317	Source SDK Base 2007 / MINERVA: Metastasis
319	Half-Life 2 (shared)
321	Half-Life 2: Deathmatch
322	Half-Life 2 (Linux)
341	Half-Life 2 / Half-Life 2: Lost Coast
342	Half-Life 2 / Half-Life 2: Lost Coast
343	Half-Life 2 / Half-Life 2: Lost Coast
344	Half-Life 2 / Half-Life 2: Lost Coast
345	Half-Life 2 / Half-Life 2: Lost Coast
346	Half-Life 2 / Half-Life 2: Lost Coast
347	Half-Life 2 / Half-Life 2: Lost Coast
348	Half-Life 2 / Half-Life 2: Lost Coast
349	Half-Life 2: Lost Coast (localization)
350	Half-Life 2: Lost Coast (localization)
351	F.E.A.R. 2: Project Origin Demo
352	runme.exe install stub
355	Spore
360	Half-Life Deathmatch: Source
363	Half-Life Deathmatch: Source
381	Source SDK Base 2006 / Source SDK Base 2007 / Half-Life 2 / Half-Life 2: Episode One / Half-Life 2: Episode Two / MINERVA: Metastasis
382	Half-Life 2 / Half-Life 2: Episode One / Half-Life 2: Episode Two
383	Half-Life 2 / Half-Life 2: Episode One / Half-Life 2: Episode Two
384	Half-Life 2 / Half-Life 2: Episode One / Half-Life 2: Episode Two
385	Half-Life 2 / Half-Life 2: Episode One
386	Half-Life 2 / Half-Life 2: Episode One
387	Half-Life 2 / Half-Life 2: Episode One
388	Half-Life 2 / Half-Life 2: Episode One
389	Half-Life 2 / Half-Life 2: Episode One / Half-Life 2: Episode Two
390	Half-Life 2 / Half-Life 2: Episode One
401	Portal
402	Portal / Portal: First Slice
403	Portal / Portal: First Slice
404	Portal / Portal: First Slice
405	Portal / Portal: First Slice
406	Portal / Portal: First Slice
407	Portal / Portal: First Slice
411	Portal / Portal: First Slice
421	Source SDK Base 2006 / Half-Life 2 / Half-Life 2: Episode Two
422	Source SDK Base 2006 / Half-Life 2 / Half-Life 2: Episode Two
423	Source SDK Base 2006 / Half-Life 2 / Half-Life 2: Episode Two
424	Half-Life 2 / Half-Life 2: Episode Two
425	Half-Life 2 / Half-Life 2: Episode Two
426	Half-Life 2 / Half-Life 2: Episode Two
427	Half-Life 2 / Half-Life 2: Episode Two
428 Half-Life 2 / Half-Life 2: Episode Two
429	Half-Life 2 / Half-Life 2: Episode Two
441	Team Fortress 2
442	Team Fortress 2
443	Team Fortress 2
444	Team Fortress 2
445	Team Fortress 2
446	Team Fortress 2
448	Team Fortress 2
449	Team Fortress 2
451	Team Fortress 2
452	Team Fortress 2
461	Half-Life 2 2007
481	Spacewar
501	Left 4 Dead / Left 4 Dead Dedicated Server / Left 4 Dead Authoring Tools
502	Left 4 Dead / Left 4 Dead Dedicated Server / Left 4 Dead Authoring Tools
503	Left 4 Dead / Left 4 Dead Authoring Tools
504	Left 4 Dead / Left 4 Dead Authoring Tools
505	Left 4 Dead
506	Left 4 Dead
507	Left 4 Dead
508	Left 4 Dead
509	Left 4 Dead
511	Left 4 Dead Dedicated Server
512	Left 4 Dead (dedicated)
513	Left 4 Dead Authoring Tools
515	Left 4 Dead
521	Half-Life 2
522	Team Fortress 2 Beta
523	Team Fortress 2 Beta
524	Team Fortress 2 Beta
525	Team Fortress 2 Beta
526	Team Fortress 2 Beta
527	Team Fortress 2 Beta
531	Left 4 Dead Demo / Left 4 Dead Demo Dedicated Server
532	Left 4 Dead Demo
533	Left 4 Dead Demo
534	Left 4 Dead Demo
535	Left 4 Dead Demo
536	Left 4 Dead Demo
537	Left 4 Dead Demo
538	Left 4 Dead Demo / Left 4 Dead Demo Dedicated Server
551	Left 4 Dead 2 / Left 4 Dead 2 Authoring Tools / Left 4 Dead 2 Add-on Support
552	Left 4 Dead 2 / Left 4 Dead 2 Authoring Tools / Left 4 Dead 2 Add-on Support
553	Left 4 Dead 2
555	Left 4 Dead 2
556	Left 4 Dead 2
557	Left 4 Dead 2
558	Left 4 Dead 2
559	Left 4 Dead 2
561	Source Dedicated Server
562	Source (addon installer tools)
563	Left 4 Dead 2 Authoring Tools
564	Left 4 Dead 2 Add-on Support
571	Dota 2 Workshop Tools Alpha
572	Dota 2 (dedicated)
573	Dota 2 Workshop Tools Alpha
591	Left 4 Dead 2 Demo
592	Left 4 Dead 2 Demo
593	Left 4 Dead 2 Demo
594	Left 4 Dead 2 Demo
595	Left 4 Dead 2 Demo
596	Left 4 Dead 2 Demo
597	Left 4 Dead 2 Demo
598	Left 4 Dead 2 Demo
599	Left 4 Dead 2 Demo
601	Source Dedicated Server
602 Left 4 Dead 2 Demo
621	Portal 2 / Portal 2 Authoring Tools
622	Portal 2
623	Portal 2
624	Portal 2
625	Portal 2
626	Portal 2
627	Portal 2
628	Portal 2
629	Portal 2 Authoring Tools
631	Alien Swarm / Alien Swarm Dedicated Server / Alien Swarm - SDK
641	Alien Swarm - SDK
645	Portal 2
660	Portal 2
681	Dota 2
682	Dota 2 (shared)
701	ValveTestApp700
702	ValveTestApp700
703	ValveTestApp700
704	ValveTestApp700
705	ValveTestApp700
706	ValveTestApp700
711	Counter-Strike: Global Offensive / cstrike15 Engine
712	Counter-Strike: Global Offensive / cstrike15 Content
713	Source Dedicated Server
731	Counter-Strike 2 / Counter-Strike Global Offensive - Dedicated Server / Counter-Strike:Global Offensive
732	Counter-Strike 2 / Counter-Strike:Global Offensive
733	Counter-Strike 2 / Counter-Strike:Global Offensive
821	Half-Life 2 / Team Fortress 2 (shared)
822	Half-Life 2: Episode Two (shared)
823	Portal (shared)
824	Day of Defeat: Source (shared)
825	Half-Life 2 (shared)
826	Team Fortress 2 (shared)
827	Left 4 Dead 2
841	Portal 2
842	Portal 2 (shared)
843	Portal 2
852	ValveTestApp852
883	Source SDK 2007
900	Zombie Movie
901	Day of Defeat: Prelude to Victory
902	Dangerous Waters Trailer
903	Darwinia Trailer
904	Half-Life 2 Trailer
905	Half-Life 2: Episode One Trailer
906	Rag Doll Kung Fu Trailer
907	Red Orchestra Trailer
908	Shadowgrounds Trailer
909	Sin Episodes: Emergence Trailer
910	Zombie Movie / Day of Defeat: Prelude to Victory / Dangerous Waters Trailer / Darwinia Trailer / Half-Life 2 Trailer / Half-Life 2: Episode One Trailer / Rag Doll Kung Fu Trailer / Red Orchestra Trailer / Shadowgrounds Trailer / Sin Episodes: Emergence Trailer / Half-Life 2: Episode One Launch Teaser 1 / Half-Life 2: Episode One Launch Teaser 2 / Half-Life 2: Episode One Launch Teaser 3 / Half-Life 2: Episode One Launch Teaser 4 / Half-Life 2: Episode Two Trailer / Day of Defeat: Jagd Trailer / Day of Defeat: Colmar Trailer / Dark Messiah: Warrior / Dark Messiah: Assassin / Dark Messiah: Wizard / Portal Trailer / Team Fortress 2 Trailer / Red Orchestra Infantry Tutorial / Red Orchestra Vehicle Tutorial / Red Orchestra Lyes Krovy Trailer / GTI Racing Trailer / SourceForts Trailer / Uplink Trailer / Half-Life 2: Episode Two Trailer 2 / Team Fortress 2 Trailer 2 / Half-Life 2: Episode Two Gameplay Movie 1 / Half-Life 2: Episode Two Gameplay Movie 2 / Half-Life 2: Episode Two Gameplay Movie 3 / Dark Messiah Gameplay Trailer / Half-Life 2: Episode Two Gameplay Movie 4 / Half-Life 2: Episode Two Gameplay Movie 5 / City Life Trailer / X3: Reunion Trailer / Dark Messiah Launch Trailer / Red Orchestra Fall Update Trailer / Heroes of Annihilated Empires Trailer / Prey Trailer / Left4Dead Teaser / X3: Reunion 2.0 Trailer / Gumboy: Crazy Adventures Trailer / Eets Trailer / Silverfall Trailer / Joint Task Force Trailer / Hitman: Blood Money Trailer / Just Cause Trailer / TrackMania United Trailer / Runaway, The Dream of The Turtle Trailer / Battlestations: Midway Trailer / Project: Snowblind Trailer / Tomb Raider: Legend Trailer / Infernal Trailer / Infernal Trailer 1 / Team Fortress 2: Meet the Heavy / Red Orchestra June 07 New Content Trailer / Tomb Raider: Anniversary Trailer / TrackMania United Webisode 1: Coppers / TrackMania United Webisode 2: Manialinks / TrackMania United Webisode 3: Maniazones / TrackMania United Webisode 4: Singleplayer / TrackMania United Webisode 5: Multiplayer / Sam & Max 101: Culture Shock Trailer / Sam & Max 102: Situation: Comedy Trailer / Sam & Max 103: The Mole, the Mob and the Meatball Trailer / Sam & Max 104: Abe Lincoln Must Die! Trailer / Sam & Max 105: Reality 2.0 Trailer / Sam & Max 106: Bright Side of the Moon Trailer / Lost Planet: Extreme Condition Trailer / Kane & Lynch Trailer 2 / Kane & Lynch Trailer / ThreadSpace: Hyperbol Trailer / Titan Quest: Immortal Throne Trailer / S.T.A.L.K.E.R.: Shadow of Chernobyl Trailer / SpaceForce: Rogue Universe Trailer / Civilization IV: Beyond the Sword Trailer / Gish Trailer / Call of Juarez Trailer / Bioshock Trailer / Team Fortress 2: Meet The Soldier / Race07 Trailer / Team Fortress 2: Meet The Engineer / Kane & Lynch Trailer 3 / Juiced 2 - Hot Import Nights Trailer / Enemy Territory: QUAKE Wars Trailer / Loki Trailer / Company of Heroes: Opposing Fronts / Team Fortress 2: Meet the Heavy (Russian) / The Orange Box Commercial / Two Worlds Trailer / Team Fortress 2: Meet the Demoman / Call of Duty 4: Modern Warfare Trailer / Painkiller Overdose Trailer / Painkiller Overdose Teaser / Overlord Trailer / Clive Barker's Jericho Trailer / Shadowgrounds Survivor Trailer / Alpha Prime Trailer 2 / Alpha Prime: Weapons / Alpha Prime: Hacking / Alpha Prime: Bullet Time / Alpha Prime Trailer / Speedball 2: Tournament Trailer / Universe at War: Earth Assault Trailer / Insurgency Mod Trailer / Speedball 2 - Tournament Tutorial / The Golden Compass Trailer / Frontline: Fuels of War Trailer / Team Fortress 2: Meet the Heavy (German) / Team Fortress 2: Meet the Heavy (French) / EVE Online: Coming Soon / Bill Lee Interview / The Club Trailer / Warhammer 40,000: Dawn of War – Soulstorm Trailer / Turning Point: Fall of Liberty Trailer / Overlord: Raising Hell Trailer / Frontlines: Fuel of War Multiplayer Trailer / Rainbox Six: Vegas 2 Trailer / Rainbox Six: Vegas Trailer / Tom Clancy's Ghost Recon: Advanced Warfighter 2 Trailer / Tom Clancy's Ghost Recon: Advanced Warfighter Trailer / Unreal Tournament 3 Trailer / Assassin's Creed Trailer / TrackMania Nations Forever Trailer / Team Fortress 2: Meet the Scout / Team Fortress 2: Meet the Scout (French) / Team Fortress 2: Meet the Scout (German) / Team Fortress 2: Meet the Scout (Russian) / Team Fortress 2: Meet the Scout (Spanish) / S.T.A.L.K.E.R.: Clear Sky Tech Demo / Sam & Max 201 Trailer / Sam & Max 202 Trailer / Sam & Max 203 Trailer / Sam & Max 204 Trailer / Sam & Max 205 Trailer / Trials 2: Second Edition Trailer / Trials 2: Second Edition: Bumps' N Bruises / Trials 2: Second Edition: Rollin and Tumblin / Trials 2: Second Edition: Throttle to the Max / TrackMania United Forever Trailer / GRID Trailer / On the Rain-Slick Precipice of Darkness - Episode One Trailer / Tom Clancy's HAWX Trailer / Team Fortress 2: Meet the Sniper / Far Cry 2 Trailer / Crazy Machines 2 Trailer / Brothers in Arms: Hells Highway Trailer 1 / Brothers in Arms: Hells Highway Trailer 2 / Team Fortress 2: Meet the Sniper (French) / Team Fortress 2: Meet the Sniper (German) / Team Fortress 2: Meet the Soldier (French) / Team Fortress 2: Meet the Soldier (German) / S.T.A.L.K.E.R.: Clear Sky Atmosphere Trailer / EVE Online - Empyrean Age Trailer / Team Fortress 2: Meet the Sniper (Russian) / Team Fortress 2: Meet the Sniper (Spanish) / FlatOut: Ultimate Carnage Trailer / Pro Cycling Manager 2008 Trailer / Space Siege Trailer / Multiwinia: Domination Trailer / Red Faction: Guerrilla Destruction Trailer / Dawn of War II: Trailer / Dawn of War II: E3 Gameplay / Dawn of War II: Teaser / Team Fortress 2: Meet the Sandvich / Dawn of War II: Leipzig Trailer / Dawn of War II: The Tyranids / Far Cry 2: E3 Gameplay / Far Cry 2: Enemies / Far Cry 2 GamePlay Movie / Velvet Assassin Trailer / GTR Evolution Trailer / Multiwinia: King of the Hill Trailer / Multiwinia: Capture the Statue Trailer / Crysis Warhead Trailer / X3: Terran Conflict Teaser / Crysis Trailer / Crysis Wars Trailer / Multiwinia: Rocket Riot / Multiwinia: Blitzkrieg / The Witcher: Enhanced Trailer / Team Fortress 2: Meet the Soldier (Russian) / Team Fortress 2: Meet the Demoman (Russian) / Multiwinia: Assault Trailer / Sid Meier's Civilization IV: Colonization Trailer / Prince of Persia Trailer / STCC: The Game Teaser / City Life 2008 Trailer / STCC: The Game Trailer / Shaun White Debut Trailer / Age of Conan: Hyborian Adventures Trailer / Project Aftermath Trailer / Tomb Raider: Underworld Trailer / Pyroblazer Trailer / Xpand Rally Xtreme Trailer / Pyroblazer Trailer 2 / Age of Booty Trailer / Spectraball Trailer / MotoGP 2008 Trailer / Pyroblazer Intro / D.I.P.R.I.P. Warm Up Trailer / Galactic Bowling Trailer / Team Fortress 2: Meet the Engineer (Russian) / Bully Trailer / Mare Nostrum Trailer / Saint's Row 2 Trailer / Saint's Row 2 Gangs Trailer / Fallout 3 Trailer / Fallout 3 Teaser / Fallout 3 Gameplay 1: Escape / Fallout 3 Gameplay 2: Megaton / Fallout 3 Gameplay 3: The Wasteland / Fallout 3 Gameplay 4: Super-Duper Mart / Fallout 3 Gameplay 5: Tenpenny Tower / Far Cry 2: Anything Goes / Far Cry 2: Whos Who / Space Trader Trailer / X3: Terran Conflict Intro Trailer / X3: Terran Conflict Think / X3: Terran Conflict - Think (German) / X3: Terran Conflict - Trade / X3: Terran Conflict - Trade (German) / Red Faction: Guerrila Multiplayer Gameplay / Silent Hill: Homecoming Intro Trailer / Tomb Raider: Undeworld - Beneath the Sea Gameplay / Tomb Raider: Undeworld - Mexico / Empire: Total War Trailer / Multiwinia Offical Trailer / Left 4 Dead TV Spot 1 - 1080p / Left 4 Dead TV Spot 1 - 720p / X3: Terran Conflict - Build / Left 4 Dead Intro / Left 4 Dead Intro (French) / Left 4 Dead Intro (German) / Left 4 Dead Intro (Russian) / Left 4 Dead Intro (Spanish) / On the Rain-Slick Precipice of Darkness, Episode Two Trailer / Call of Duty: World at War Trailer / Left 4 Dead TV Spot 2 - 720p / Left 4 Dead TV Spot 2 - 1080p / Eve Online: Quantum Rise Trailer / Grand Theft Auto IV / Defense Grid Trailer / World in Conflict - Teaser Trailer / World in Conflict - Destruction Gameplay Trailer / Prince of Persia Launch Trailer / Spore Trailer / Mass Effect Trailer / Command and Conquer: Red Alert 3 / Need for Speed: Undercover Trailer / Mirrors Edge Trailer / Dead Space Trailer / Spore Creepy and Cute Trailer / Company of Heroes: Tales of Valor Trailer / Aquaria Trailer / Strong Bad Episode 5: 8-Bit Is Enough Trailer / Strong Bad Episode 3: Baddest of the Bands Trailer / Strong Bad Episode 4: Dangeresque 3 Trailer / Strong Bad Episode 2: Strong Badia the Free Trailer / Quantum of Solace Trailer 1 / Quantum of Solace Trailer 2 / F.E.A.R 2: Project Origin Trailer 1 / F.E.A.R 2: Project Origin Trailer 2 / Command and Conquer: Red Alert 3 Trailer 2 / Everquest: Secrets of Faydwer Trailer / Everquest: Seeds of Destruction Trailer / Everquest II: Rise of Kunark Trailer / Everquest II: The Shadow Odyssey Trailer / Vanguard: Saga of Heroes Trailer / Pirates of the Burning Sea Trailer / Monster Trucks Nitro Trailer / Empire: Total War - Naval Battles / Empire: Total War - Land Battles / Empire: Total War - Campaign / Empire: Total War - Multiplayer / Empire: Total War - Road to Indepdence / Grand Ages Rome Trailer 2 / Ceville Trailer / The Maw Trailer / Tom Clancy's EndWar Trailer / The Maw: Brute Force Trailer / Tom Clancy's EndWar Launch Trailer / World in Conflict: Soviet Assault Trailer / Empire: Total War Launch Trailer (English) / Empire: Total War Launch Trailer (French) / Empire: Total War Launch Trailer (German) / Empire: Total War Launch Trailer (Dutch) / Empire: Total War Launch Trailer (Polish) / Empire: Total War Launch Trailer (Spanish) / Empire: Total War Launch Trailer (UK) / Unreal Tournament 3 Titan Trailer / Zeno Clash Trailer / EVE Online: Apocrypha - 720p / EVE Online: Apocrypha - 1080p / Wallace & Gromit's Grand Adventure Teaser Trailer / The Path Trailer / Grey's Anatomy: The Video Game Trailer / Caster Trailer / Wanted Teaser / The Maw - River Redirect Trailer / Drakensang Trailer / Drakensang Trailer (DE) / Far Cry 2: Fortunes Pack Trailer / Obulis Trailer / Osmos Trailer / FLOCK! Trailer 1 / FLOCK! Trailer 2 / Elven Legacy Trailer / Wheelman Trailer / R.U.S.E Trailer / Battlestations Pacific Trailer / F.E.A.R 2: Project Origin - Toy Soldiers / R.U.S.E In-Game Trailer / Savage 2: A Tortured Soul Trailer / Grand Ages Rome - City Building Trailer / Guildwars: Factions Trailer / Guildwars: Nightfall Trailer / City of Heroes Trailer / RFG Tools of Destruction 1 / RFG Tools of Destruction 2 / RFG Tools of Destruction 3 / RFG Tools of Destruction 4 / City of Heroes Intro Trailer / Killing Floor Trailer / Hearts of Iron III Trailer / Street Fighter 4 Trailer / Velvet Assassin Music Trailer / Puzzlegeddon Trailer / Terminator Salvation Trailer / Call of Juarez: Bound in Blood Story Trailer / RFG Dev Diary / Necrovision Trailer / The Path Story Trailer / Call of Duty: World at War - Map Pack / Call of Duty: World at War - Verruckt / Call of Duty: World at War - Zombies / Damnation Steampunk Trailer / Damnation The Levels Trailer / Damnation The Moves Trailer / Red Faction: Guerrilla Tactics Trailer / Team Fortress 2: Meet the Spy / ARMA 2 Trailer / Prototype Reveal Trailer / Prototype Story Montage / RFG Tools of Destruction 6 / Red Faction Guerrilla Story / Red Faction Guerrilla Storyline Video / Left 4 Dead 2: E3 Teaser / FUEL Trailer / FUEL Trailer (UK) / FUEL Trailer (DE) / Overlord II Trailer / Splinter Cell Conviction E3 Gameplay / Splinter Cell Conviction E3 Trailer / America's Army 3 Teaser / America's Army 3 Authenticy / America's Army 3 Basic Combat Training / America's Army 3 New Features / America's Army 3 Technology / Global Agenda - No Elves Trailer / Mini Ninjas E3 Trailer / Assassins Creed 2 E3 Trailer / Just Cause 2 Trailer / Mini Ninjas HIRO Vignette / Rogue Warrior Trailer / Oblivion Game of the Year Edition Trailer / Rail Sim Trailer / Prototype Launch Trailer / Prototype Intro / America's Army 3 Long Trailer / Ghostbusters Trailer / Ghostbusters: Rule2 Traps / ARMA 2 USMC Trailer / ARMA 2 In Game Footage / ARMA 2 Citizens Trailer / Cities XL Trailer / Call of Juarez 2: Brothers Trailer / Dawn of War II - Tyranids vs. Eldar / Dawn of War II - Space Marines vs. Orks / Trine Teaser Trailer / Trine Trailer / Tales of Monkey Island Trailer / Droplitz Trailer / Team Fortress 2: Meet the Spy (Russian) / Trine Trailer 3 / Bionic Command Rearmed Trailer / Bionic Commando Trailer / Champions Online Teaser / Order of War Trailer / X3 Terran Conflict 2.0 Trailer / Anno 1404 Trailer / Anno 1404 Mood Trailer / Batman Arkham Asylum Combat / Batman Arkham Asylum Invisible / Batman Arkham Asylum Joker / Divinity 2 - Trailer 1 (English) / Divinity 2 - Trailer 1 (German) / Divinity 2 - Trailer 2 (German) / Divinity 2 - Trailer 2 (English) / Divinity 2 - Trailer 3 (English) / Divinity 2 - Trailer 3 (German) / Cloudy with a Chance of Meatballs - Trailer / Foreign Legion: Buckets of Blood Trailer / Cricket Revolution Gameplay / Cricket Revolution Trailer / Dawn of Discovery Intro / EVE Online Butterfly Effect / Drug Wars Trailer - No Price / Raven Squad Trailer / Darkest of Days Time Periods / Darkest of Days Instructional Trailer / Darkest of Days Trailer / Section 8 Teaser Trailer / Trine Trailer 4 / R.U.S.E. E3 Demo Part 1 / R.U.S.E. E3 Demo Part 2 / Bookworm Adventures 2 / CSI Deadly Intent / Heroes Over Europe / Batman Arkham Asylum Gadgets Trailer / Batman Arkham Asylum Demo Trailer / Ashes Cricket 2009 - Great Players Trailer / Ashes Cricket 2009 - Tunnel Trailer / Ashes Cricket 2009 - World of Cricket Trailer / Wolfenstein Trailer HD / Mini Ninjas - Gameplay Trailer (EU) / Mini Ninjas - Gameplay Trailer (US) / Mini Ninjas - Suzume Trailer (EU) / Mini Ninjas - Suzume Trailer (US) / Crash Time 2 Trailer / Assassins Creed 2 Developer Diary / Section 8 E3 Trailer / Heroes Over Europe - Ace Kill Trailer / Dawn of War 2 - Last Stand / Call of Juarez Bound in Blood - Feature Trailer / Heroes Over Europe - Environments / Heroes Over Europe - Planes / Aliens vs Predator Marine Reveal Trailer / World of Zoo Trailer / Nation Red Trailer / Mini Ninjas - Kunoichi Trailer (EU) / Mini Ninjas - Kunoichi Trailer (US) / Mini Ninjas - Launch Trailer (EU) / Mini Ninjas - Launch Trailer (US) / Batman Arkham Asylum Launch Trailer (EU) / Batman Arkham Asylum Launch Trailer / Heroes Over Europe - Multiplayer Trailer / Empire: Total War - Warpath Campaign (English) Trailer / Empire: Total War - Warpath Campaign (Russian) Trailer / Empire: Total War - Warpath Campaign (Italian) Trailer / Napoleon: Total War Trailer / Empire: Total War - Warpath Campaign (German) Trailer / Risen Trailer / Empire: Total War - Warpath Campaign (French) Trailer / Napoleon: Total War (German) Trailer / Napoleon: Total War (French) Trailer / Napoleon: Total War (Polish) Trailer / Napoleon: Total War (Spanish) Trailer / Napoleon: Total War (Italian) Trailer / Napoleon: Total War (Russian) Trailer / Empire: Total War - Warpath Campaign (Polish) Trailer / Empire: Total War - Warpath Campaign (Spanish) Trailer / cities xl / Modern Warfare 2 - Reveal Trailer / Modern Warfare 2 - MultiPlayer Trailer / Modern Warfare 2 - Gameplay Trailer / Need for Speed SHIFT Trailer / Command & Conquer Red Alert 3 Uprising Trailer / MOHA Trailer / NBA 2K10 / Tom Clancy's Splinter Cell Conviction - Numbers / Dreamkiller Trailer / Borderlands Trailer / Metal Drift Trailer / cities game play / Operation Flashpoint - Dragon Rising Weapons Trailer / Operation Flashpoint - Dragon Rising Multiplayer Trailer / Race On Trailer / Doom Rails Trailer / SAW Trailer / Ninja Blade Trailer / Dragon Age Origins Main Trailer / Dragon Age Origins Gameplay Trailer / Dragon Age Origins Stone Prisoner Trailer / Dragon Age Origins Blood Dragon Armor Trailer / Dragon Age Origins Wardens Keep Trailer / Dragon Age Origins Sacred Ashes_2 Trailer / AI War Trailer / Massive Assault Network 2 Trailer / Massive Assault Phantom Renaissance Trailer / Dawn of War II - The Last Stand Developer Diary / Dangerous High Schools in Trouble Trailer / R.U.S.E. - Pump Fake Strategy Trailer / Torchlight Alchemist Trailer / Torchlight Vanquisher Trailer / Torchlight Destroyer Trailer / Tom Clancy's Splinter Cell - Conviction TGS Walk-Thru Video / AvP - Alien Gameplay / Aztaka Trailer / Men of War Red Tide Trailer / Modern Warfare 2 Infamy Trailer / Shattered Horizons Trailer / Zombie Bowl-O-Rama Trailer / Defence Alliance 2 Trailer / East India Company Privateer Trailer / Serious Sam HD Trailer / Killing Floor Level Up Trailer / James Camerons AVATAR - THE GAME Trailer / Command and Conquer 3 Tiberium Wars Trailer / Star Trek DAC Trailer / Sacred 2 Ice and Blood Trailer / Command and Conquer 3 Kanes Wrath Trailer / Shattered Horizon Soundtrack Trailer / James Camerons Avatar - The Game - Developer Diary 2 / Shattered Horizon Escalation Trailer / SpellForce Platinum Trailer / Devil May Cry 4 / Left 4 Dead 2 - TV Spot 2 / Just Cause 2 No Ordinary Trailer / King Arthur Trailer / Altitude Trailer / Serious Sam HD Happy Trailer / Serious Sam Supermercial / Command & Conquer 4 Announcement Trailer / Shattered Horizon Silent Running Trailer / DiRT 2 Trailer / Kings Bounty Armored Princess Trailer / James Camerons Avatar - The Game - Navi Gameplay Trailer / DiRT 2 Steam Trailer / AI War Trailer with Sound / Blood Bowl Trailer / Star Wars Galaxies Trailer / James Camerons Avatar - The Game - Developer Diary 3 / Left 4 Dead 2 Final TV Spot / Star Trek Online Gameplay Trailer / Serious Sam HD Release Trailer / Borderlands Zombie Island DLC Trailer / Crash Time 3 PEGI Trailer / Crash Time 3 PEGI Trailer 2 / Mass Effect 2 Trailer / James Camerons Avatar - The Game - Developer Diary 4 / Altitude Trailer 2 / Virtua Tennis 2009 Final Trailer / Fallout 3 Operation Achorage Trailer / Fallout 3 Broken Steel Trailer / Fallout 3 Mothership Zeta Trailer / Fallout 3 Point Lookout Trailer / Fallout 3 Bloodless Trailer / EVE Online Dominion Trailer / Everquest Underfoot Trailer / Americas Army 3 Full Trailer / Americas Army 3 Authenticity Trailer / Americas Army 3 Basic Combat Training Trailer / Americas Army 3 New Features Trailer / Americas Army 3 Technology Trailer / Just Cause 2: The Laws of Physics Trailer / Napoleon Trailer - Story Mode / Europa Universalis III Heir to the Throne Trailer / ARMA II Eagle Wing Trailer / Kane and Lynch 2 Trailer / Kane & Lynch 2 Burger Joint Trailer / Zero Gear Trailer / Nuclear Dawn Teaser Trailer / Kane & Lynch 2 Bowling for Shanghai Video / Foreign Legion Buckets of Blood Gameplay Trailer / Prince of Persia Forgotten Sands / James Camerons Avatar - The Game - Launch Trailer / Tom Clancy's Splinter Cell Conviction - Co-op Trailer / Just Cause 2  An Island In Chaos Trailer / Dragon Age Origins Awakening Trailer / Dark Void Trailer / Supreme Commander 2 Trailer / Greed Trailer / Vancouver 2010 UK Trailer / Vancouver 2010 Spain Trailer / Vancouver 2010 Italian Trailer / Vancouver 2010 German Trailer / Vancouver 2010 French Trailer / Vancouver 2010 Australian Trailer / Vancouver 2010 Dutch Trailer / Battlefield: Bad Company 2 Squad Story Trailer / AI War The Zenith Remnant Trailer / Greed Gameplay Trailer / Lego Indiana Jones 2 Trailer / Battlefield: Bad Company 2 Limited Edition Unlocks Trailer / Battlefield: Bad Company 2  E3 Trailer / Battlefield: Bad Company 2 Moments Episode 3 Panama Canal / Battlefield: Bad Company 2 - Moments Episode 2 Arica Harbour / Battlefield: Bad Company 2 Moments Episode One Trailer / Aliens vs. Predator Classic 2000 Trailer / 4x4 Hummer Trailer / Lord of the Rings Online Trailer / Warnings at Waverly Academy Trailer / Global Agenda Launch Trailer / Alien Breed Trailer / Galcon Fusion Trailer / Bob Came in Pieces Trailer / Silent Hunter V - Dynamic Campaign Trailer / Mass Effect 2 Launch Trailer / EverQuest II Sentinels Fate Trailer / Toki Tori Trailer / Sonic and SEGA All-Stars Racing Trailer / Secrets of the Magic Crystals Trailer / Order of War Challenge Trailer / Simplz Zoo Trailer / Lost Planet Extreme Condition Colonies Edition / lost planet / Star Wolves 3 Civil War Trailer / Aliens vs. Predator Story Trailer / Aliens vs. Predator Story Trailer (French) / Aliens vs. Predator Story Trailer (Italian) / Aliens vs. Predator Story Trailer (Spanish) / Metro 2033 Trailer / Speedway League Gameplay Trailer / Order of War Challenge ESRB Trailer / Cake Mania Main Street Trailer / Westward IV Trailer / Iron Roses Trailer / Metro 2033 Third Trailer / Metro 2033 3rd Trailer / Front Mission Evolved Trailer / Stargate Resistance Trailer / The Saboteur Trailer / Shattered Horizon Moonrise Trailer / Shatter Trailer / Super Laser Racer Trailer / Fallout New Vegas Teaser Trailer / Supreme Commander 2 Colossus Trailer / Supreme Commander 2 Noah Unit Cannon / Supreme Commander 2 Pulinsmash / Supreme Commander 2 Bomb Bouncer Unit Trailer / Supreme Commander 2 AC1000 Unit Trailer / Fluttabyes Trailer / KrissX Trailer / KrissX Trailer Actual / Mole Control Trailer / Borderlands The Secret Armory of General Knoxx / Silent Hunter 5 Trailer / Splinter Cell Conviction Story Trailer / Settlers 7 Economy Tutorial Trailer / Settlers 7 Victory Points Trailer / Just Cause 2 Freedom and Chaos Trailer / Settlers 7 Victory Points ESRB Trailer / R.U.S.E. Open Beta Improvements / Just Cause 2 Demo Trailer Actual 2 / Metro 2033 Ghosts of the Metro Trailer Actual / Mole Control Trailer 2 / RUSE Open Beta Introduction / Silent Hunter 5 - Launch Trailer / Prince of Persia Forgotten Sands - Gameplay Reveal Trailer / Silent Hunter 5 - Gameplay Trailer / Sol Survivor Trailer / Sol Survivor Trailer 2 / Command and Conquer 4 Cinematics Trailer / Command and Conquer 4 Multiplayer Trailer / Dragon Age Origins Awakening Launch Trailer / MLB 2K10 Trailer / Avencast Trailer / Just Cause 2 Launch Trailer / Batman Game of the Year Edition Trailer / Sam & Max The Devils Playhouse / 2XL Supercross Trailer / The Scourge Project: Episode 1 and 2 Trailer / Dark Void Zero Trailer / Order of War Challenge Teaser Trailer / Serious Sam HD The Second Encounter Announcement Video / The Misadventures of P.B. Winterbottom Trailer / Lead and Gold Launch Trailer / Lead and Gold Trapper Trailer / Supreme Commander 2 Flowfield Trailer / Supreme Commander 2 Multiplayer Trailer / Supreme Commander 2 Story Final Trailer / Supreme Commander 2 Tech and Strategy Trailer / Grand Theft Auto - Episodes from Liberty City Trailer / Lead and Gold Release Trailer / Splinter Cell Conviction Multiplayer Part 3 / Splinter Cell Conviction Multiplayer Part 2 / Splinter Cell Conviction Multiplayer Part 1 / Prince of Persia Forgotten Sands Gameplay Trailer / Luftwaffe_teaser / Wings of Luftwaffe Trailer / ArmA II CDF Trailer / ArmA II NAPA Trailer / M.U.D. TV Trailer / Rise of Prussia Trailer / Im Not Alone Trailer / Worms Reloaded Trailer / Tomb Raider Legend Trailer / Just Cause 2 Launch Trailer - French / Just Cause 2 Launch Trailer - Italian / Just Cause 2 Launch Trailer - Spanish / Aquanox Trailer / Aquanox2 Trailer / Trine Path To New Dawn Trailer / BLUR1_trailer / BLUR2_trailer / BLUR3a_trailer / BLUR4_trailer / WhisperedWorld Trailer / BoosterTrooper Trailer / Agatha Christie: Murder on the Orient Express Trailer / Agatha Christie: And then there were none Trailer / Agatha Christie: Evil under the sun Trailer / shatteredHorizon_firepower / Altitude_Gameplay_April2010 / Serious Sam HD The Second Encounter Launch Video / Serious Sam HD The Second Encounter - House of Sam Video / Sid Meiers Civilization V Teaser / Rocket Knight Launch Trailer / F.E.A.R. Teaser Trailer 1 / F.E.A.R. E3 Trailer 1 / FEAR - E3 Trailer / FEAR - Teaser Trailer / Iron Grip Warlord Trailer / Prince of Persia Forgotten Sands Opening Cinematic / Max and the Magic Marker / All Points Bulletin - Trailer / Chrome Trailer 1 / Chrome - SpecForce Trailer 1 / BLUR Trailer 3 / StargateResistance / Guns Of Icarus 1 / BLUR Trailer 2 / Medal of Honor Trailer / DogFighter Trailer 1 / Fallout: New Vegas / Fallout: New Vegas / GratuitousSpaceBattlesSwarm / Super Meat Boy Trailer 2 / Sniper Ghost Warrior Trailer 3 / Prince of Persia Forgotten Sands Launch Trailer / Sniper Ghost Warrior Trailer 1.1 / Sniper Ghost Warrior Trailer 2.1 / Lara Croft Announce Trailer 1 / DogFighter Trailer 1.3 / F.E.A.R. 3 Trailer / Napoleon: Total War - Peninsular Campaign / Alien Swarm Launch Video / Free Yourself - 5.26.2010 / Eve Online - Tyrannis / Alien Breed Impact Trailer / Age of Conan - Rise of the Godslayer Trailer / Arma 2 - Operation Arrowhead Trailer / Ziro Steam Trailer / eversion Trailer / Jolly Rover Trailer / Hearts of Iron III - Semper Fi Trailer / Team Fortress 2 - Mac Trailer / Alien Breed Impact Trailer 1.1 / Voodoo Dice Singleplayer Trailer / Voodoo Dice Multiplayer Trailer / Fallout New Vegas trailer / Portal 2 Teaser / Homefront Teaser trailer / Homefront Back Story trailer / Puzzle Dimension trailer / Red Faction Armageddon Trailer / KL2 Arcade Mode English (PEGI) / KL2 Arcade Mode (French) / KL2 Arcade Mode (German) / KL2 Arcade Mode (Italian) / KL2 Arcade Mode (Spanish) / KL2 Arcade Mode (English) / KL2 Cops Robbers Mode - English (PEGI) / KL2 Cops Robbers Mode (French) / KL2 Cops Robbers Mode (Italian) / KL2 Cops Robbers Mode (Spanish) / KL2 Cops Robbers Mode (English) / KL2 Cops Robbers Mode (German) / KL2 Fragile Alliance Mode  - English (PEGI) / KL2 Fragile Alliance Mode (French) / KL2 Fragile Alliance Mode (German) / KL2 Fragile Alliance Mode (Italian) / KL2 Fragile Alliance Mode (Spanish) / KL2 Fragile Alliance Mode (English) / KL2 She Better Be Worth It - English (PEGI) / KL2 She Better Be Worth It (French) / KL2 She Better Be Worth It (German) / KL2 She Better Be Worth It (Italian) / KL2 She Better Be Worth It (Russian) / KL2 She Better Be Worth It (Spanish) / KL2 She Better Be Worth It (English) / KL2 Undercover Cop Mode (French) / KL2 Undercover Cop Mode (German) / KL2 Undercover Cop Mode (Italian) / KL2 Undercover Cop Mode (Spanish) / KL2 Undercover Cop Mode (English) / KL2 Undercover Cop Mode - English (PEGI) / Transformers Revel Trailer / Shrek Forever After Trailer / Singularity Trailer / TDU2 Trailer / Razor2 Trailer / Numen_Eng / Guild2AO / TheGuild2 / Guild2AO_No2 / Harry Potter (Lego) - Trailer / X3 Terran Conflict Trailer 2.6 / Portal 2 E3 Demo (Wheatley) / Portal 2 E3 Demo (Excursion Funnels) / Portal 2 E3 Demo (Faith Plates) / Portal 2 E3 Demo (Lasers) / Portal 2 E3 Demo (Suction) / Portal 2 E3 Demo (Bounce) / Alien Breed Impact Co-op Trailer / Arma 2 - Operation Arrowhead Trailer 2 / Portal 2 E3 Demo (Propulsion Gel) / Sacrobar Trailer / Sniper Ghost Warrior Basic Tactics / Puzzle Agent Trailer / Front Mission Evolved E3 Trailer / Front Mission Evolved Trailer 2 / Moon Base Alpha Trailer / Darwinia_ESRB / 4elements_moive / Eschalon_book2 / Black _Shark_Trailer1 / black_shark_overview / Disciples III - Renaissance Trailer / Future Wars Trailer / MotorM4X Trailer / Rhythm Zone Trailer / Blacklight Tango Down Teaser / Blacklight Tango Down Madness Of War Trailer / Arcania Trailer / Chaser Trailer / Guill 2 Renaissance / Medal of Honor - Limited Edition / Medal of Honor - WOLF / Medal of Honor - MISSIONS / Medal of Honor - Announce Long / Medal of Honor - T6E3SP / Medal of Honor - E3MP / Tidalis Launch Trailer / Tidalis Extended Trailer / Alien Swarm Gameplay Video / Fallen Earth - Better Off / Fallen Earth - Sniper / Fallen Earth - Reviews / Global Agenda Mashup / Burn Zombie Burn Trailer / GREED - Final / Rig n Roll Trailer / The Guild 2: Renaissance Trailer / Mafia II - Dev Diary 1 / Mafia II - Dev Diary 2 / Mafia II - Dev Diary 3 / Mafia II - Boom Boom / Mafia II - E3 Trailer / Worms Reloaded Trailer 2 / Lara Croft Guardian of Light Trailer 2 (PEGI) / DC Universe Online - E3 Trailer / Trainz 2010 Trailer / WMC Twice in a Blue Moon Trailer / Deus Ex Human Revolution Trailer / AC_Dead_Mans_Folly_Trailer / Buried_In_Time_Trailer / DeadTime_Stories_Trailer / Paradise Quest Trailer / Treasures_of_the_Serengeti Trailer / WMC A Darker Shade / WMC Death_in_Scarlet Trailer / AlterEgo Trailer / Commander - CotA Trailer / Kane & Lynch 2 - Focus on the Job - PEGI (EN) / Kane & Lynch 2 - Focus on the Job - ESRB (EN) / Kane & Lynch 2 - Focus on the Job (FR) / Kane & Lynch 2 - Focus on the Job (IT) / Kane & Lynch 2 - Focus on the Job (ES) / Kane & Lynch 2 - Focus on the Job (DE) / Kane & Lynch 2 - You Think You Can Kill Me (DE) / Lara Croft Guardian of Light Trailer 2 (ESRB) / Kane & Lynch 2 - You Think You Can Kill Me (PEGI) (EN) / The Ball Trailer 1 / Kane & Lynch 2 - You Think You Can Kill Me (ESRB) (EN) / Kane & Lynch 2 - You Think You Can Kill Me (IT) / Kane & Lynch 2 - You Think You Can Kill Me (ES) / Kane & Lynch 2 - You Think You Can Kill Me (FR) / DC Universe Online Trailer 2 / Puzzle Quest 2 Trailer / Dungeon Siege 3 Trailer / Power of Defense Trailer / H.A.W.X. 2 Trailer / Horrid Henry Trailer / Ziro Trailer / Nation Red Trailer / Burn Zombie Burn Trailer 2 / Kane & Lynch 2 - Most Notorious Criminals (ES) / Kane & Lynch 2 - Most Notorious Criminals (ESRB) (EN) / Kane & Lynch 2 - Most Notorious Criminals (DE) / Kane & Lynch 2 - Most Notorious Criminals (PEGI) (EN) / City of Heroes - Going Rogue Trailer / SimCity 4 - Rush Hour Expansion Pack Trailer / F1 2010 Trailer / Football Manager 2011 Dev Diary / Cossacks Trailer / Aura2 Trailer / swarmArena / ARMA II - British Armed Force Trailer / Aura Trailer / Blade Kitten Trailer / ArcaniA Trailer2 / Demolition Company Trailer / Nuclear Dawn Trailer / H.A.W.X.2 Story Trailer / Dead Rising 2 Trailer / R.U.S.E. Divide and Conquer Trailer / Patrician IV Teaser / Patrician IV Teaser - DE / Ship Simulator Spoof / BladeKittenTrailer 2 / chime04 / Ship Simulator - Release Trailer / Brink - Teaser Trailer / Brink - Trailer 2 / Space Marine / Call of Duty - Black OPS Trailer / Hunted - Trailer / Call of Duty - Black OPS Multiplayer Teaser / vvvvvv Trailer / MOH - Fallen Angel / Kane & Lynch 2 - DLC Trailer (DE) / Kane & Lynch 2 - DLC Trailer (ES) / Kane & Lynch 2 - DLC Trailer (ESRB) (EN) / Kane & Lynch 2 - DLC Trailer (IT) / Kane & Lynch 2 - DLC Trailer (PEGI) (EN) / Kane & Lynch 2 - DLC Trailer (FR) / Chime Preview Trailer 2 / NyxQuest Trailer / Portal 2 Co-op Trailer / Chime01 / chime03Tutorial / chime03Markus / Portal 2 PAX Trailer / Delve Deeper Trailer / Alien Breed 2 Trailer / Lost Planet 2 Trailer / Bloody Good Time Clown Trailer (EN) / Bloody Good Time Clown Trailer (FR) / Bloody Good Time Clown Trailer (IT) / Bloody Good Time Clown Trailer (DE) / Bloody Good Time Clown Trailer (ES) / Star Ruler - Trailer / MOH - Part 4 / MOH - Part 3 / MOH - Part 2 / Mount & Blade WB / KB Crossworlds 1 / MOH - Part 5 / Lost Horizon Trailer / Airforte Preview / Haunted House Trailer 1 / Haunted House Trailer 2 / Shank Trailer / Left 4 Dead - The Sacrifice Teaser / Governor of Poker 2 / NBA 2K11 / NBA 2K11 Trailer / Polynomial Trailer / NBA 2K11 Training Video / Polynomial Trailer 2 / Shank Trailer 2 / Shank 2 - PEGI / X-Superbox Trailer / Diamon Dan Trailer / Winter Voices Trailer English / Shank Trailer 2 - PEGI / Winter Voices Trailer French / GWEN Trailer / X Superbox Trailer / Recettear Trailer (JP) / GWEN / MOH - Launch Trailer / MOH - Accolade / MOH - Real Deal / MOH - Mindset / Homefront / MX vs ATV Trailer / Grotesque Tactics Trailer / Doc Clock Gameplay Trailer / Arcania Release Trailer / Cities XL 2011 - Trailer (French) / Cities XL 2011 Trailer / Cities XL 2011 - Trailer ESRB / MX vs ATV Reflex Trailer / ProtoGalaxy Trailer / The Ball Launch Trailer / Railworks 2 Trailer / The Ball Launch Trailer 1 / The UnderGarden Trailer / DOW2 Retribution Trailer / DOW2 Retribution Tyranid Trailer / DOW2 Retribution Eldar Trailer / Ever Quest - House of Thule ESRB Gameplay Trailer / Swords & Soldiers Trailer / Arcadia Trailer / Railworks 2 Trailer 2 / Puzzle Bots Trailer / Blood Bowl Legendary Edition / Blood Bowl Legendary Edition - French / LEGO Universe / MOH - Accolade 2 / Nimbus Trailer / Tommy Tronic Trailer / Hegemony - Philip of Macedon Trailer / Nimbus Trailer 1 / DogFighter - Mongoose / DogFighter - The Old Gods / AI War Children of Neinzul Trailer / AI War New Trailer / Dragon Age Origins Ultimate Edition Trailer / Empire Earth Gold Trailer / Empire Earth II Gold Trailer / Empire Earth III Gold Trailer / Free Running Trailer / Lords of the Realm III Trailer / James Bond - Blood Stone / FS2011 Trailer / German FS2011 Trailer / Bloody Good Time Launch Trailer (DE) / Bloody Good Time Launch Trailer (IT) / Bloody Good Time Launch Trailer (ES) / Bloody Good Time Launch Trailer (EN) PEGI / Bloody Good Time Launch Trailer (FR) / BIT.TRIP BEAT Trailer / Dungeon Siege III Trailer 2 / Bejeweled 3 Trailer / Pat & Mat Trailer / Pound of Ground Trailer / AlternativA Trailer / Fish Fillets 2 Trailer / Divinity II - The Dragon Knight Saga Trailer / Guardians of Graxia Trailer / Emergency 2012 Trailer / Woody Two Legs (2) / Poker Night at the Inventory Trailer / Pound of Ground Trailer 2 / Men of War Assault Squad Trailer / Railworks 2 Flying Scotsman Trailer / Archon Classic Trailer / Clones Trailer / Alien Breed 3 Trailer / Zen Bound 2 Trailer / Blue Toad Murder Files Trailer / The Witcher 2 Trailer / naild Trailer / Flight Control HD Trailer / Ion Assault Trailer / Dungeon Defenders Trailer / Zombie Driver Blood Race Trailer / The Witcher 2 Game Play Censored Trailer / Power of Defense 1 Trailer / Red Orchestra 2 - Heroes of Stalingrad / Global Agenda (DE) Trailer / Power of Defense Trailer / System Protocol One Trailer / Rift Trailer / Emergency 2012 Trailer new / ARMA2 PMC Trailer / RUSH Trailer / Diamon Dan ESRB Trailer / CrimeCraft Bleedout Trailer / Greed Corp Trailer / Deus Ex Human Revolution Gameplay Trailer / Battlefield Bad Company 2 - VIP Map Pack 7 / Test Drive Unlimited 2 ESRB Trailer / Test Drive Unlimited 2 PEGI Trailer / Homefront - Dev Diary 2 / Homefront - Dev Diary 1 (ESRB) / Homefront - Dev Diary 1 (German) / HF - Dev Diary 1 (French) / Homefront - Dev Diary 1 (Spanish) / Killing Floor Christmas 2010 Trailer / Dungeon Trailer / The First Templar - Trailer / Monday Night Combat Trailer / Doc Clock Trailer 1.1 / Deus Ex Human Revolution Extended Cut (EN) (PEGI) / Deus Ex Human Revolution Extended Cut (ES) / Deus Ex Human Revolution Extended Cut (FR) / Deus Ex Human Revolution Extended Cut (IT) / Deus Ex Human Revolution Extended Cut (RU) / Deus Ex Human Revolution Extended Cut (EN) (ESRB) / Serious Christmas Trailer / Civ V DLC / Dive to the Titanic Trailer / Munchs Oddysee Trailer / Strangers Wrath Trailer / Back to the Future Trailer / Clickr Trailer / Neverwinter Nights 2 Trailer / NWN2 - Mask of the Betrayer Trailer / Kaptain Brawe Trailer / Ride Em Low Trailer / ARES Trailer / Two Worlds II Trailer / Two Worlds II Trailer PEGI / Two Worlds II Trailer ESRB / Drawn The Painted Tower Trailer / Drawn The Painted Tower Intro Trailer / Gratuitous Space Battle Galactic Conquest Trailer / Homefront - Dev Diary  3 / Dragon Age 2 - Rise To Power / Dragon Age 2 - Destiny / APOX Trailer / Home Front Developer Diary 3 / A.R.E.S. Extinction Agenda Trailer / Zeit2 Dev Diary / Mishap 2 Commercial / Mishap 2 Intro Trailer / Total War Shogun 2 - Music Dev Diary UK (EN) / Total War Shogun 2 - Music Dev Diary (ES) / Total War Shogun 2 - Music Dev Diary (IT) / Total War Shogun 2 - Music Dev Diary (DE) / Total War Shogun 2 - Music Dev Diary (FR) / Total War Shogun 2 - Music Dev Diary AU (EN) / Total War Shogun 2 - Gameplay UK (EN) / Total War Shogun 2 - Gameplay (RU) / Total War Shogun 2 - Gameplay (PL) / Total War Shogun 2 - Gameplay (IT) / Total War Shogun 2 - Gameplay (FR) / Total War Shogun 2 - Gameplay (ES) / Total War Shogun 2 - Gameplay (DE) / Total War Shogun 2 - Gameplay AU (EN) / Total War Shogun 2 - Battle Report (IT) / Total War Shogun 2 - Battle Report (FR) / Total War Shogun 2 - Battle Report (ES) / Total War Shogun 2 - Battle Report UK (EN) / Total War Shogun 2 - Battle Report AU (EN) / Total War Shogun 2 - Battle Report (DE) / Total War Shogun 2 - Gameplay (SPA) / Total War Shogun 2 - Assassination UK (EN) / Total War Shogun 2 - Assassination (IT) / Total War Shogun 2 - Assassination (FR) / Total War Shogun 2 - Assassination (ES) / Total War Shogun 2 - Assassination (DE) / Total War Shogun 2 - Assassination AU (EN) / Total War Shogun 2 - Announcement (IT) / Total War Shogun 2 - Announcement (FR) / Total War Shogun 2 - Announcement (ES) / Total War Shogun 2 - Announcement UK (EN) / Total War Shogun 2 - Announcement AU (EN) / Total War Shogun 2 - Announcement (DE) / Total War Shogun 2 - Story (RU) / Total War Shogun 2 - Story (IT) / Total War Shogun 2 - Story (FR) / Total War Shogun 2 - Story (ES) / Total War Shogun 2 - Story US (EN) / Total War Shogun 2 - Story UK (EN) / Total War Shogun 2 - Story AU (EN) / Total War Shogun 2 - Story (DE) / Secret of the Magic Crystals Trailer / EVE Online - Incursion / Crasher Trailer / Whos that flying 1 Trailer / EU3 Divine Wind Trailer1 / EU3 Divine Wind Trailer2 / Magicka Trailer / Dead Space 2 Trailer / Dead Space 2 Gameplay Trailer / Trino Trailer / Test Movie 2 Electric Boogaloo / The Sims 3 Trailer / The Sims 3 World Adventures Trailer / The Sims 3 Ambitions Trailer / The Sims 3 Late Night Trailer / The Sims 3 High End Loft Stuff Trailer / The Sims 3 Fast Lane Stuff Trailer / Breach Trailer / Breach Gadgets Trailer / MNC Launch Trailer / Space Rangers 2 Trailer / ShipSim Sigita DLC / Rift PvP Trailer / King Arthur Druids Trailer / King Arthur Druids Trailer 2 / Doc Clock Gameplay Review / Gratuitous Space Battles Galactic Conquest Trailer / AI War Lite of the Spire Trailer / Assassins Creed 2 ESRB Trailer / Bloody Good Time ESRB Trailer / Monday Night Combat Crossfire Trailer / Monday Night Combat LaseRazor Trailer / Monday Night Combat AmmoMule Trailer / You Dont Know Jack 2 Trailer / Atom Zombie Smasher Trailer / Deus Ex Human Revolution - Adam Jensen (EN) (ESRB) / Deus Ex Human Revolution - Adam Jensen (ES) / Deus Ex Human Revolution - Adam Jensen (RU) / Deus Ex Human Revolution - Adam Jensen (IT) / Deus Ex Human Revolution - Adam Jensen (DE) / Deus Ex Human Revolution - Adam Jensen (FR) / Deus Ex Human Revolution - Adam Jensen (EN) (PEGI) / Crasher Launch Trailer / Cities in Motion Trailer / Zeit2 Trailer / Space Chem Trailer / Space Chem How To Trailer / Total War SHOGUN 2 - CGI Intro (EN) (PEGI / Total War SHOGUN 2 - CGI Intro (EN) (ESRB) / Total War SHOGUN 2 - CGI Intro (RU) / Total War SHOGUN 2 - CGI Intro (DE) / Total War SHOGUN 2 - CGI Intro (IT) / Total War SHOGUN 2 - CGI Intro (FR) / Total War SHOGUN 2 - CGI Intro (EN) (OFLC) / Total War SHOGUN 2 - CGI Intro (ES) / Total War SHOGUN 2 - CG Intro (EN) (PEGI) / Total War SHOGUN 2 - CG Intro (DE) / Total War SHOGUN 2 - CG Intro (ES) / Total War SHOGUN 2 - CG Intro (FR) / Total War SHOGUN 2 - CG Intro (IT) / Total War SHOGUN 2 - CG Intro (EN) (OFLC) / Dungeon Siege III Loyalty Trailer / Total War SHOGUN 2 - CG Intro (ENG) (OFLC) / Total War SHOGUN 2 - CG Intro (ESP) / You Dont Know Jack PC Trailer / Homefront Resistance Trailer / Majesty 2 Monster Kingdom Gameplay / Lineage 2 High Five Trailer / Majesty 2 Monster Kingdom Trailer / Crasher New Launch Trailer / Portal 2 Valentines / CreaVures Trailer / HOARD Trailer / Agricultural Simulator 2011 / Majesty 2 Battles of Ardania Trailer / Majesty 2 Battles of Ardania Release Trailer / Back to the Future Ep 2 Trailer / Drakensang The River of Time Trailer / Dead Island Trailer / Assassins Creed Brotherhood - Multiplayer / Assassins Creed Brotherhood - Story / Painkiller Redemption Trailer / Cloning Clyde Trailer / Proto Defense Trailer / BUTTON Trailer / Sanctum Trailer / Dreamcast Collection Trailer / FNV DLC - Dead Money / FNV Dead Money - DLC / BIT.TRIP RUNNER Trailer / Detour Trailer / Fate of the World Trailer / Dreamcast Collection Trailer (EN) (ESRB) / Dreamcast Collection Trailer (IT) / Dreamcast Collection Trailer (EN) (OFLC) / Dreamcast Collection Trailer (ES) / Dreamcast Collection Trailer (FR) / Dreamcast Collection Trailer (DE) / Dreamcast Collection Trailer (EN) (PEGI) / Total War Shogun 2 - Announcement U.S. (EN) / Total War Shogun 2 - Assassination U.S. (EN) / Total War Shogun 2 - Music Dev Diary U.S. (EN) / Total War Shogun 2 - Story U.S. (EN) / Total War Shogun 2 - Gameplay U.S. (EN) / ARMA II - CDF Trailer (ESRB) / ARMA II - ChDKZ Trailer (ESRB) / ARMA II - Civilian Trailer (ESRB) / ARMA II - NAPA Trailer (ESRB) / ARMA II - Russian Trailer (ESRB) / ARMA II Trailer (ESRB) / ARMA II - USMC Trailer (ESRB) / Dungeon Siege III Gameplay Trailer / Gothic 3 Forsaken Gods Trailer / IL-2 Sturmovik - Cliffs of Dover / Magicka Vietnam Trailer / Civ V Polynesia Trailer / Brink Gameplay Weapons Trailer / Homefront TV Spot / Revenge of the Titans trailer / Brink Podcast 4 / Homefront Multiplayer Trailer / Shadow Harvest Trailer / DOW2 Retribution Release Trailer / Garshasp Trailer / PAM Trailer / Might & Magic Heroes VI Trailer / Fractal Trailer / Darkspore French Trailer / Darkspore German Trailer / Darkspore English Trailer / Darkspore Russian Trailer / Darkspore Polish Trailer / Battle Los Angeles Trailer / Homefront Launch Trailer / Homefront History Trailer / LEGO Star Wars III The Clone Wars Trailer / Post Apocalyptic Mayhem Trailer / PAM Logger Intro / PAM Space Cowboy Intro / PAM Childhood Intro / Theatre of War Korea Trailer / Dirt 3 Trailer DE / Dirt 3 Trailer ES / Dirt 3 Trailer FR / Dirt 3 Trailer IT / Dirt 3 Trailer French / Dirt 3 Trailer UK / Dirt 3 Trailer US / Dirt 3 Keep it Real DE / Dirt 3 Keep it Real ES / Dirt 3 Keep it Real FR / Dirt 3 Keep it Real IT / Dirt 3 Keep it Real UK / Dirt 3 Keep it Real US / Red River Trailer US / Red River Trailer GR / Red River Trailer FR / Red River Trailer UK / HOARD ESRB Trailer / Call of Duty - Black Ops Firsk Strike Trailer / Portal 2 - Panels Short (English) / Portal 2 - Panels Short (French) / Portal 2 - Panels Short (german) / Portal 2 - Panels Short (Russian) / Dirt 3 Teaser Trailer ESRB / Dirt 3 Teaser Trailer PEGI / Portal 2 - Bot Trust Short (English) / Portal 2 - Bot Trust Short (French) / Portal 2 - Bot Trust Short (German) / Portal 2 - Bot Trust Short (Russian) / Kick It / Portal 2 Turrets / Portal 2 Turrets (German) / Portal 2 Turrets (Russian) / Portal 2 Turrets (French) / Anomaly Warzone Earth Trailer / STCC The Game 2 Trailer / Gothic 3 Forsaken Gods Enhanced Edition Trailer / GT Power Pack Trailer / Garshasp - The Monster Slayer Trailer / Magicka Vietnam Release Trailer / Portal 2 - Boots Short (English) / Portal 2 - Boots Short (French) / Portal 2 - Boots Short (German) / Portal 2 - Boots Short (Russian) / Next Big Thing ESRB / Next Big Thing French / The Ball Portal / BIT.TRIP.PORTAL / Kick It Portal / Global Agenda Free-to-Play / Runaway Twist of Fate Trailer / SSF IV AE Yun vs. Yang Gameplay / SSF IV AE Evil Ryu vs. Oni Gameplay / Universe Sandbox / BIT.TRIP BEAT GLaDOS Invasion / Section 8 Prejudice Trailer / Armada 2526 Trailer / Scratches Trailer / Dungeon Siege III - Reinhart Trailer / Dungeon Siege III - Katarina Trailer / Dungeon Siege III - Lucas Trailer / Section 8 Prejudice PC launch Trailer / Fable III Announce Trailer / Fable III Opening Trailer / Red Faction Armageddon - Kara Trailer / Portal 2 - Launch TV Ad / Majesty 2 Collection Trailer / The Tiny Bang Story Trailer / Cargo Trailer / Hydrophobia Prophecy Trailer / Your Doodles Are Bugged Trailer / Monday Night Combat Tullys Trailer / Dino D-Day Trailer 2 / Space Marine Developer Diary 1 / Saints Row The Third First Gameplay Trailer / DCS A10C Warthog Trailer / Anno 2070 Trailer / Magicka Marshlands Trailer / Still Life Trailer / Still Life 2 Trailer / Super Street Fighter IV Arcade Edition Trailer / Fable III - Video Documentary (ESRB) / Fable III - Video Documentary / Fable III - Video Documentary (PEGI) / Hydrophobia Prophecy Launch Trailer / Hector Episode One Trailer / Capsized Trailer / The First Templar Gameplay Trailer / The First Templar Gameplay Trailer PEGI / Inside a Star-Filled Sky Trailer / Dinner Date Trailer / Nuclear Dawn Spring Teaser trailer / Capsized Release Trailer / Back to the Future Episode 4 Trailer / EYE Trailer / BEEP / Dwarfs Trailer / Portal 2 Remix Trailer / Vertex Dispenser / Civ V DLC Denmark Trailer / Civ V DLC Explorers Map Pack Trailer / RFA Infestation Trailer / Syberia Trailer / Syberia II Trailer / Red Faction Armageddon Infestation Trailer / Red Faction Armageddon Kara Trailer / Civ V DLC - Denmark Trailer / Civ V DLC - Explorers Map Pack Trailer / Vertex Dispenser Trailer / Deus Ex Human Revolution HUD / Deus Ex Human Revolution - 3 Ways to Play / Deus Ex Human Revolution AMD Eyefinity / Fortix 2 Trailer / Steel Storm Burning Retribution Trailer / Lume Trailer / WTCC 2010 Expansion / Call of Duty Black Ops - Escalation Trailer / Call of Duty Black Ops Escalation Trailer / Runespell Overture Teaser / Call of Duty Black Ops - Call of the Dead Trailer / AVA Prison Break / AVA Death Valley / Star Raiders ESRB Trailer / Sanctum Glade Trailer / Star Raiders Trailer / PAM DLC Pack Trailer / APOX Legend Trailer / Final Fantasy XI Ultimate Collection - Abyssea Edition (FR) / Final Fantasy XI Ultimate Collection - Abyssea Edition (DE) / Final Fantasy XI Ultimate Collection - Abyssea Edition / Terraria Trailer / iBomber Defense Trailer / FFXI Ultimate Collection - Abyssea Edition (EN) (ESRB) / FFXI Ultimate Collection - Abyssea Edition (DE) (USK) / FFXI Ultimate Collection - Abyssea Edition (FR) (PEGI) / FFXI Ultimate Collection - Abyssea Edition (EN) (PEGI) / Dead Island - Tragedy Hits Paradise (PEGI) / Dungeon Siege III - Anjali Trailer / Dead Island - Tragedy Hits Paradise (ESRB) / Spiral Knights Announcement Trailer / Shattered Horizon Last Stand Trailer / King Arthur Collection Trailer / ARMA II Eagle Wing Trailer / Ancients of Ooga Trailer / Ancients of Ooga Trailer 2 / The Witcher 2 Developer Diary 2.1 / Detour Launch Trailer / Battle vs. Chess Trailer / Red Faction Armageddon Breaking the Seal Trailer / Naval Warfare Trailer / The Witcher 2 Hope Trailer / The Witcher 2 Hope Release Trailer / Call of Juarez The Cartel PEGI Trailer / Call of Juarez The Cartel Trailer / Frozen Synapse Trailer / Call of Juarez The Cartel PEGI English Trailer / Sims 3 Generations DLC Trailer / Razer Hydra Motion Controller With Portal 2 / Razer Hydra Motion Controller in Portal 2 / Serious Sam 3 BFE Teaser Trailer / Metro Last Light Teaser Trailer / Hamilton's Great Adventure Trailer / Ghostbusters Sanctum of Slime DLC Trailer / Ghostbusters Sanctum of Slime DLC PEGI Trailer / E.Y.E Divine Cybermancy - Rotten Mound Trailer / E.Y.E Divine Cybermancy - MOTRA Trailer / Trainz Simulator 12 / LIMBO Trailer / Might & Magic Heroes VI Beta Trailer / Might & Magic Heroes VI Beta PEGI Trailer / Dead Island - Begins (ESRB) / Dead Island - Begins (PEGI) / Hacker Evolution Duality Trailer / Jamestown Trailer / Pride of Nations Trailer / Saints Row: The Third Announcement Trailer / Tropico 4 Coming Soon Trailer / Forsaken World Trailer / Sanctum Facility Trailer / The Cat and the Coup Trailer / Solar 2 Trailer / STORM Frontline Nation Trailer / Critical Mass Trailer / Gods and Heroes Rome Rising Trailer / Champions Online Free for All Trailer / Beat Hazard Ultra Trailer / Razer Hydra - Portal Surfing / Frozen Synapse MP Trailer / Magicka PVP Trailer / The Witcher 2 Trailer Russian / Gods and Heroes Rome Rising Trailer 2 / Back to the Future Episode 5 Trailer / Supreme Ruler 2020 Gold Trailer / Team Fortress 2: Meet the Medic / Team Fortress 2 Free to Play / Trapped Dead Trailer / AVA Infection trailer / Hearts of Iron III For the Motherland Trailer / Puzzle Agent 2 Trailer / Killing Floor Summer Sideshow / Rock of Ages - Humor Trailer / Rock of Ages - PowerUps Trailer / Rock of Ages - Rolling through the Ages Trailer / Air Conflicts - Secret Wars Trailer / Rift Hammerknell Trailer / Sanctum 4-player Trailer / Dungeons of Dreadmor Trailer / Call of Duty - Black Ops Annihilation Trailer / Breath of Death VII Trailer / Cthulhu Saves the World Trailer / Driver San Francisco Trailer / Space Marine Chaos Revealed Trailer / Space Marine Combat System / Lucid Gameplay Trailer / Defy Gravity Trailer / War Inc. Battlezone Trailer / Tobe's Vertical Adventure Trailer / Legend of Fae Trailer / Saints Row: The Third Story Trailer / Space Pirates and Zombies Trailer / Mount and Blade - With Fire and Sword Trailer / Mount and Blade - Warband Trailer / Saints Row: The Third Developer Commentary Trailer / From Dust Trailer / Chantelise Trailer / Nancy Drew Secrets Can Kill Trailer / Nancy Drew Trail of the Twister Trailer / Stronghold 3 Trailer / Serious Sam 3 Headless Kamikaze Trailer / Renegade Ops - Gameplay Trailer (PEGI) / Renegade Ops - Gameplay Trailer (USK) / Renegade Ops - Gameplay Trailer (OFLC) / Renegade Ops - Gameplay Trailer (ESRB) / Renegade Ops - Teaser Trailer (OFLC) / Renegade Ops - Teaser Trailer (PEGI) / Renegade Ops - Teaser Trailer (USK) / Metal Drift Game Play Trailer / Jagged_Alliance_BIA_ESRB / Martino test 2 / Jagged Alliance BIA Trailer (PEGI) / Gundemonium ReCollection Trailer / E.Y.E. Divine Cybermancy Gameplay Trailer 2 / Nancy Drew Captive Curse Trailer / Dead Horde Trailer / Fallout New Vegas: Old World Blues / Renegade Ops - Game Modes (ESRB) / Renegade Ops - Game Modes (OFLC) / Renegade Ops - Game Modes (DE) (USK) / Renegade Ops - Game Modes (FR) (PEGI) / Renegade Ops - Game Modes (EN) (PEGI) / Renegade Ops - Game Modes (IT) (PEGI) / Renegade Ops - Game Modes (EN-UK) (PEGI) / Renegade Ops - Game Modes (ES) (PEGI) / Renegade Ops - Game Modes (EN) / Nuclear Dawn Resources Tutorial / From Dust ESRB Trailer / Dino D-Day Video / Pirates of Black Cove Teaser / Supreme Ruler: Cold War Trailer / Metro Last Light E3 Demo Trailer / Pirates of Black Cove Trailer / From Dust Launch Trailer / Space Marine Cinematic Trailer / Aion: Assault on Balaurea Trailer / TRAUMA Trailer / Bastion Trailer / The Clockwork Man Trailer / Quake 4 Trailer / Doom 3 Trailer / Worms Ultimate Mayhem Trailer / Space Marine Multiplayer Trailer / Red Faction Armageddon Path to War Trailer / Doom 3 Trailer 2 / Doom 3 Trailer 3 / Doom 3 Trailer 1 / Storm Official Trailer / Doom 3 Final Trailer / Hard Reset Teaser / Ignite Teaser / Wasteland Angel Teaser / Hitogata Happa Trailer / GundeadiGne Trailer / Rage Trailer / Civilization V - Korea DLC PEGI / Civilization V - Ancient World DLC ESRB / Civilization V - Ancient World DLC PEGI / Civilization V - Korea DLC ESRB / Deus Ex Purity First Trailer / The Baconing Trailer / EDGE Trailer / Avadon: The Black Fortress Trailer / Nuclear Dawn Trailer_1 / Space Marine Developer Diary 3 / Rage - Blake Griffin / Rage - Making of Wasteland / Dota 2 Teaser / Red Orchestra 2 Remembering Trailer / Blocks That Move - Trailer 2 / Rage - Making of Legacy / Rage - Making of Arsenal / Dota2 Gamescom Trailer / Call of Duty Modern Warfare 3 Reveal Trailer / Football Manager 2012 Match Engine Footage (WIP) / Dead Rising 2 - Off the Record E3 2011 Trailer / Football Manager 2012 Adaptable Layout Video / Rage - The Sound and The Art / Dead Rising 2 - Off the Record Gameplay Trailer / Dead Rising 2 - Off the Record Electric Crusher Trailer / Blocks That Matter - Trailer 1 / The Baconing Gameplay Trailer / Alien Hallway Trailer / Bunch of Heroes Trailer / Hard Reset Trailer / Gundemonium Recollection Promo Trailer / Rugby Challenge Trailer / Rock of Ages - Rock Beats Everything Trailer / Saints Row: The Third Luchadores Trailer / F1 2011 Trailer Pegi / F1 2011 Dev Diary 2 ESRB / F1 2011 Dev Diary 2 PEGI / F1 2011 Trailer ESRB / F1 2011 Dev Diary 1 ESRB / F1 2011 Dev Diary 1 PEGI / Crimecraft: Bleedout Gameplay Trailer / Crimecraft: Bleedout Accolades Trailer / Crimecraft: Bleedout Episodic Trailer / Dead Island - Fight Together Trailer (PEGI) / Dead Island - Fight Together Trailer (ESRB) / Serious Sam 3 - Serious Chaos Trailer / Rugby Challenge Main Trailer / Counter-Strike: GO - Intro Trailer / Post Mortem Trailer / Hard Reset Story Trailer / SHOGUN 2 - Rise of the Samurai (RU) (PEGI) / The Baconing Launch Trailer / SHOGUN 2 - Rise of the Samurai (EN) (PEGI) / GundeadliGne Gameplay Trailer / Serious Sam Double D - Gameplay video / Serious Sam Double D - Gunstacker Video / Achron Launch Trailer / Achron Gameplay Trailer / Robin Hood Trailer / SHOGUN 2 - Rise of the Samurai (ES) (PEGI) / Dead Rising 2 - Off the Record Sandbox Trailer / Red Orchestra 2 Multiplayer Gameplay Video / SHOGUN 2 - Rise of the Samurai (POL) (PEGI) / Red Orchestra 2 Multiplayer Gameplay Trailer / Homefront - The Rock Map Pack Trailer ESRB / Homefront - The Rock Map Pack Trailer BBFC / Homefront - The Rock Map Pack Trailer / Homefront - The Rock Map Pack Trailer PEGI / Wargame: European Escalation Trailer / SHOGUN 2 - Rise of the Samurai (IT) (PEGI) / SHOGUN 2 - Rise of the Samurai (DE) (PEGI) / SHOGUN 2 - Rise of the Samurai (FR) (PEGI) / Gatling Gears - Trailer / Space Marine Brothers Trailer / Space Marine Weapons Trailer / Space Marine Enemies Trailer / Rock of Ages - Coming Soon Trailer / Wasteland Angel Release Trailer / The Binding of Isaac Trailer / Dead Island Launch Trailer (ESRB) / Astro Tripper Trailer / Dead Island Launch Trailer (PEGI) / Rugby Challenge Gameplay Trailer / Rugby Challenge Stadium Creation / Rugby Challenge Visual Presentation / Rugby Challenge Trailer Main / PT Boats South Gambit Trailer / PT Boats Knights of the Sea Trailer / Rugby Challenge Game play Trailer / Rugby Challenge Online Trailer / A Game of Thrones-Genesis Trailer / Hamilton's Great Adventure Release Trailer / Wasteland Angel Trailer 2 / PT Boats: South Gambit Trailer / PT Boats: Knights of the Sea Trailer / The Haunted: Hells Reach Trailer / Dungeons: The Dark Lord PEGI Trailer / Dungeons: The Dark Lord ESRB Trailer / Nuclear Dawn Commander Tutorial / The Haunted: Hells Reach Trailer New / Wasteland Angel Release Trailer 3 / Hard Reset Launch Trailer / Saints Row: The Third Deckers Trailer / Xotic Trailer / Xotic Overview Trailer / Xotic Weapons Trailer / Xotic Points and Leadboards Trailer / Demolition Inc Trailer / Nancy Drew: Shadow at the Water's Edge Trailer / Worms Ultimate Mayhem 3D Deformation Trailer / Worms Ultimate Mayhem Single Player Trailer / Call of Duty Black Ops - Rezurrection Content Pack ESRB Trailer / Call of Duty Black Ops - Rezurrection Content Pack Trailer / Call of Duty: Black Ops - Rezurrection Content Pack PEGI Trailer / Payday: The Heist Trailer / Orcs Must Die Trailer / Orcs Must Die Video / Call of Duty: Black Ops - Rezurrection Content Pack Trailer / Call of Duty: Black Ops - Rezurrection Content Pack ESRB Trailer / Rusty Hearts Trailer / Global Agenda Recursive Colony Trailer / The Cursed Crusade Templars Curse Trailer Ger / The Cursed Crusade Fighting Trailer Ger / The Cursed Crusade Fighting Trailer EN / The Cursed Crusade Templars Curse Trailer Eng / Iron Grip: Marauders Trailer / Fallout: New Vegas - Lonesome Road DLC / Rusty Hearts E3 Trailer / Worms Ultimate Mayhem Customization Trailer / The Witcher 2 Version 2.0 Trailer / Bunch of Heroes test / Rusty Hearts Launch Trailer / ROBT / A Game of Thrones-Genesis Official Trailer / The Witcher 2 Version 2.0 Trailer / Railwork 3 Trailer / Stronghold3 Gameplay / The Clockwork Man: The Hidden World Trailer / Hector Episode Two Trailer / Hector Episode Three Trailer / Rise of the Immortals Trailer / F1 2011 Dev Diary 3 PEGI / F1 2011 Dev Diary 3 ESRB / PAM DLC Fuzz Trailer / PAM DLC TOWer Trailer / PAM DLC Ice Scream Trailer / Off-Road Drive Trailer / PC Gamer Digital Trailer / EDGE Extended Trailer / Rift: Ashes of History Trailer / Worms Ultimate Mayhem Comedy Trailer / Worms Ultimate Mayhem Release Trailer / Gratuitous Space Battles - The Parasites DLC Trailer / Psychonauts New Trailer / Rise of Immortals Launch Trailer / Iron Grip: Marauders Gametour Trailer / Hamilton's Great Adventure: Retro Fever Trailer / NBA 2K12 Trailer / Serious Sam Random Encounter - Gameplay Trailer / F1 2011 Launch Trailer PEGI / F1 2011 Launch Trailer ESRB / Men of War: Assault Squad Trailer / Memoir '44 Online Trailer Eng / Memoir '44 Online Trailer French / The Cursed Crusade Templars Curse Trailer German / The Cursed Crusade Templars Curse Trailer English / The Cursed Crusade Fighting Trailer German / Men of War: Assault Squad Launch Trailer / The Sims 3 Pets Trailer / The Baconing Roesha DLC Trailer / PC Gamer Digital EP1 Teaser / PC Gamer Digital EP2 Teaser / Dungeon Defenders Pre-Order Teaser / Dungeon Defenders Dev Diary 1 / Costume Quest Trailer / PC Gamer Digital EP3 Teaser / Worms Crazy Golf / Worms Crazy Golf Britanna Trailer / Might & Magic Heroes VI Gamescom PEGI Trailer / Steel Storm: Burning Retribution Editor Trailer / Alien Zombie Megadeath Trailer / Data Jammers: FastForward Trailer / Take On Helicopters Trailer / Assassin's Creed Revelations E3 Trailer / Assassin's Creed Revelations Cinematic Trailer / Smash Cars Trailer / Stronghold 3 Economy Trailer / Stronghold 3 Military Trailer / Stronghold 3 DevDiary2 Trailer / Stronghold 3 DevDiary1 Trailer / Darksiders II Announce Trailer / Might & Magic Heroes VI Launch Trailer / Toki Tori w Announce Trailer / PC Gamer Digital EP4 Teaser / Batman Arkham City Trailer / Lightfish Trailer / Sequence Launch Trailer / Sequence How to Play Trailer / Assassin's Creed Revelations Story Trailer / Cities XL 2012 Trailer / Saints Row: The Third Shock and Awesome Trailer / Sideway New York Trailer / Worms Crazy Golf Pirate Cave Trailer / Assassin's Creed Revelations Multiplayer Trailer / Global Ops: Commando Libya Trailer / Dungeon Defenders Launch Trailer / Retribution Tau Commander Trailer / Airline Tycoon 2 Trailer ESRB / Airline Tycoon 2 Trailer PEGI / Call of Duty: Modern Warfare 3 Redemption Trailer / Waves Trailer / Take on Helicopters - Ship Rescue / Take on Helicopters - Tutorial / Lord of the Rings: War in the North Trailer / Sequence How to Play Trailer Steam / SkyDrift Trailer / The Adventures of Tintin: The Game E3 Trailer / Orcs Must Die Artifacts of Power Trailer / The Cursed Crusade Cinematic Trailer / PC Gamer Digital EP5 Teaser / Gemini Rue Trailer / Trine 2 Co-op Trailer / Ignite Trailer / Crazy Machines 2 Halloween DLC / Sniper: Ghost Warrior 2 ESRB / Sniper: Ghost Warrior 2 Unrated / Sniper: Ghost Warrior 2 USK / Sniper: Ghost Warrior 2 PEGI / Bunch of Heroes - Horror Pack Trailer / Gemini Rue Trailer wmv / inMomentum Teaser / inMomentum Trailer / Take on Helicopters - Launch Trailer / Xotic Reviews Trailer / Memoir '44 Online Trailer English / Dungeon Defenders Halloween DLC Trailer / Bloodline Champions Launch Trailer / Jurassic Park Trailer / Jurassic Park Behind the Scenes Trailer / APB Reloaded Trailer / DC Universe Online Free to Play trailer / Call of Duty Modern Warfare 3 Strike Package Assault Trailer / Call of Duty: Modern Warfare 3 Launch Trailer / SkyDrift: Gladiator Pack Trailer / SkyDrift: Extreme Fighters Trailer / Call of Duty: Modern Warfare 3 Launch Trailer 1 / Sonic Generations Trailer / Serious Sam 3: BFE Weapons Trailer / Serious Sam 3: BFE Melee Attacks Trailer / Race: Injection Trailer / Worms Crazy Golf Graveyard Trailer / Worms Crazy Golf Carnival Course Trailer / A Stroke of Fate: Operation Valkyrie Trailer / Dead Mountaineer Trailer / Postal 3 Trailer / Real Warfare 2: Northern Crusades Trailer - Russian / Real Warfare 2: Northern Crusades Trailer / Rochard Trailer / The Elder Scrolls V: Skyrim - Live Action Trailer / The Elder Scrolls V: Skyrim - Full Trailer / Serious Sam Random Encounter Launch Trailer / Dungeon Defenders Dev Kit and CTF Trailer / Sword of the Stars II Trailer / Rochard Launch Trailer / Steel Storm: Burning Retribution Weapon Pack DLC / PC Gamer Digital EP6 Teaser / Total War: SHOGUN 2 Blood Pack Trailer / Grotesque Tactics 2 - Trailer / Sins: Trinity Opening Cinematic / RIFT Ember Isle Trailer / L.A. Noire Trailer / Cave Story+ Trailer / Serious Sam 3: BFE Launch Trailer / AaaaaAAaaaAAAaaAAAAaAAAAA!!! for the Awesome Trailer / Cave Story+ Launch Trailer / Dungeon Defenders The Great Turkey Hunt Trailer / Dungeon Defenders Hero Swap Trailer / Dungeon Defenders Great Turkey Hunt Trailer / Terraria New Trailer / Dungeon Defenders Heroes Swap Trailer / Total War: SHOGUN 2 Fall of the Samurai ESRB / Total War: SHOGUN 2 Fall of the Samurai PEGI / Magicka: The Stars Are Left Trailer / Flatout 3 Chaos & Destruction Publisher Trailer / Flatout 3 Chaos & Destruction Trailer / Flatout 3 Chaos & Destruction Teaser / Batman Arkham City Robin DLC / Everquest 2 F2P Announce Trailer / Batman Arkham City Nightwing DLC Trailer / Jagged Alliance - Back in Action Teaser PEGI / Jagged Alliance - Back in Action Teaser ESRB / Crimecraft: Gangwars Trailer / Crimecraft: Gangwars Territory Wars Producer Video / APB Reloaded Take 2 / Defense Grid - You Monster DLC Trailer / Everquest 2 Free to Play. Your Way. Teaser / Earth Defense Force: Insect Armageddon Trailer / Stronghold Kingdoms Trailer / Crazy Machines 2: Happy New Year / PoxNora Trailer / Dungeons of Dredmor Realm of the Diggle God Trailer / QUBE Trailer / X3: Albion Prelude Trailer / Demoigod Trailer / PoxNora Sizzle Trailer / Saints Row: The Third Shark Attack Trailer / Saints Row: The Third Explosive Combat Trailer / Assassin's Creed Revelations Ancestors Char Pack Trailer / Saints Row: The Third Z Pack Trailer / Duke Nukem Forever: The Doctor Who Cloned Me Trailer / Dungeon Defenders - Quest for the Lost Eternia Shards Trailer / Bunch of Heroes - Holiday Pack Trailer / Fable - The Lost Chapters Trailer / Dungeon Defenders Holiday Trailer / Saints Row: The Third Warrior Pack / Crimecraft Gangwars Snow Brawl Trailer / King Arthur II Trailer / LEGO Harry Potter Years 5-7 Trailer / Choplifter HD Trailer / King Arthur II Teaser / The Darkness II Trailer / Titan Attacks Trailer / PC Gamer Digital EP7 Teaser / X3: Albion Prelude Now Available / Age of Empires III: Complete / Rotastic Trailer / Darksiders II Death Lives Trailer / Super MNC Announce Trailer / Saints Row: The Third Shark Attack DLC Trailer / Jagged Alliance - Back in Action Pre-order Trailer ESRB / Jagged Alliance - Back in Action Pre-order Trailer PEGI / Choplifter HD Trailer ESRB 2 / Blackwell Convergence Trailer / Blackwell Legacy Trailer / Evochron Mercenary Trailer / Blackwell Unbound Trailer / Blackwell Deception Trailer / Total War: SHOGUN 2 Fall of the Samurai PEGI 1 / Magic: The Gathering - Tactics / Total War: SHOGUN 2 Fall of the Samurai ESRB 1 / Dustforce Gameplay Trailer / Dustforce Trailer / Cities in Motion: US Cities Trailer / Saints Row: The Third Genkibowl VII Trailer / Kingdoms of Amalur: Reckoning Trailer / Dear Esther Trailer / Sonic CD Trailer / Titan Attacks Launch Trailer / The Darkness 2 Trailer / Unstoppable Gorg Gameplay Trailer / Unstoppable Gorg Launch Trailer / Insane 2 Trailer / Storm in a Teacup Trailer / Total War: SHOGUN 2 Fall of the Samurai Spanish / Total War: SHOGUN 2 Fall of the Samurai Polish / Total War: SHOGUN 2 Fall of the Samurai Italian / Total War: SHOGUN 2 Fall of the Samurai German / Total War: SHOGUN 2 Fall of the Samurai French / Total War: SHOGUN 2 Fall of the Samurai Russian / Jagged Alliance - Back in Action Trailer 4 ESRB / Jagged Alliance - Back in Action Trailer 4 PEGI / Max Payne 3 Trailer / Serious Sam 2 Trailer / Star Trek Online F2P Trailer / Oil Rush Trailer / ACR Mediterranean Traveler Map Trailer / ACR Mediterranean Traveler Map Trailer ESRB / SOL Exodus Trailer / Darksiders II Behind the Scenes Trailer / Law & Order Episode 1 Trailer / Law & Order Episode 3 Trailer / Law & Order Episode 2 Trailer / Scary Girl Trailer / Brawl Busters Trailer / Brawl Busters I Brawl Therefore I Am Trailer / Fallen Earth F2P Trailer / Pixeljunk Eden Trailer / Aliens Colonial Marines PEGI / Aliens Colonial Marines / Aliens Colonial Marines CTC / Aliens Colonial Marines USK / Aliens Colonial Marines BBFC / Aliens Colonial Marines Spanish / Aliens Colonial Marines Italian / Aliens Colonial Marines French / Pineapple Smash Crew Trailer / Dungeon Defenders - Barbarian Hero Trailer / King Arthur II Launch Trailer / The Darkness II Launch Trailer / 1000 Amps Trailer / Kingdoms of Amalur: Reckoning Launch Trailer / Mortal Kombat Kollection Trailer / Pixeljunk Eden Final Trailer / SnuggleTruck Trailer / Gotham City Imposters / Gotham City Imposters CGI Trailer / Fallout: New Vegas Ultimate Edition Trailer / Scoregasm Trailer / Wargame: European Escalation Steam Trailer / Alan Wake Trailer / Wargame: European Escalation Beta Trailer / Wargame: European Escalation Beta Trailer German / Wargame: European Escalation Beta Trailer French / Starpoint Gemini Trailer / Dungeon Defenders - Etherian Festival of Love Trailer / Vessel Trailer / Vessel Invention Report Trailer / Max Payne 3 Trailer 2 / Realm of the Mad God Trailer / Dinner Date Release Trailer / Crusader Kings II Trailer / Dungeon Defenders Presidents Day Trailer / Risen 2 Trailer PEGI / Wargame Launch Trailer / Fallen Earth Free2Play Trailer / Risen 2 Trailer ESRB / Serious Sam A Retrospective / Really Big Sky Retro Trailer / Really Big Sky Trailer / Wizorb_trailer / Take On Helicopteres Hinds Trailer / Auditorium Trailer / TOH_Hinds / Auditorium Release Trailer / Take On Helicopters  Hinds Trailer / Painkiller Recurring Evil Trailer / Total War Shogun 2 Fall of the Samurai Trailer AUS / Total War Shogun 2 Fall of the Samurai Trailer ENG / Total War Shogun 2 Fall of the Samurai Trailer INT PEGI / Total War Shogun 2 Fall of the Samurai Trailer GER / Total War Shogun 2 Fall of the Samurai Trailer FR / Total War Shogun 2 Fall of the Samurai Trailer UK PEGI / Total War Shogun 2 Fall of the Samurai Trailer SPA / Total War Shogun 2 Fall of the Samurai Trailer RUS / Total War Shogun 2 Fall of the Samurai Trailer POL / Total War Shogun 2 Fall of the Samurai Trailer ITA / Janes Advanced Strike Fighters Trailer ESRB / Janes Advanced Strike Fighters Trailer PEGI / Tropico 4 Modern Times Trailer PEGI / Tropico 4 Modern Times Trailer ESRB / Pandora Saga Trailer / Total War Shogun 2 Fall of the Samurai Trailer DE / Total War Shogun 2 Fall of the Samurai Trailer GERMAN / Tropico 4 Modern Times Trailer DE / iBomber Defense Pacific Trailer / Luxor Evolved Gameplay Trailer / Cubemen Trailer / Cubemen Trailer 2 / Containment Trailer / Stacking Trailer / Stacking PC Trailer / Fowl Space Trailer / Cubemen Trailer 3 / City of Heroes Freedom Trailer / City of Heroes Freedom F2P Trailer / Rayman Origins Trailer / All Zombies Must Die Trailer / Nexuiz Trailer / Myst V Trailer / Assassins Creed III Trailer / Defenders of Ardania Trailer / Total War Shogun 2 Samurai Reveal / DCUO Battle for Earth Trailer / Hegemony Gold Trailer / Dungeon Defenders Quest for the Lost Eternia Shards Part 2 Trailer / Take On Helicopters  Hinds  Trailer 2 / YS The Oath in Felghana / Crazy Machine Elements Trailer / Lunar Flight Trailer / Waveform Trailer / City of Heroes Issues 22 Trailer / Gunes of Icarus Online Trailer / Gunes of Icarus Online Game Play Trailer / Saints Row The Third The Trouble with Clones Trailer / Fall of the Samurai Story ESRB Trailer / Fall of the Samurai Announcement ESRB Trailer / Yesterday Trailer / CME DLC GF and TR Trailer / CME DLC CC and MA Trailer / Adams Venture Episode 1 Trailer / Mutant Storm Reloaded Trailer / Game of Thrones Trailer / Ridge Racer Unbounded Trailer / Age of Empires Online Trailer / Toki Tori 2 Teaser Trailer / Sleeping Dogs Trailer / Sleeping Dogs Live Trailer / Shoot Many Robots Meet the Enemies Trailer / Shoot Many Robots Customize Trailer / Shoot Many Robots Launch Trailer / Stellar Impact Trailer / Gettysburg Release Trailer / Age of Empires Online Overview Trailer / Age of Empires Online Skirmish Trailer / Confrontation Teaser Trailer / Blades of Time Trailer / Legend of Grimrock Launch Trailer / Risen 2 Dark Waters CGI Trailer PEGI English / Risen 2 Dark Waters CGI Trailer ESRB / Fireburst Trailer 2 / Fireburst Trailer 1 / Risen 2 Dark Waters CGI Trailer PEGI German / Risen 2 Dark Waters Trailer 2 USK / Risen 2 Dark Waters Trailer 2 PEGI Ger / Risen 2 Dark Waters Trailer 2 PEGI ESP / Risen 2 Dark Waters Trailer 2 PEGI ITA / Risen 2 Dark Waters Trailer 2 PEGI France / City of Heroes Issue 22 Trailer / Dungeon Defenders Series EV Trailer / English Country Tune Trailer / Forsaken World Nightfall Trailer / Game of Thrones Epic Plot Trailer / Age of Empires Online Celts Trailer / Microsoft Flight Launch Trailer PEGI French / Microsoft Flight Launch Trailer PEGI German / Microsoft Flight Launch Trailer PEGI Italian / Microsoft Flight Launch Trailer PEGI Spanish / Microsoft Flight Launch Trailer PEGI / Microsoft Flight Trailer ESRB / Retro City Rampage Trailer / Retro City Rampage Cereal Trailer / Condemned Heroes Prima Trailer / MacGuffins Curse Trailer / Sins of a Solar Empire Rebellion Teaser / Krater Teaser / Krater Trailer / Guns of Icarus Online Game Play Trailer / Hack Slash and Loot Trailer / Botanicula Trailer / Sniper Elite V2 Trailer / DiRT Showdown Announcement / DiRT Showdown What Goes on Tour / DiRT Showdown Destruction / DiRT Showdown  8 ball / Avernum Escape From the Pit Trailer / World of Battles Morning Star Trailer / World of Battles Morning Star Gameplay Trailer / Insanely Twisted Shadow Planet Trailer / Insanely Twisted Shadow Planet Hunter Trailer / Revelations 2012 / McGuffins Curse Trailer HD / Avernum_Escape_From_the_Pit_Trailer / Port Royale 3 Teaser Trailer / Avernum EFTP Trailer / Max Payne 3 Multiplayer / Max Payne 3 Design and Tech Video 3 / Max Payne 3 Design and Tech Video 2 / Noitu Love 2 Devolution / Superbrothers Sword and Sworcery EP Trailer / Streetfighter X Tekken Trailer / Deep Black Trailer 2 / McGuffins Curse Tailer / McGuffins Curse Tailer HD2 / Revelations 2012 Battlegrounds Tutorial / Revelations 2012 Trailer / Deep Black Trailer / The Walking Dead Teaser / The Walking Dead Trailer / The Walking Dead Preorder Trailer / SuperMNC Overview Trailer / Mount and Blade Napoleonic Wars Trailer / AZMD Scorepocolypse / Lone Survivor Trailer / RIFT Infernal Dawn Trailer / Sonic 4 Episode II ESRB Trailer / Sonic 4 Episode II PEGI Trailer / Fall of the Samurai Acclaim ESRB Trailer / A Valley Without Wind Trailer / Resident Evil Operation Raccoon City / To The Moon Trailer / Prototype 2 Trailer 1 / Prototype 2 Trailer 2 / Toy Soldier Trailer / Toy Soldier Gameplay Trailer / Serious Sam 3 Mac Trailer / Call of Duty Modern Warfare 3 Collection 1 Trailer / Max Payne 3 TV Spot / Max Payne 3 Design and Tech Video 4 / Max Payne 3 TV Spot Int / SHOGUN 2 Fall of the Samurai Acclaim Trailer / SHOGUN 2 Fall of the Samurai Multiplayer Trailer / Port Royale 3 Trailer DE / Port Royale 3 Trailer UK / Port Royale 3 Trailer EN / Fireburst Trailer 3 / Tiny and Big in Grandpas Leftovers Trailer / Torchlight II Trailer / Warlock Trailer / Dungeon Defenders Aquanos Trailer / Fall of the Samurai Interview Trailer / Portal 2 DLC 2 Trailer / Saints Row The Third Steelport Gangs Pack Trailer / AS2 Conscription / Offsrping Fling / War of Immortals Trailer / Toy Soldiers Trailer / The Dream Machine Trailer / Orion Dino Beatdown Vid Doc World of Hurt / Orion Dino Beatdown Trailer / Orion Dino Beatdown Teaser / Sleeping Dogs Driving Vignette / Sleeping Dogs Undercover Hong Kong Trailer / Port Royale 3 Trailer DE New / Call of Duty Black Ops 2 Reveal Trailer / The Walking Dead Story Trailer / Port Royale 3 Trailer EN New / Port Royale 3 Trailer UK New / DiRT Showdown  Demo Trailer / DiRT Showdown  Demo Trailer / Endless Space Trailer / Iron Grip Warlord Scorched Earth DLC Trailer / Revelations 2012 Trailer New / Gratuitous Tank Battles Trailer / Total War SHOGUN 2 Dragon War Battle Pack Trailer / Saints Row The Third Steelport Gangs Trailer / Moon Breakers Trailer / Alan Wakes American Nightmare Trailer / Dynamite Jack Trailer / Magical Diary Trailer / Ravaged Trailed / 3D Coat Trailer / Super MNC Steam Trading Trailer / Offsrping Fling Trailer / War Inc Trailer / Serious Sam HD LOB DLC Trailer / Dead Hungry Diner Teaser / Dead Hungry Diner Gameplay / Cities in Motion Paris Trailer / Ghost Recon Future Soldier Prima eGuide Trailer / Nancy Drew Tomb of the Lost Queen / Dead Hungry Diner Trailer / Who Wants To Be A Millionaire PEGI / Who Wants To Be A Millionaire DE / Who Wants To Be A Millionaire FR / Ghost Recon Future Soldier Announcement Trailer / Ghost Recon Future Soldier E3 Trailer / Dead Hungry Diner Gameplay Trailer / 3D Mark 11 Trailer / 3D Mark Vantage Trailer / Who Wants To Be A Millionaire South Park Trailer / Adventures of Shuggy Trailer / Spec Ops The Line Gameplay / Spec Ops The Line Preorder FUBAR / Spec Ops The Journey / Quantum Conundrum Trailer / Ticket to Ride Trailer EN / Ticket to Ride Trailer DE / Ticket to Ride Trailer FR / Iron Front Liberation 1944 Infantry Trailer EN / Metro Last Light Enter the Metro Teaser / EVE Online Inferno Trailer / Indie Game the Movie Trailer / Dungeon Defenders Summoner Hero Trailer / Swords and Soldiers Sausage DLC Trailer / Metro Last Light Short Film US / Metro Last Light Short Film France / Metro Last Light Short Film Benelux / Metro Last Light Short Film Spain / Metro Last Light Short Film United Kingdom / Metro Last Light Short Film Germany / Metro Last Light Short Film Australia / Red Orchestra 2 GOTY Trailer / Red Orchestra 2 GOTY Dev Diary / Sniper Ghost Warrior 2 Sarajevo Trailer / Ghost Recon Future Soldier PrePurchase Trailer / Iron Front Liberation 1944 Infantry Trailer INT / Iron Front Liberation 1944 Airforce Trailer INT / Iron Front Liberation 1944 Airforce Trailer EN / Fieldrunners Trailer / the Binding of Isaac Wrath of the Lamb Trailer / Sleeping Dogs 101 Trailer / Sleeping Dogs 101 ESRB Trailer / Tiny and Big in Grandpas Leftovers Trailer 2 / Frozen Synapse Red DLC Trailer / Krater Tribute Trailer / Fall of the Samurai Clan Packs Trailer / Ys Origin Trailer / Lord of the Rings Online FR / Lord of the Rings Online UK / Lord of the Rings Online US / Lord of the Rings Online DE / Quantum Conundrum E3 Trailer / Fall of the Samurai Clan Packs Trailer ESRB / Iron Grip Warlord Scorched Earth Trailer / Dark Souls Trailer ESRB / Dark Souls Trailer USK / London 2012 Announce Trailer France / Dark Souls Trailer PEGI / Atooms to Moolecules Trailer / Dark Souls Trailer PC Trailer / BeatBuddy Trailer / Divo Trailer / Max Payne 3 Launch Trailer / Militant Trailer / Imagine Earth Trailer / Blackwells Asylum / Symphony Trailer / Trash TV Trailer / The White Laboratory Traiiler / Thunder Wheels Trailer / Cannon Fodder 3 Trailer / Bang Bang Racing Teaser / Bang Bang Racing Vantage Point Trailer / Splice Trailer / Plutonic Repulse / Bioshock Infinite E3 Trailer / Blackwells Asylum Trailer / South Park The Stick of Truth Reveal Trailer / Spec Ops The Line TV Trailer / Risen 2 Air Temple Trailer PEGI / Risen 2 Air Temple Trailer ESRB / Risen 2 Air Temple Trailer ES / Risen 2 Air Temple Trailer FR / Risen 2 Air Temple Trailer IT / Rune Trailer 1 / Rune Trailer 2 / Sins of a Solar Empire Rebellion Trailer / Krater Release Trailer / Divine Divinity Trailer / Dungeon Fighter Online Trailer / Fray Trailer / Dead Hungry Diner Zen Master Guide / Dead Hungry Diner Patch Featurette / London 2012 Trailer / Roller Coaster Rampage Trailer / London 2012 Trailer German / London 2012 Trailer Italian / London 2012 Trailer United Kingdom / London 2012 Trailer Spanish / London 2012 Trailer French / London 2012 Trailer Australia / London 2012 Trailer International / SpellForce II Faith in Destiny Trailer / Roller Coaster Rampage Trailer 2 / Civilization V Gods and Kings Lead Your Civ Trailer / A Valley Without Wind Update Trailer / Stoked Big Air Trailer / LEGO Batman 2 Trailer / Napoleon Total War DLC Trailer / Tiny and Big Trailer 3 / Tiny and Big Trailer 4 / DC Universe Online The Last Laugh Trailer / Magic the Gathering 2013 / PAM Abandoned Sawmill / Dynasty Warrior Trailer / Vindictus Trailer / Vindictus Episode 10 Trailer / Dark Eye Trailer PEGI / Dark Eye Story DE / Dark Eye Story ENG / Dark Eye PC Trailer / Pro Cycling Manager 2012 / On the Rain Slick Precipice of Darkness 3 Trailer / LEGO Batman 2 Trailer 2 Danish / LEGO Batman 2 Trailer 2 Russian / LEGO Batman 2 Trailer 2 Italian / LEGO Batman 2 Trailer 2 English / LEGO Batman 2 Trailer 2 German / LEGO Batman 2 Trailer 2 Spanish / LEGO Batman 2 Trailer 2 Polish / LEGO Batman 2 Trailer 2 Swedish / LEGO Batman 2 Trailer 2 French / LEGO Batman 2 Trailer 2 Dutch / Tribes Ascend Gameplay English / Tribes ascend Llama Island Trailer / Tribes Ascend Announcement Trailer / Tribes Ascend Focus Trailer / Tribes Ascend Gameplay German / Saints Row The Third Witches and Wieners Trailer / Meet the Pyro / LEGO Batman 2 Trailer 2 ESRB / Team Fortress 2: Meet the Pyro / The Political Machine Trailer / Adams Venture Episode 2 Trailer / Adams Venture Episode 3 Trailer / Dungeon Fighter Online Promo Trailer / Combat Arms Trailer / The Walking Dead Episode 2 Trailer / Atlantica Trailer / Blacklight Retribution Trailer / Microsoft Flight Alaska Trailer ESRB / Microsoft Flight Alaska Trailer PEGI / Combat Arms Video Trailer / Krater Rave Trailer / Transformers Fall of Cybertron Our World Trailer / Killing Floor Summer Sideshow Trailer / Hero Academy _ TF2 Trailer / Endless Space Exterminate Resistance Trailer / Super MNC Turbocross Trailer / Total War Rome II PEGI UK / Total War Rome II PEGI International Trailer / Total War Rome II PEGI Russia Trailer / Legends of Pegasus Gameplay Trailer / Legends of Pegasus Gameplay Trailer UK / Legends of Pegasus Trailer PEGI / Legends of Pegasus Trailer ESRB / Legends of Pegasus Gameplay Trailer DE / Orcs Must Die 2 Trailer / Total War Rome II USK Germany Trailer / Total War Rome II PEGI Italy Trailer / Total War Rome II OFCL Australia Trailer / Total War Rome II PEGI France Trailer / Total War Rome II PEGI Spain Trailer / The Secret World ESRB Trailer / Foreign Legion Multi Massacre Trailer / MicroVolts Trailer / The Secret World PEGI Trailer / Killing Floor Summer Sideshow 2012 Trailer / Dracula Origin Trailer / Dungeonbowl Trailer / Bullet Run trailer / Inversion Trailer / Inversion Launch Trailer / Dungeon Defenders Quest 4 Trailer / Source Filmmaker Introduction / SFM Intro / SFM Demo / Hard Reset Exile Trailer / Source FilmMaker Demo Trailer / Source FilmMaker Trailer / MMH6_DLC1_Trailer / Max Payne 3 Local Justice Pack Trailer / Max Payne 3 Local Justice Pack Trailer PEGI / X3 Albino Prelude Trailer / MDK2 HD Trailer / The Political Machine Trailer HD / Kungfu Strike Trailer / KungFuStrike Preview / Resonance Trailer / X3 Albion Prelude 25 Trailer / PAYDAY The Heist Mercy Hospital Trailer / Stellar Impact Science Vessel DLC / Wanderlust Rebirth Trailer / Microsoft Flight Carbon Cub Deluxe Trailer / Crazy Machines Invaders From Space DLC Trailer / AirMech Trailer / Metro Last Light E3 Walkthrough Trailer / Darksiders II Last Sermon Trailer / Darksiders II Death Comes to All Trailer / Metro Last Light E3 Walkthrough Trailer French / Metro Last Light E3 Walkthrough Trailer Russian / Metro Last Light E3 Walkthrough Trailer Dutch / Metro Last Light E3 Walkthrough Trailer German / Darksiders II Death Strikes Part 2 Trailer / Metro Last Light E3 Walkthrough Trailer Italian / Metro Last Light E3 Walkthrough Trailer Spanish / Metro Last Light E3 Walkthrough Trailer UK / Total War SHOGUN 2 Saints and Heroes ESRB Trailer / Total War SHOGUN 2 Saints and Heroes COB Trailer / Total War SHOGUN 2 Saints and Heroes PEGI Trailer / Total War SHOGUN 2 Saints and Heroes USKTrailer / Borderlands 2 Wimoweh Trailer / Borderlands 2 Prepurchase Trailer / Mensa Academy Trailer / Divine Divinity Gameplay Trailer / Divine Divinity Trailer Russian / Divine Divinity Trailer German / Divine Divinity Trailer French / Napoleon Total War DLCs PEGI Trailer / Napoleon Total War DLCs ESRB Trailer / Napoleon Total War DLCs USK Trailer / Napoleon Total War DLCs COB Trailer / The Book of Unwritten Tales Trailer / The Book of Unwritten Tales Mummy Trailer / A Virus Named Tom Launch Trailer / Damage Inc Trailer / Unmechanical Trailer / Damage Inc Launch Trailer / Death Rally Trailer / The Political Machine Launch Trailer / The Book of Unwritten Tales Release Trailer / Transformers Fall of Cybertron Cinematic / Transformers Fall of Cybertron E3 Trailer / Unmechanical Trailer 2 / Divine Divinity Gameplay Trailer RU / Divine Divinity Gameplay Trailer DE / Divine Divinity Gameplay Trailer FR / Legends of Pegasus Trailer 2 USK / Legends of Pegasus Trailer 2 PEGI / Legends of Pegasus Trailer 2 ESRB / Awesomenauts Trailer / Tower Wars Trailer / Skyrim Dawnguard Trailer / Dishonored Trailer / Tales From Space Mutant Blobs Attack Teaser / DeathRally Launch Trailer / Deponia Trailer / Deponia Trailer DE / Max Payne 3 Local Justice Trailer / Max Payne 3 Local Justice Pack Trailer INT / Babel Rising Trailer / Cannon Fodder 3 Gameplay / Galaxy on Fire 2 HD Trailer / Darksiders II Know Death Trailer / Unmechanical Video / Deponia Launch Trailer / Deponia Launch Trailer DE / Tryst Trailer / Vanguard Trailer / Colourbind Trailer / Black Ops II Multiplayer Trailer / Jagged Alliance Crossfire Trailer PEGI / Jagged Alliance Crossfire Trailer ESRB / Iron Brigade Trailer / MapleStory Trailer / Hero Academy Trailer / Race Room Racing Experience Trailer / Tera Trailer / ShadO Trailer / Super Crate Box Trailer / Galactic Civilizations 1 Trailer / Iron Brigade Video Trailer / CS GO_Trailer / Mann vs Machine_Trailer / Sleeping Dogs Voiceover Trailer / Sleeping Dogs Combat Highlights Trailer / Sleeping Dogs Shooting Highlights Trailer / Dungeons and Dragons Online Trailer / Mutant Blobs Attack Launch Trailer / Analogue A Hate Story Trailer / Dark Sous GamesCom Trailer / Dark Souls GamesCom Trailer PEGI / They Bleed Pixels Trailer / Darksiders II Combat Trailer / CS GO_Trailer_Short / CS GO_Trailer_Full / Thirty Flights of Loving Trailer / Dins Curse Trailer / CS GO_Trailer_Short_NR / Gotham City Impostors F2P Trailer / Rigonauts_Trailer_1 / Home Trailer / Spirits Trailer / Fallen Enchantress Dev Diary 1 / Dark Souls PTDE  Release Trailer / I Am Alive Trailer / Great Big War Game Trailer / Fallen Enchantress Dev Diary 2 / Total War Battles Shogun Trailer USK / Total War Battles Shogun Trailer / Total War Battles Shogun Trailer PEGI / They Bleed Pixels / Carrier Command E3 Trailer / Fallen Enchantress Dev Diary 3 / Snapshot Trailer / Fallen Enchantress Intro Trailer / Miner Wars Arena Trailer / F1 2012 Dev Diary 1 / F1 2012 Dev Diary 2 / F1 2012 Dev Diary 1 ES / F1 2012 Dev Diary 1 FR / F1 2012 Dev Diary 1 DE / Half Minute Hero Trailer / Air Conflicts Pacific Carriers / Tiny Troopers Trailer / The Basement Collection Trailer / Natural Selection 2 Trailer / Tiny Troopers_Trailer_1 / Rigonauts_Trailer / CS GO_Trailer_Making_Of / CS GO_Trailer_Short_NR1 / Gotham City Impostors F2P Trailer 2 / CameraBag 2 Trailer / Witcher 2 Face in the Game Promotion Trailer / Garshasp Temple of the Dragon / ORION Dino Beatdown Support Trailer / ORION Dino Beatdown Spiral Assault Trailer / Gateways Trailer / XCOM EU The Base Trailer / XCOM EU Last Stand Trailer / Trine 2 Goblin Menace Trailer / MW3 Collection 3 Trailer / Closure_Trailer / Intrusion 2 Trailer / Worms Revolution Trailer / F1 2012 Trailer ESRB / F1 2012 Trailer PEGI / Secret Files 3 Trailer DE / Secret Files 3 Trailer / Worms Revolution Trailer 3 / Carrier Command Gameplay Trailer / The Basement Collection Video / Starvoid Trailer / Dogfight 1942 / Dogfight 1942 PEGI / Torchlight 2 Trailer / F1 2012 Trailer DE / FTL Faster Than Light Trailer / Critter Crunch Trailer / Oddworld Strangers Wrath HD Trailer / Continent of the Ninth Seal Trailer / Tryst Gameplay Trailer / Omerta PEGI Gameplay / Omerta ESRB Gameplay / Omerta DE Gameplay / Anna Trailer / Anna Making Of Trailer / Dream Pinball 3D Trailer / Jet Set Radio PEGI Trailer / Tony Hawk Trailer 2 / Sniper Ghost Warrior 2 Combat Trailer / DC Universe Hand of Fate Trailer / Dins Curse Demon War DLC Trailer / Lunar Flight Storms / Lunar Flight Mars Update / TOH Noisecontrollers Trailer / 3DMark11 Trailer / 3DMark Vantage Trailer / Guns of Icarus Online Launch Trailer / Draw Plus X5 / Painkiller Hell and Damnation Trailer / The Testament of Sherlock Holmes Trailer / Democracy 2 Trailer / Company Of Heroes 2  Trailer / Of Orcs and Men Trailer / TOH Noisecontrollers / Amazing Spiderman Trailer 2 / Amazing Spiderman Trailer 1 / Take On Helicopters Noisecontroller / PKHD / Company Of Heroes 2  Trailer DE / Take On Helicopters Noise / CCGM Trailer 2 / Guns of Icarus Online / Colourbind Trailer 2 / McPixel Trailer / Everquest Trailer / Analogue A Hate Story KR Trailer / Lucius Intro Trailer / Lucius Trailer / Total War Rome II Carthage Gameplay Trailer ESRB / Total War Rome II Carthage Gameplay Trailer PEGI / Hearts of Iron III Their Finest Hour Trailer / MMH6 Danse Macabre Trailer / Cortex Command Trailer / New Star Soccer 5 Trailer / XCOM EU Deep Dive 1 / Hell Yeah Announcement Trailer / Hell Yeah Monsters PEGI Trailer FR / Of Orcs and Men Trailer 1 / Hell Yeah Monsters USK Trailer / Hell Yeah Monsters PEGI Trailer / Hell Yeah Gameplay USK Trailer / Hell Yeah Gameplay PEGI Trailer / Hell Yeah Gameplay PEGI Trailer FR / Hell Yeah Monsters ESRB Trailer / XCOM EU Deep Dive 2 / Farming Simulator 2013 Trailer / Hell Yeah Gameplay ESRB Trailer / RAW Realms of Ancient War Overview Trailer / Bit Trip Core Trailer / War of the Roses Trailer / War of the Immortals Trailer / 3DMark 11 Trailer / 3D Coat TF2 Item Tutorial / Amazing Spiderman Rhino Challenge Trailer / Amazing Spiderman Stan Lee Trailer / Sanctum Still Alive Trailer / Amazing Spiderman Trailer / CCGM Launch Trailer / CCGM Trailer Out Now / Retro City Rampage Launch Trailer / Call of Duty MW3 Collection 4 Trailer 2 / Arena Wars 2 Gameplay Trailer / RAW Trailer 2 / CCGM Gameplay Trailer 2 / Harveys new eyes ENG / Harveys New Eyes GER / Of Orcs and Men Launch Trailer / Chivalry Medieval Warfare Trailer x / Serious Sam 3  Jewel of the Nile DLC / Viking Battle for Asgard USK Launch Trailer / The Testament of Sherlock Holmes Critic Trailer / Vanguard Saga of Heroes Trailer / Viking Battle for Asgard ESRB Trailer / Cabelas Dangerous Hunts / Cabelas Hunting Expeditions Trailer / Ravaged Launch Trailer / Hotline Miami The Masks / Giana Sisters Trailer / Hotline Miami The Weapons / Giana Sisters Release Trailer / Super Hexagon Trailer / Hell Yeah DLC Trailer French / Hell Yeah DLC Trailer / Zombie Driver HD Release Trailer / Rift Storm Legion Teaser Trailer / Krater Coop Trailer / Fallen Enchantress Release Trailer / Painkiller Hell and Damnation Feature / Deadlight Trailer / Tiny Troopers Zombie Trailer / Killing Floor Hillbilly Horror Trailer / Nancy Drew Deadly Device Trailer / 007 Legends Trailer / A Game of Dwarves Trailer / Borderlands 2 Captain Scarlett / Sniper Elite V2 Landwehr / Divinity II Developers Cut Trailer ENG / 007 Legends Trailer 2 / Divinity II Developers Cut Trailer FR / Divinity II Developers Cut Trailer PL / Divinity II Developers Cut Trailer DE / Divinity II Developers Cut Trailer RU / Farming Simulator 2013 Launch Trailer / AI War 6 Trailer / Deadlight Fear the End Trailer / Foreign Legion Multi Massacre Zombie Update Trailer / Frontline Tactics Trailer / F1 Racestars Attract / F1 Racestars / Lucius Release Trailer / Defenders Quest Trailer / The Secret World Halloween Trailer / Painkiller Hell and Damnation Release Trailer / Clan of Champions Trailer / lunar flight mars take 267 / Lunar Flight Storms take 267 / Home Trailer Take 256 / Anna Trailer 2 / Dungeon Defenders Anniversary Pack Trailer take 267 / Gemini Wars Trailer
912	Half-Life 2: Episode One Launch Teaser 1
913	Half-Life 2: Episode One Launch Teaser 2
914	Half-Life 2: Episode One Launch Teaser 3
915	Half-Life 2: Episode One Launch Teaser 4
916	Half-Life 2: Episode Two Trailer
917	Day of Defeat: Jagd Trailer
918	Day of Defeat: Colmar Trailer
919	Dark Messiah: Warrior
920	Dark Messiah: Assassin
921	Dark Messiah: Wizard
922	Portal Trailer
923	Team Fortress 2 Trailer
924	Red Orchestra Infantry Tutorial
925	Red Orchestra Vehicle Tutorial
926	Red Orchestra Lyes Krovy Trailer
927	GTI Racing Trailer
928	SourceForts Trailer
929	Uplink Trailer
930	Half-Life 2: Episode Two Trailer 2
931	Team Fortress 2 Trailer 2
932	Half-Life 2: Episode Two Gameplay Movie 1
933	Half-Life 2: Episode Two Gameplay Movie 2
934	Half-Life 2: Episode Two Gameplay Movie 3
935	Dark Messiah Gameplay Trailer
936	Half-Life 2: Episode Two Gameplay Movie 4
937	Half-Life 2: Episode Two Gameplay Movie 5
938	City Life Trailer
939	X3: Reunion Trailer
940	Dark Messiah Launch Trailer
941	Red Orchestra Fall Update Trailer
942	Heroes of Annihilated Empires Trailer
943	Prey Trailer
944	Left4Dead Teaser
945	X3: Reunion 2.0 Trailer
946	Gumboy: Crazy Adventures Trailer
947	Eets Trailer
948	Silverfall Trailer
949	Joint Task Force Trailer
950	Hitman: Blood Money Trailer
951	Just Cause Trailer
953	TrackMania United Trailer
954	Runaway, The Dream of The Turtle Trailer
955	Battlestations: Midway Trailer
956	Project: Snowblind Trailer
957	Tomb Raider: Legend Trailer
958	Infernal Trailer
959	Infernal Trailer 1
960	Team Fortress 2: Meet the Heavy
961	Red Orchestra June 07 New Content Trailer
962	Tomb Raider: Anniversary Trailer
963	TrackMania United Webisode 1: Coppers
964	TrackMania United Webisode 2: Manialinks
965	TrackMania United Webisode 3: Maniazones
966	TrackMania United Webisode 4: Singleplayer
967	TrackMania United Webisode 5: Multiplayer
968	Sam & Max 101: Culture Shock Trailer
969	Sam & Max 102: Situation: Comedy Trailer
970	Sam & Max 103: The Mole, the Mob and the Meatball Trailer
971	Sam & Max 104: Abe Lincoln Must Die! Trailer
972	Sam & Max 105: Reality 2.0 Trailer
973	Sam & Max 106: Bright Side of the Moon Trailer
974	Lost Planet: Extreme Condition Trailer
975	Kane & Lynch Trailer 2
976	Kane & Lynch Trailer
977	ThreadSpace: Hyperbol Trailer
978	Titan Quest: Immortal Throne Trailer
979	S.T.A.L.K.E.R.: Shadow of Chernobyl Trailer
980	SpaceForce: Rogue Universe Trailer
981	Civilization IV: Beyond the Sword Trailer
982	Gish Trailer
983	Call of Juarez Trailer
984	Bioshock Trailer
985	Team Fortress 2: Meet The Soldier
986	Race07 Trailer
987	Team Fortress 2: Meet The Engineer
988	Kane & Lynch Trailer 3
989	Juiced 2 - Hot Import Nights Trailer
990	Enemy Territory: QUAKE Wars Trailer
991	Loki Trailer
992	Company of Heroes: Opposing Fronts
994	Team Fortress 2: Meet the Heavy (Russian)
995	The Orange Box Commercial
996	Two Worlds Trailer
997	Team Fortress 2: Meet the Demoman
998	Call of Duty 4: Modern Warfare Trailer
999	Painkiller Overdose Trailer
1000	Rag Doll Kung Fu / Rag Doll Kung Fu Demo
1201	Red Orchestra: Ostfront 41-45 / RedOrchestra SDK Beta / Mare Nostrum / Mare Nostrum Dedicated Server / Darkest Hour: Europe '44-'45 / Red Orchestra Windows Dedicated Server / Red Orchestra Linux Dedicated Server
1202	Red Orchestra: Ostfront 41-45 / RedOrchestra SDK Beta / Mare Nostrum / Mare Nostrum Dedicated Server / Darkest Hour: Europe '44-'45
1203	Red Orchestra Windows Dedicated Server
1204	Red Orchestra Linux Dedicated Server
1205	Red Orchestra: Ostfront 41-45 / RedOrchestra SDK Beta
1206	Red Orchestra: Ostfront 41-45 / RedOrchestra SDK Beta
1207	Red Orchestra: Ostfront 41-45 / RedOrchestra SDK Beta
1208	Red Orchestra: Ostfront 41-45 / RedOrchestra SDK Beta
1209	Red Orchestra: Ostfront 41-45 / RedOrchestra SDK Beta
1211	Red Orchestra Beta / Red Orchestra: Ostfront 41-45
1212	Red Orchestra Beta
1213	Red Orchestra: Ostfront 41-45
1215	Red Orchestra Beta
1221	RedOrchestra SDK Beta
1222	RedOrchestra SDK Beta
1231	Mare Nostrum / Mare Nostrum Dedicated Server
1232	Mare Nostrum
1241	Mare Nostrum Dedicated Server
1251	Killing Floor / Killing Floor SDK / Killing Floor Mod: Defence Alliance 2 / Killing Floor Dedicated Server - Win32 / Killing Floor Dedicated Server - Linux
1252	Killing Floor / Killing Floor SDK / Killing Floor Mod: Defence Alliance 2
1253	Killing Floor Dedicated Server - Win32
1254	Killing Floor Dedicated Server - Linux
1258	Killing Floor
1261	Killing Floor SDK
1271	Killing Floor Beta / Killing Floor Beta Dedicated Server
1272	Killing Floor Beta
1273	Killing Floor Beta Dedicated Server
1281	Darkest Hour: Europe '44-'45 / Darkest Hour: Europe '44-'45 Dedicated Server
1282	Darkest Hour: Europe '44-'45
1291	Darkest Hour: Europe '44-'45 Dedicated Server
1301	SiN Episodes: Emergence / SiN Episodes: Emergence German / SiN Episodes: Emergence
1302	SiN Episodes: Emergence / SiN Episodes: Emergence German / SiN Episodes: Emergence
1303	SiN Episodes: Emergence / SiN Episodes: Emergence German / SiN Episodes: Emergence
1304	SiN Episodes: Emergence / SiN Episodes: Emergence German / Sin Episodes SDK / SiN Episodes: Emergence
1305	SiN Episodes: Emergence / SiN Episodes: Emergence German / SiN Episodes: Emergence
1307	SiN Episodes: Emergence German
1308	SiN Episodes: Emergence / SiN Episodes: Emergence
1311	SiN Multiplayer / SiN Gold
1312	SiN Gold
1314	SiN
1315	SiN Episodes: Emergence / SiN Episodes: Emergence
1316	SiN Episodes: Emergence
1318	Sin Episodes SDK
1321	ValveTestApp1330
1322	ValveTestApp1330
1323	ValveTestApp1330
1324	ValveTestApp1330
1325	ValveTestApp1330
1326	ValveTestApp1330
1327	ValveTestApp1330
1328	ValveTestApp1330
1501	Darwinia
1503	Darwinia
1505	Darwinia
1506	Darwinia
1511	Uplink
1512	Uplink
1521	DEFCON / DEFCON Demo
1524	DEFCON Beta Demo
1526	DEFCON Beta
1527	DEFCON
1531	Multiwinia / Multiwinia Demo
1533	Multiwinia
1551	Multiwinia
1601	Dangerous Waters
1611	Space Empires IV Deluxe
1621	Jagged Alliance 2
1631	Disciples II: Rise of the Elves / Disciples II ROTE Scenario Editor
1632	Disciples II: Rise of the Elves / Disciples II ROTE Scenario Editor
1633	Disciples II: Rise of the Elves / Disciples II ROTE Scenario Editor
1634	Disciples II: Rise of the Elves / Disciples II ROTE Scenario Editor
1641	Disciples II: Gallean's Return / Disciples II Galleans Return Scenario Editor
1642	Disciples II: Gallean's Return / Disciples II Galleans Return Scenario Editor
1643	Disciples II: Gallean's Return / Disciples II Galleans Return Scenario Editor
1644	Disciples II: Gallean's Return / Disciples II Galleans Return Scenario Editor
1671	Iron Warriors: T-72 Tank Command
1672	Iron Warriors: T-72 Tank Command
1691	Space Empires V
1701	Arx Fatalis / Arx Fatalis Demo
1702	Arx Fatalis
1703	Arx Fatalis
1704	Arx Fatalis
1705	Arx Fatalis
1706	Arx Fatalis
1707	Arx Fatalis
1821	Counter-Strike: Global Offensive
1822	Counter-Strike: Global Offensive
1823	Counter-Strike: Global Offensive
1824	Counter-Strike: Global Offensive
1825	Counter-Strike: Global Offensive
1841	Source Filmmaker
1901	Earth 2160
1902	Earth 2160
1903	Earth 2160
1904	Earth 2160
1905	Earth 2160
1921	Two Worlds
1922	Two Worlds
1923	Two Worlds
1924	Two Worlds
1925	Two Worlds
1926	Two Worlds
1927	Two Worlds
1928	Two Worlds
1931	Two Worlds: Epic Edition
1932	Two Worlds: Epic Edition
1933	Two Worlds: Epic Edition
1934	Two Worlds: Epic Edition
1935	Two Worlds: Epic Edition
1936	Two Worlds: Epic Edition
2101	Dark Messiah of Might & Magic Single Player / Dark Messiah of Might & Magic Singleplayer Demo / Dark Messiah SDK Beta
2102	Dark Messiah of Might & Magic Single Player / Dark Messiah of Might & Magic Single Player / Dark Messiah of Might & Magic Singleplayer Demo
2103	Dark Messiah of Might & Magic Single Player / Dark Messiah of Might & Magic Single Player / Dark Messiah of Might & Magic Singleplayer Demo / Dark Messiah SDK Beta
2104	Dark Messiah of Might & Magic Single Player / Dark Messiah of Might & Magic Single Player / Dark Messiah of Might & Magic Singleplayer Demo / Dark Messiah SDK Beta
2105	Dark Messiah of Might & Magic Single Player / Dark Messiah of Might & Magic Single Player / Dark Messiah of Might & Magic Singleplayer Demo / Dark Messiah SDK Beta
2106	Dark Messiah of Might & Magic Single Player / Dark Messiah of Might & Magic Single Player / Dark Messiah of Might & Magic Singleplayer Demo / Dark Messiah SDK Beta
2107	Dark Messiah of Might & Magic Single Player / Dark Messiah of Might & Magic Single Player / Dark Messiah of Might & Magic Singleplayer Demo / Dark Messiah SDK Beta
2108	Dark Messiah of Might & Magic Single Player / Dark Messiah of Might & Magic Single Player / Dark Messiah of Might & Magic Singleplayer Demo / Dark Messiah SDK Beta
2109	Dark Messiah of Might & Magic Single Player / Dark Messiah of Might & Magic Single Player / Dark Messiah SDK Beta
2110	Source SDK 2007
2111	Dark Messiah Multiplayer Open Beta
2112	Dark Messiah Multiplayer Open Beta
2121	Dark Messiah of Might & Magic Single Player / Dark Messiah of Might & Magic Single Player
2122	Dark Messiah of Might & Magic Single Player / Dark Messiah of Might & Magic Single Player
2123	Dark Messiah of Might & Magic Single Player / Dark Messiah of Might & Magic Single Player
2124	Dark Messiah of Might & Magic Single Player / Dark Messiah of Might & Magic Single Player
2125	Dark Messiah of Might & Magic Single Player / Dark Messiah of Might & Magic Single Player
2131	Dark Messiah of Might & Magic Multi-Player
2132	Dark Messiah of Might & Magic Multi-Player / Dark Messiah of Might & Magic Dedicated Server
2133	Dark Messiah of Might & Magic Multi-Player / Dark Messiah of Might & Magic Dedicated Server
2134	Dark Messiah of Might & Magic Multi-Player / Dark Messiah of Might & Magic Dedicated Server
2135	Dark Messiah of Might & Magic Multi-Player / Dark Messiah of Might & Magic Dedicated Server
2136	Dark Messiah of Might & Magic Multi-Player
2137	Dark Messiah of Might & Magic Multi-Player
2138	Dark Messiah of Might & Magic Multi-Player
2139	Dark Messiah of Might & Magic Multi-Player
2140	Dark Messiah of Might & Magic Multi-Player
2141	Dark Messiah of Might & Magic Multi-Player
2144	Dark Messiah of Might & Magic Dedicated Server
2151	Dark Messiah SDK Beta
2152	Dark Messiah SDK Beta
2199	DM Demo Fix
2201	Quake III Arena / Quake III: Team Arena
2211	Quake 4
2221	Commander Keen 1
2231	Commander Keen 2
2241	Commander Keen 3
2251	Commander Keen 4
2261	Commander Keen 5
2271	Wolfenstein 3D
2281	DOOM + DOOM II
2291	Final DOOM
2301	DOOM II
2311	Quake / Quake Mission Pack 2: Dissolution of Eternity / Quake Mission Pack 1: Scourge of Armagon
2321	Quake II / Quake II: The Reckoning / Quake II: Ground Zero
2331	Quake II: The Reckoning
2341	Quake II: Ground Zero
2351	Quake III: Team Arena
2361	Hexen: Beyond Heretic
2371	Hexen: Deathkings of the Dark Citadel
2391	Heretic: Shadow of the Serpent Riders
2401	The Ship
2402	The Ship / The Ship Dedicated Server / The Ship Single Player / The Ship Tutorial
2403	The Ship Dedicated Server
2404	The Ship Dedicated Server
2405	The Ship Single Player
2406	The Ship Tutorial
2407	The Ship Single Player
2408	The Ship Single Player
2431	The Ship Tutorial
2432	The Ship Tutorial
2433	The Ship Single Player
2434	The Ship Tutorial
2451	Bloody Good Time
2452	Bloody Good Time / Bloody Good Time Dedicated Server
2453	Bloody Good Time Dedicated Server
2455	Bloody Good Time
2456	Bloody Good Time
2457	Bloody Good Time
2458	Bloody Good Time
2459	Bloody Good Time
2465	Bloody Good Time
2501	Shadowgrounds / Shadowgrounds Editor
2502	Shadowgrounds
2503	Shadowgrounds
2504	Shadowgrounds
2505	Shadowgrounds Editor
2506	Shadowgrounds
2507	Shadowgrounds Editor
2511	Shadowgrounds Demo
2521	Gumboy: Crazy Adventures
2522	Gumboy: Crazy Adventures
2523	Gumboy: Crazy Adventures
2524	Gumboy Crazy Features
2526	Gumboy Crazy Features
2527	Gumboy Crazy Features
2528	Gumboy: Crazy Adventures
2529	Gumboy: Crazy Adventures
2536	Gumboy Demo
2541	RIP
2546	RIP 2: Strike Back
2551	RIP 3: The Last Hero
2561	RIP 3 - The Last Hero Demo
2571	Vigil: Blood Bitterness
2581	Vigil: Blood Bitterness Demo
2591	Alpha Prime
2601	Vampire: The Masquerade - Bloodlines
2602	Vampire: The Masquerade - Bloodlines
2603	Vampire: The Masquerade - Bloodlines
2604	Vampire: The Masquerade - Bloodlines
2605	Vampire: The Masquerade - Bloodlines
2606	Vampire: The Masquerade - Bloodlines
2611	GUN
2612	GUN
2613	GUN
2621	Call of Duty (2003) / Call of Duty: United Offensive
2622	Call of Duty (2003)
2623	Call of Duty (2003)
2624	Call of Duty (2003)
2626	Call of Duty (2003)
2627	Call of Duty (2003)
2628	Call of Duty (2003)
2629	Call of Duty (2003)
2631	Call of Duty 2
2632	Call of Duty 2
2633	Call of Duty 2
2634	Call of Duty 2
2636	Call of Duty 2
2637	Call of Duty 2
2638	Call of Duty 2
2639	Call of Duty 2
2641	Call of Duty: United Offensive
2642	Call of Duty: United Offensive
2643	Call of Duty: United Offensive
2644	Call of Duty: United Offensive
2650	Call of Duty (2003)
2651	Call of Duty (2003)
2652	Call of Duty (2003)
2653	Call of Duty (2003)
2654	Call of Duty (2003)
2655	Call of Duty (2003)
2656	Call of Duty (2003)
2660	Call of Duty 2
2661	Call of Duty 2
2662	Call of Duty 2
2663	Call of Duty 2
2664	Call of Duty 2
2665	Call of Duty 2
2666	Call of Duty 2
2667	Call of Duty 2
2668	Call of Duty 2
2671	World Series of Poker: Tournament of Champions
2681	The History Channel: Civil War
2682	The History Channel: Civil War
2685	Call of Duty 2
2686	Call of Duty 2
2687	Call of Duty: United Offensive
2691	Empires: Dawn of the Modern World
2701	RollerCoaster Tycoon 3: Platinum!
2711	Act of War: Direct Action
2712	Act of War: Direct Action
2713	Act of War: Direct Action
2714	Act of War: Direct Action
2721	ThreadSpace: Hyperbol / ThreadSpace: Hyperbol Map Editor
2722	ThreadSpace: Hyperbol / ThreadSpace: Hyperbol Map Editor / ThreadSpace: Hyperbol Demo
2723	ThreadSpace: Hyperbol / ThreadSpace: Hyperbol Map Editor / ThreadSpace: Hyperbol Demo / ThreadSpace: Hyperbol dedicated server
2731	ThreadSpace: Hyperbol Demo
2741	ThreadSpace: Hyperbol
2751	ThreadSpace: Hyperbol
2752	ThreadSpace: Hyperbol
2753	ThreadSpace: Hyperbol (dedicated server)
2761	Neverwinter Nights 2: Platinum
2762	Neverwinter Nights 2: Platinum - Map Editor
2763	Neverwinter Nights 2: Platinum
2764	Neverwinter Nights 2: Platinum
2765	Neverwinter Nights 2: Platinum
2766	Neverwinter Nights 2: Platinum
2767	Neverwinter Nights 2: Platinum
2768	Neverwinter Nights 2: Platinum
2769	Neverwinter Nights 2: Platinum
2771	Neverwinter Nights 2
2772	Neverwinter Nights 2 (data)
2781	Arma: Combat Operations
2782	Arma: Combat Operations
2783	Arma: Combat Operations
2791	Atari: 80 Classic Games in One!
2801	X2: The Threat
2802	X2: The Threat
2803	X2: The Threat
2804	X2: The Threat
2805	X2: The Threat
2811	X3: Reunion
2812	X3: Reunion
2813	X3: Reunion
2814	X3: Reunion
2815	X3: Reunion
2816	X3: Reunion
2817	X3: Reunion
2818	X3: Reunion
2821	X3: Terran Conflict / X3: Albion Prelude / X3: Farnham's Legacy
2822	X3: Terran Conflict / X3: Albion Prelude
2823	X3: Terran Conflict / X3: Albion Prelude
2824	X3: Terran Conflict / X3: Albion Prelude
2825	X3: Terran Conflict / X3: Albion Prelude
2826	X3: Terran Conflict
2827	X3: Terran Conflict
2828	X3: Terran Conflict / X3: Albion Prelude
2841	X: Beyond the Frontier
2842	X: Beyond the Frontier
2843	X: Beyond the Frontier
2851	X-Tension
2852	X-Tension
2853	X-Tension
2861	X-SuperBox Bonus Material
2901	688(I) Hunter/Killer
2911	Fleet Command
2921	Sub Command
2931	Birth Of America
2950	Jagged Alliance 2: Unfinished Business
2991	FlatOut 2
2992	FlatOut 2
2993	FlatOut 2
3001	GTI Racing
3002	GTI Racing
3011	Xpand Rally
3021	Call of Juarez / Call of Juarez - DirectX 10 / Call of Juarez: DirectX 10
3022	Call of Juarez / Call of Juarez - DirectX 10 / Call of Juarez: DirectX 10
3023	Call of Juarez / Call of Juarez - DirectX 10 / Call of Juarez: DirectX 10
3024	Call of Juarez / Call of Juarez - DirectX 10 / Call of Juarez: DirectX 10
3025	Call of Juarez / Call of Juarez - DirectX 10 / Call of Juarez: DirectX 10
3026	Call of Juarez / Call of Juarez - DirectX 10 / Call of Juarez: DirectX 10
3027	Call of Juarez / Call of Juarez - DirectX 10 / Call of Juarez: DirectX 10
3041	FIM Speedway GP3
3051	Xpand Rally Xtreme
3131	Men of War: Red Tide
3132	Men of War: Red Tide
3141	Planet Alcatraz
3151	GM Rally
3152	GM Rally
3161	A Farewell to Dragons
3162	A Farewell to Dragons
3171	King's Bounty: Armored Princess
3172	King's Bounty: Armored Princess
3173	King's Bounty: Armored Princess
3174	King's Bounty: Armored Princess
3175	King's Bounty: Armored Princess
3176	King's Bounty: Armored Princess
3177	King's Bounty: Armored Princess
3191	King's Bounty: Armored Princess - Demo
3201	Painkiller: Gold Edition / Painkiller Editor
3202	Painkiller: Gold Edition / Painkiller Editor
3203	Painkiller: Gold Edition / Painkiller Editor
3204	Painkiller: Gold Edition / Painkiller Editor
3211	Painkiller Demo
3221	SpaceForce: Rogue Universe
3222	SpaceForce: Rogue Universe
3223	SpaceForce: Rogue Universe
3224	SpaceForce: Rogue Universe
3225	SpaceForce: Rogue Universe
3226	SpaceForce: Rogue Universe
3231	Genesis Rising
3232	Genesis Rising
3251	SpaceForce: Rogue Universe
3261	Safecracker: The Ultimate Puzzle Adventure
3262	Safecracker: The Ultimate Puzzle Adventure
3263	Safecracker: The Ultimate Puzzle Adventure
3264	Safecracker: The Ultimate Puzzle Adventure
3265	Safecracker: The Ultimate Puzzle Adventure
3271	Painkiller Overdose
3272	Painkiller Overdose
3273	Painkiller Overdose
3281	Painkiller Overdose Demo
3291	Gothic 3
3292	Gothic 3 (localization)
3293	Gothic 3 (localization)
3294	Gothic 3 (localization)
3295	Gothic 3 (localization)
3296	Gothic 3 (localization)
3297	Gothic 3 (localization)
3301	Bejeweled 2 Deluxe / Bejeweled 2 Deluxe Demo
3303	Bejeweled 2 Deluxe / Bejeweled 2 Deluxe Demo
3304	Bejeweled 2 Deluxe / Bejeweled 2 Deluxe Demo
3305	Bejeweled 2 Deluxe / Bejeweled 2 Deluxe Demo
3306	Bejeweled 2 Deluxe / Bejeweled 2 Deluxe Demo
3307	Bejeweled 2 Deluxe
3311	Chuzzle Deluxe / Chuzzle Deluxe Demo
3313	Chuzzle Deluxe / Chuzzle Deluxe Demo
3314	Chuzzle Deluxe / Chuzzle Deluxe Demo
3315	Chuzzle Deluxe / Chuzzle Deluxe Demo
3316	Chuzzle Deluxe / Chuzzle Deluxe Demo
3317	Chuzzle Deluxe
3321	Insaniquarium! Deluxe / Insaniquarium! Deluxe Demo
3323	Insaniquarium! Deluxe / Insaniquarium! Deluxe Demo
3324	Insaniquarium! Deluxe / Insaniquarium! Deluxe Demo
3325	Insaniquarium! Deluxe / Insaniquarium! Deluxe Demo
3326	Insaniquarium! Deluxe / Insaniquarium! Deluxe Demo
3331	Zuma Deluxe / Zuma Deluxe Demo
3333	Zuma Deluxe / Zuma Deluxe Demo
3334	Zuma Deluxe / Zuma Deluxe Demo
3335	Zuma Deluxe / Zuma Deluxe Demo
3336	Zuma Deluxe / Zuma Deluxe Demo
3337	Zuma Deluxe
3341	AstroPop Deluxe / AstroPop Deluxe Demo
3351	Bejeweled Deluxe / Bejeweled Deluxe Demo
3361	Big Money! Deluxe / Big Money Deluxe Demo
3371	BookWorm Deluxe / BookWorm Deluxe Demo
3373	BookWorm Deluxe / BookWorm Deluxe Demo
3374	BookWorm Deluxe / BookWorm Deluxe Demo
3375	BookWorm Deluxe / BookWorm Deluxe Demo
3376	BookWorm Deluxe / BookWorm Deluxe Demo
3377	BookWorm Deluxe
3381	Dynomite! Deluxe / Dynomite! Deluxe Demo
3391	Feeding Frenzy 2: Shipwreck Showdown Deluxe / Feeding Frenzy 2: Shipwreck Showdown Deluxe Demo
3401	Hammer Heads Deluxe / Hammer Heads Deluxe Demo
3411	Heavy Weapon Deluxe / Heavy Weapon Deluxe Demo
3421	Iggle Pop! Deluxe / Iggle Pop! Deluxe Demo
3431	Pizza Frenzy / Pizza Frenzy Demo
3441	Rocket Mania! Deluxe / Rocket Mania Deluxe Demo
3451	Typer Shark! Deluxe / Typer Shark! Deluxe Demo
3461	Talismania Deluxe / Talismania Deluxe Demo
3471	Bookworm Adventures Deluxe / Bookworm Adventures Deluxe Demo
3481	Peggle Deluxe
3484	Peggle Extreme
3485	Peggle Deluxe
3486	Peggle Deluxe
3487	Peggle Deluxe
3488	Peggle Deluxe
3489	Peggle Deluxe
3491	Venice / Venice Demo
3501	Mystery P.I.: The Lottery Ticket / Mystery P.I.: The Lottery Ticket Demo
3511	Amazing Adventures: The Lost Tomb / Amazing Adventures: The Lost Tomb Demo
3521	Mystery PI: The Vegas Heist / Mystery PI: The Vegas Heist Demo
3531	Amazing Adventures Around the World / Amazing Adventures Around the World Demo
3541	Peggle Nights / Peggle Nights Demo
3543	Peggle Nights
3561	Bejeweled Twist / Bejeweled Twist Demo
3571	Mystery P.I.: The New York Fortune / Mystery PI: The New York Fortune Demo
3581	The Wizard's Pen / The Wizards Pen Demo
3591	Plants vs. Zombies: Game of the Year / Plants vs. Zombies Demo
3593	Plants vs. Zombies: Game of the Year
3601	Escape Rosecliff Island / Escape Rosecliff Island Demo
3603	Escape Rosecliff Island
3604	Escape Rosecliff Island
3605	Escape Rosecliff Island
3606	Escape Rosecliff Island
3607	Escape Rosecliff Island
3611	Mystery P.I.: Lost in Los Angeles / Mystery P.I.: Lost in Los Angeles Demo
3621	Zuma's Revenge / Zuma's Revenge Demo
3631	BookWorm Adventures Volume 2 / Bookworm™ Adventures Volume 2 Demo
3641	Bookworm (TM) Adventures - Fractured Fairytales / Bookworm Adventures - Fractured Fairytales Demo
3651	Zuma's Revenge! - Adventure / Zuma's Revenge! - Adventure Demo
3653	Zuma's Revenge! - Adventure / Zuma's Revenge! - Adventure Demo
3654	Zuma's Revenge! - Adventure / Zuma's Revenge! - Adventure Demo
3655	Zuma's Revenge! - Adventure / Zuma's Revenge! - Adventure Demo
3656	Zuma's Revenge! - Adventure / Zuma's Revenge! - Adventure Demo
3701	Sniper Elite
3702	Sniper Elite
3703	Sniper Elite
3704	Sniper Elite
3705	Sniper Elite
3706	Sniper Elite
3707	Sniper Elite
3711	Judge Dredd: Dredd vs Death
3721	Evil Genius
3722	Evil Genius
3723	Evil Genius
3724	Evil Genius
3725	Evil Genius
3731	Aliens versus Predator Classic 2000
3732	Aliens versus Predator Classic 2000
3733	Aliens versus Predator Classic 2000
3734	Aliens versus Predator Classic 2000
3735	Aliens versus Predator Classic 2000
3736	Aliens versus Predator Classic 2000
3771	Empire Earth
3781	Empire Earth: Art of Conquest
3791	Ground Control
3801	Advent Rising
3802	Advent Rising
3803	Advent Rising
3804	Advent Rising
3811	BloodRayne
3821	BloodRayne 2
3822	BloodRayne 2
3823	BloodRayne 2
3824	BloodRayne 2
3831	Psychonauts
3832	Psychonauts
3833	Psychonauts
3834	Psychonauts
3835	Psychonauts
3836	Psychonauts
3837	Psychonauts
3838	Psychonauts Original Soundtrack
3839	Psychonauts Original Cinematic Score
3841	Psychonauts / Psychonauts Demo
3851	BloodRayne 2 Demo
3901	Sid Meier's Civilization IV
3902	Sid Meier's Civilization IV
3911	Sid Meier's Civilization III: Complete
3912	Sid Meier's Civilization III: Complete
3921	Sid Meier's Pirates!
3931	Valve Test App
3932	Serious Sam 2
3961	Shattered Union
3971	Prey
3972	Prey
3981	CivCity: Rome
3982	CivCity: Rome
3983	CivCity: Rome
3991	Sid Meier's Civilization IV: Warlords
3992	Sid Meier's Civilization IV: Warlords
3993	Sid Meier's Civilization IV: Warlords
4001	Garry's Mod
4011	Garry's Mod - Beta
4101	Poker Superstars II / Poker Superstars II Demo
4208	Race Internal Beta / Race Internal Beta Dedicated Server
4209	Race Internal Beta / Race Internal Beta Dedicated Server
4231	Race: The WTCC Game / Race Dedicated Server
4232	Race: The WTCC Game / Race Dedicated Server
4233	Race: The WTCC Game
4234	Race: The WTCC Game
4235	Race: The WTCC Game
4261	RACE 07 Demo / RACE 07 Demo Dedicated Server / RACE 07 Demo - Crowne Plaza Raceway edition / RACE 07 Demo - Crowne Plaza Edition Dedicated Server
4281	Spider-Man: Web of Shadows
4291	Race: The WTCC Game / RACE: Caterham Expansion
4301	RoboBlitz / RoboBlitz Demo
4321	Star Trek: D-A-C / Star Trek: D·A·C - Demo
4401	City Life
4402	City Life
4403	City Life
4404	City Life
4405	City Life
4411	City Life Deluxe
4412	City Life Deluxe
4413	City Life Deluxe
4414	City Life Deluxe
4415	City Life Deluxe
4416	City Life Deluxe
4417	City Life Deluxe
4418	City Life Deluxe
4419	City Life Deluxe
4421	Silverfall
4422	Silverfall
4423	Silverfall
4424	Silverfall
4425	Silverfall
4426	Silverfall
4427	Silverfall
4428	Silverfall
4429	Silverfall / Silverfall: Earth Awakening
4430	Silverfall / Silverfall: Earth Awakening
4431	Silverfall / Silverfall: Earth Awakening
4432	Silverfall / Silverfall: Earth Awakening
4441	Silverfall Demo
4442	Silverfall Demo
4461	City Life 2008 / City Life 2008 Editor
4462	City Life 2008
4463	City Life 2008
4464	City Life 2008
4465	City Life 2008
4466	City Life 2008
4471	Silverfall / Silverfall: Earth Awakening
4472	Silverfall: Earth Awakening
4473	Silverfall: Earth Awakening
4474	Silverfall: Earth Awakening
4501	S.T.A.L.K.E.R.: Shadow of Chernobyl
4502	S.T.A.L.K.E.R.: Shadow of Chernobyl
4503	S.T.A.L.K.E.R.: Shadow of Chernobyl
4504	S.T.A.L.K.E.R.: Shadow of Chernobyl
4505	S.T.A.L.K.E.R.: Shadow of Chernobyl
4506	S.T.A.L.K.E.R.: Shadow of Chernobyl
4507	S.T.A.L.K.E.R.: Shadow of Chernobyl
4508	S.T.A.L.K.E.R.: Shadow of Chernobyl
4509	S.T.A.L.K.E.R.: Shadow of Chernobyl
4521	Full Spectrum Warrior
4522	Full Spectrum Warrior
4523	Full Spectrum Warrior
4524	Full Spectrum Warrior
4525	Full Spectrum Warrior
4526	Full Spectrum Warrior
4527	Full Spectrum Warrior
4531	Full Spectrum Warrior: Ten Hammers
4532	Full Spectrum Warrior: Ten Hammers
4533	Full Spectrum Warrior: Ten Hammers
4534	Full Spectrum Warrior: Ten Hammers
4535	Full Spectrum Warrior: Ten Hammers
4536	Full Spectrum Warrior: Ten Hammers
4541	Titan Quest / Titan Quest: Immortal Throne
4542	Titan Quest / Titan Quest: Immortal Throne
4543	Titan Quest / Titan Quest: Immortal Throne
4544	Titan Quest / Titan Quest: Immortal Throne
4545	Titan Quest / Titan Quest: Immortal Throne
4546	Titan Quest / Titan Quest: Immortal Throne
4547	Titan Quest / Titan Quest: Immortal Throne
4548	Titan Quest / Titan Quest: Immortal Throne
4551	Titan Quest: Immortal Throne
4552	Titan Quest: Immortal Throne
4553	Titan Quest: Immortal Throne
4554	Titan Quest: Immortal Throne
4555	Titan Quest: Immortal Throne
4556	Titan Quest: Immortal Throne
4561	Company of Heroes - Legacy Edition / Company of Heroes: Opposing Fronts / Company of Heroes: Tales of Valor
4562	Company of Heroes (localization)
4563	Company of Heroes (localization)
4564	Company of Heroes - Legacy Edition / Company of Heroes: Opposing Fronts / Company of Heroes: Tales of Valor
4565	Company of Heroes - Legacy Edition / Company of Heroes: Opposing Fronts / Company of Heroes: Tales of Valor
4566	Company of Heroes - Legacy Edition / Company of Heroes: Opposing Fronts / Company of Heroes: Tales of Valor
4567	Company of Heroes - Legacy Edition / Company of Heroes: Opposing Fronts / Company of Heroes: Tales of Valor
4568	Company of Heroes - Legacy Edition / Company of Heroes: Opposing Fronts / Company of Heroes: Tales of Valor
4569	Company of Heroes - Legacy Edition
4571	Warhammer 40,000: Dawn of War - Anniversary Edition / Warhammer 40,000: Dawn of War - Winter Assault
4572	Warhammer 40,000: Dawn of War - Anniversary Edition / Warhammer 40,000: Dawn of War - Winter Assault
4573	Warhammer 40,000: Dawn of War - Anniversary Edition / Warhammer 40,000: Dawn of War - Winter Assault
4574	Warhammer 40,000: Dawn of War - Anniversary Edition / Warhammer 40,000: Dawn of War - Winter Assault
4575	Warhammer 40,000: Dawn of War - Anniversary Edition / Warhammer 40,000: Dawn of War - Winter Assault
4576	Warhammer 40,000: Dawn of War - Anniversary Edition / Warhammer 40,000: Dawn of War - Winter Assault
4577	Warhammer 40,000: Dawn of War - Anniversary Edition / Warhammer 40,000: Dawn of War - Winter Assault
4581	Warhammer 40,000: Dawn of War - Dark Crusade
4582	Warhammer 40,000: Dawn of War - Dark Crusade
4583	Warhammer 40,000: Dawn of War - Dark Crusade
4584	Warhammer 40,000: Dawn of War - Dark Crusade
4585	Warhammer 40,000: Dawn of War - Dark Crusade
4586	Warhammer 40,000: Dawn of War - Dark Crusade
4587	Warhammer 40,000: Dawn of War - Dark Crusade
4588	Warhammer 40,000: Dawn of War - Dark Crusade
4591	Titan Quest Demo
4601	Full Pipe
4602	Full Pipe
4603	Full Pipe
4611	Full Pipe Demo
4701	Total War: MEDIEVAL II - Definitive Edition / Medieval II: Total War Kingdoms
4702	Total War: MEDIEVAL II - Definitive Edition / Medieval II: Total War Kingdoms
4703	Total War: MEDIEVAL II - Definitive Edition / Medieval II: Total War Kingdoms
4704	Total War: MEDIEVAL II - Definitive Edition / Medieval II: Total War Kingdoms
4705	Total War: MEDIEVAL II - Definitive Edition / Medieval II: Total War Kingdoms
4706	Total War: MEDIEVAL II - Definitive Edition / Medieval II: Total War Kingdoms
4707	Total War: MEDIEVAL II - Definitive Edition / Medieval II: Total War Kingdoms
4708	Total War: MEDIEVAL II - Definitive Edition / Medieval II: Total War Kingdoms
4711	Medieval II: Total War Demo
4731	OutRun 2006: Coast 2 Coast
4741	Medieval: Total War
4742	Medieval: Total War
4743	Medieval: Total War
4744	Medieval: Total War
4745	Medieval: Total War
4761	Rome: Total War
4762	Rome: Total War
4763	Rome: Total War
4771	Rome: Total War - Alexander
4772	Rome: Total War - Alexander
4773	Rome: Total War - Alexander
4774	Rome: Total War - Alexander
4775	Rome: Total War - Alexander
4776	Rome: Total War - Alexander
4777	Rome: Total War - Alexander
4781	Medieval II: Total War Kingdoms
4782	Medieval II: Total War Kingdoms
4783	Medieval II: Total War Kingdoms
4784	Medieval II: Total War Kingdoms
4791	SEGA Rally Revo
4792	SEGA Rally Revo
4793	SEGA Rally Revo
4801	Heroes of Annihilated Empires
4802	Heroes of Annihilated Empires
4803	Heroes of Annihilated Empires
4804	Heroes of Annihilated Empires
4805	Heroes of Annihilated Empires
4809	Heroes of Annihilated Empires
4811	Heroes of Annihilated Empires Demo
4812	Heroes of Annihilated Empires Demo
4813	Heroes of Annihilated Empires Demo
4814	Heroes of Annihilated Empires Demo
4815	Heroes of Annihilated Empires
4821	Heroes of Annihilated Empires Multiplayer Demo
4831	S.T.A.L.K.E.R.: Shadow of Chernobyl
4832	S.T.A.L.K.E.R.: Shadow of Chernobyl
4833	S.T.A.L.K.E.R.: Shadow of Chernobyl
4834	S.T.A.L.K.E.R.: Shadow of Chernobyl
4841	S.T.A.L.K.E.R.: Shadow of Chernobyl
4851	Cossacks: Back to War
4852	Cossacks: Back to War
4853	Cossacks: Back to War
4854	Cossacks: Back to War
4855	Cossacks: Back to War
4856	Cossacks: Back to War
4857	Cossacks: Back to War
4858	Cossacks: Back to War
4859	Cossacks: Back to War
4860	Cossacks: Back to War
4871	Cossacks: Art of War
4881	Cossacks: European Wars
4891	Cossacks II: Battle for Europe
4901	Zen of Sudoku / Zen of Sudoku Demo
4921	Natural Selection 2
4922	Natural Selection 2 Dedicated Server
5000	Painkiller Overdose Teaser
5001	Overlord Trailer
5002	Clive Barker's Jericho Trailer
5003	Shadowgrounds Survivor Trailer
5004	Alpha Prime Trailer 2
5005	Alpha Prime: Weapons
5006	Alpha Prime: Hacking
5007	Alpha Prime: Bullet Time
5008	Alpha Prime Trailer
5009	Speedball 2: Tournament Trailer
5010	Universe at War: Earth Assault Trailer
5011	Insurgency Mod Trailer
5012	Speedball 2 - Tournament Tutorial
5013	The Golden Compass Trailer
5014	Frontline: Fuels of War Trailer
5015	Team Fortress 2: Meet the Heavy (German)
5016	Team Fortress 2: Meet the Heavy (French)
5017	EVE Online: Coming Soon
5018	Bill Lee Interview
5019	The Club Trailer
5020	Warhammer 40,000: Dawn of War – Soulstorm Trailer
5021	Turning Point: Fall of Liberty Trailer
5022	Overlord: Raising Hell Trailer
5023	Frontlines: Fuel of War Multiplayer Trailer
5024	Rainbox Six: Vegas 2 Trailer
5025	Rainbox Six: Vegas Trailer
5026	Tom Clancy's Ghost Recon: Advanced Warfighter 2 Trailer
5027	Tom Clancy's Ghost Recon: Advanced Warfighter Trailer
5028	Unreal Tournament 3 Trailer
5030	Assassin's Creed Trailer
5031	TrackMania Nations Forever Trailer
5032	Team Fortress 2: Meet the Scout
5033	Team Fortress 2: Meet the Scout (French)
5034	Team Fortress 2: Meet the Scout (German)
5035	Team Fortress 2: Meet the Scout (Russian)
5036	Team Fortress 2: Meet the Scout (Spanish)
5037	S.T.A.L.K.E.R.: Clear Sky Tech Demo
5038	Sam & Max 201 Trailer
5039	Sam & Max 202 Trailer
5040	Sam & Max 203 Trailer
5041	Sam & Max 204 Trailer
5042	Sam & Max 205 Trailer
5043	Trials 2: Second Edition Trailer
5044	Trials 2: Second Edition: Bumps' N Bruises
5045	Trials 2: Second Edition: Rollin and Tumblin
5046	Trials 2: Second Edition: Throttle to the Max
5047	TrackMania United Forever Trailer
5048	GRID Trailer
5049	On the Rain-Slick Precipice of Darkness - Episode One Trailer
5050	Tom Clancy's HAWX Trailer
5051	Team Fortress 2: Meet the Sniper
5052	Far Cry 2 Trailer
5053	Crazy Machines 2 Trailer
5054	Brothers in Arms: Hells Highway Trailer 1
5055	Brothers in Arms: Hells Highway Trailer 2
5056	Team Fortress 2: Meet the Sniper (French)
5057	Team Fortress 2: Meet the Sniper (German)
5058	Team Fortress 2: Meet the Soldier (French)
5059	Team Fortress 2: Meet the Soldier (German)
5060	S.T.A.L.K.E.R.: Clear Sky Atmosphere Trailer
5061	EVE Online - Empyrean Age Trailer
5062	Team Fortress 2: Meet the Sniper (Russian)
5063	Team Fortress 2: Meet the Sniper (Spanish)
5064	FlatOut: Ultimate Carnage Trailer
5066	Pro Cycling Manager 2008 Trailer
5067	Space Siege Trailer
5068	Multiwinia: Domination Trailer
5069	Red Faction: Guerrilla Destruction Trailer
5070	Dawn of War II: Trailer
5071	Dawn of War II: E3 Gameplay
5072	Dawn of War II: Teaser
5073	Team Fortress 2: Meet the Sandvich
5074	Dawn of War II: Leipzig Trailer
5075	Dawn of War II: The Tyranids
5076	Far Cry 2: E3 Gameplay
5077	Far Cry 2: Enemies
5078	Far Cry 2 GamePlay Movie
5079	Velvet Assassin Trailer
5080	GTR Evolution Trailer
5081	Multiwinia: King of the Hill Trailer
5082	Multiwinia: Capture the Statue Trailer
5083	Crysis Warhead Trailer
5084	X3: Terran Conflict Teaser
5085	Crysis Trailer
5086	Crysis Wars Trailer
5087	Multiwinia: Rocket Riot
5088	Multiwinia: Blitzkrieg
5089	The Witcher: Enhanced Trailer
5090	Team Fortress 2: Meet the Soldier (Russian)
5091	Team Fortress 2: Meet the Demoman (Russian)
5092	Multiwinia: Assault Trailer
5093	Sid Meier's Civilization IV: Colonization Trailer
5094	Prince of Persia Trailer
5095	STCC: The Game Teaser
5096	City Life 2008 Trailer
5097	STCC: The Game Trailer
5098	Shaun White Debut Trailer
5099	Age of Conan: Hyborian Adventures Trailer
5100	Project Aftermath Trailer
5101	Tomb Raider: Underworld Trailer
5102	Pyroblazer Trailer
5103	Xpand Rally Xtreme Trailer
5104	Pyroblazer Trailer 2
5105	Age of Booty Trailer
5106	Spectraball Trailer
5107	MotoGP 2008 Trailer
5108	Pyroblazer Intro
5109	D.I.P.R.I.P. Warm Up Trailer
5111	Galactic Bowling Trailer
5112	Team Fortress 2: Meet the Engineer (Russian)
5113	Bully Trailer
5114	Mare Nostrum Trailer
5115	Saint's Row 2 Trailer
5116	Saint's Row 2 Gangs Trailer
5117	Fallout 3 Trailer
5118	Fallout 3 Teaser
5119	Fallout 3 Gameplay 1: Escape
5120	Fallout 3 Gameplay 2: Megaton
5121	Fallout 3 Gameplay 3: The Wasteland
5122	Fallout 3 Gameplay 4: Super-Duper Mart
5123	Fallout 3 Gameplay 5: Tenpenny Tower
5124	Far Cry 2: Anything Goes
5125	Far Cry 2: Whos Who
5126	Space Trader Trailer
5127	X3: Terran Conflict Intro Trailer
5128	X3: Terran Conflict Think
5129	X3: Terran Conflict - Think (German)
5130	X3: Terran Conflict - Trade
5131	X3: Terran Conflict - Trade (German)
5132	Red Faction: Guerrila Multiplayer Gameplay
5133	Silent Hill: Homecoming Intro Trailer
5134	Tomb Raider: Undeworld - Beneath the Sea Gameplay
5135	Tomb Raider: Undeworld - Mexico
5136	Empire: Total War Trailer
5137	Multiwinia Offical Trailer
5138	Left 4 Dead TV Spot 1 - 1080p
5139	Left 4 Dead TV Spot 1 - 720p
5140	X3: Terran Conflict - Build
5141	Left 4 Dead Intro
5142	Left 4 Dead Intro (French)
5143	Left 4 Dead Intro (German)
5144	Left 4 Dead Intro (Russian)
5145	Left 4 Dead Intro (Spanish)
5146	On the Rain-Slick Precipice of Darkness, Episode Two Trailer
5147	Call of Duty: World at War Trailer
5149	Left 4 Dead TV Spot 2 - 720p
5150	Left 4 Dead TV Spot 2 - 1080p
5151	Eve Online: Quantum Rise Trailer
5152	Grand Theft Auto IV
5153	Defense Grid Trailer
5154	World in Conflict - Teaser Trailer
5155	World in Conflict - Destruction Gameplay Trailer
5157	Prince of Persia Launch Trailer
5158	Spore Trailer
5159	Mass Effect Trailer
5160	Command and Conquer: Red Alert 3
5161	Need for Speed: Undercover Trailer
5162	Mirrors Edge Trailer
5163	Dead Space Trailer
5164	Spore Creepy and Cute Trailer
5165	Company of Heroes: Tales of Valor Trailer
5166	Aquaria Trailer
5167	Strong Bad Episode 5: 8-Bit Is Enough Trailer
5168	Strong Bad Episode 3: Baddest of the Bands Trailer
5169	Strong Bad Episode 4: Dangeresque 3 Trailer
5170	Strong Bad Episode 2: Strong Badia the Free Trailer
5172	Quantum of Solace Trailer 1
5173	Quantum of Solace Trailer 2
5174	F.E.A.R 2: Project Origin Trailer 1
5175	F.E.A.R 2: Project Origin Trailer 2
5177	Command and Conquer: Red Alert 3 Trailer 2
5178	Everquest: Secrets of Faydwer Trailer
5179	Everquest: Seeds of Destruction Trailer
5180	Everquest II: Rise of Kunark Trailer
5181	Everquest II: The Shadow Odyssey Trailer
5182	Vanguard: Saga of Heroes Trailer
5183	Pirates of the Burning Sea Trailer
5184	Monster Trucks Nitro Trailer
5185	Empire: Total War - Naval Battles
5186	Empire: Total War - Land Battles
5187	Empire: Total War - Campaign
5188	Empire: Total War - Multiplayer
5189	Empire: Total War - Road to Indepdence
5190	Grand Ages Rome Trailer 2
5191	Ceville Trailer
5192	The Maw Trailer
5193	Tom Clancy's EndWar Trailer
5194	The Maw: Brute Force Trailer
5195	Tom Clancy's EndWar Launch Trailer
5196	World in Conflict: Soviet Assault Trailer
5197	Empire: Total War Launch Trailer (English)
5198	Empire: Total War Launch Trailer (French)
5199	Empire: Total War Launch Trailer (German)
5200	Empire: Total War Launch Trailer (Dutch)
5201	Empire: Total War Launch Trailer (Polish)
5202	Empire: Total War Launch Trailer (Spanish)
5203	Empire: Total War Launch Trailer (UK)
5204	Unreal Tournament 3 Titan Trailer
5205	Zeno Clash Trailer
5206	EVE Online: Apocrypha - 720p
5207	EVE Online: Apocrypha - 1080p
5208	Wallace & Gromit's Grand Adventure Teaser Trailer
5209	The Path Trailer
5210	Grey's Anatomy: The Video Game Trailer
5211	Caster Trailer
5212	Wanted Teaser
5213	The Maw - River Redirect Trailer
5214	Drakensang Trailer
5215	Drakensang Trailer (DE)
5216	Far Cry 2: Fortunes Pack Trailer
5217	Obulis Trailer
5218	Osmos Trailer
5219	FLOCK! Trailer 1
5220	FLOCK! Trailer 2
5221	Elven Legacy Trailer
5222	Wheelman Trailer
5223	R.U.S.E Trailer
5227	Battlestations Pacific Trailer
5231	F.E.A.R 2: Project Origin - Toy Soldiers
5232	R.U.S.E In-Game Trailer
5233	Savage 2: A Tortured Soul Trailer
5234	Grand Ages Rome - City Building Trailer
5235	Guildwars: Factions Trailer
5236	Guildwars: Nightfall Trailer
5237	City of Heroes Trailer
5238	RFG Tools of Destruction 1
5239	RFG Tools of Destruction 2
5240	RFG Tools of Destruction 3
5241	RFG Tools of Destruction 4
5242	City of Heroes Intro Trailer
5243	Killing Floor Trailer
5244	Hearts of Iron III Trailer
5245	Street Fighter 4 Trailer
5246	Velvet Assassin Music Trailer
5247	Puzzlegeddon Trailer
5248	Terminator Salvation Trailer
5249	Call of Juarez: Bound in Blood Story Trailer
5250	RFG Dev Diary
5251	Necrovision Trailer
5252	The Path Story Trailer
5253	Call of Duty: World at War - Map Pack
5254	Call of Duty: World at War - Verruckt
5255	Call of Duty: World at War - Zombies
5256	Damnation Steampunk Trailer
5257	Damnation The Levels Trailer
5258	Damnation The Moves Trailer
5259	Red Faction: Guerrilla Tactics Trailer
5260	Team Fortress 2: Meet the Spy
5261	ARMA 2 Trailer
5262	Prototype Reveal Trailer
5263	Prototype Story Montage
5265	RFG Tools of Destruction 6
5266	Red Faction Guerrilla Story
5267	Red Faction Guerrilla Storyline Video
5268	Left 4 Dead 2: E3 Teaser
5269	FUEL Trailer
5270	FUEL Trailer (UK)
5271	FUEL Trailer (DE)
5272	Overlord II Trailer
5273	Splinter Cell Conviction E3 Gameplay
5274	Splinter Cell Conviction E3 Trailer
5275	America's Army 3 Teaser
5276	America's Army 3 Authenticy
5277	America's Army 3 Basic Combat Training
5278	America's Army 3 New Features
5279	America's Army 3 Technology
5280	Global Agenda - No Elves Trailer
5281	Mini Ninjas E3 Trailer
5282	Assassins Creed 2 E3 Trailer
5283	Just Cause 2 Trailer
5284	Mini Ninjas HIRO Vignette
5285	Rogue Warrior Trailer
5286	Oblivion Game of the Year Edition Trailer
5287	Rail Sim Trailer
5288	Prototype Launch Trailer
5289	Prototype Intro
5290	America's Army 3 Long Trailer
5291	Ghostbusters Trailer
5292	Ghostbusters: Rule2 Traps
5293	ARMA 2 USMC Trailer
5294	ARMA 2 In Game Footage
5295	ARMA 2 Citizens Trailer
5296	Cities XL Trailer
5297	Call of Juarez 2: Brothers Trailer
5298	Dawn of War II - Tyranids vs. Eldar
5299	Dawn of War II - Space Marines vs. Orks
5300	Trine Teaser Trailer
5301	Trine Trailer
5303	Tales of Monkey Island Trailer
5304	Droplitz Trailer
5305	Team Fortress 2: Meet the Spy (Russian)
5306	Trine Trailer 3
5307	LEGO Indiana Jones trailer (reslists)
5309	Bionic Command Rearmed Trailer
5310	Bionic Commando Trailer
5311	Champions Online Teaser
5312	Order of War Trailer
5315	X3 Terran Conflict 2.0 Trailer
5316	Anno 1404 Trailer
5317	Anno 1404 Mood Trailer
5319	Batman Arkham Asylum Combat
5320	Batman Arkham Asylum Invisible
5321	Batman Arkham Asylum Joker
5322	Divinity 2 - Trailer 1 (English)
5323	Divinity 2 - Trailer 1 (German)
5324	Divinity 2 - Trailer 2 (German)
5325	Divinity 2 - Trailer 2 (English)
5326	Divinity 2 - Trailer 3 (English)
5327	Divinity 2 - Trailer 3 (German)
5328	Cloudy with a Chance of Meatballs - Trailer
5329	Foreign Legion: Buckets of Blood Trailer
5330	Cricket Revolution Gameplay
5331	Cricket Revolution Trailer
5332	Dawn of Discovery Intro
5333	EVE Online Butterfly Effect
5334	Drug Wars Trailer - No Price
5335	Raven Squad Trailer
5337	Darkest of Days Time Periods
5338	Darkest of Days Instructional Trailer
5339	Darkest of Days Trailer
5340	Section 8 Teaser Trailer
5341	Trine Trailer 4
5342	R.U.S.E. E3 Demo Part 1
5343	R.U.S.E. E3 Demo Part 2
5344	Bookworm Adventures 2
5345	CSI Deadly Intent
5346	Heroes Over Europe
5347	Batman Arkham Asylum Gadgets Trailer
5348	Batman Arkham Asylum Demo Trailer
5349	Ashes Cricket 2009 - Great Players Trailer
5350	Ashes Cricket 2009 - Tunnel Trailer
5351	Ashes Cricket 2009 - World of Cricket Trailer
5353	Wolfenstein Trailer HD
5360	Mini Ninjas - Gameplay Trailer (EU)
5361	Mini Ninjas - Gameplay Trailer (US)
5362	Mini Ninjas - Suzume Trailer (EU)
5363	Mini Ninjas - Suzume Trailer (US)
5364	Crash Time 2 Trailer
5365	Assassins Creed 2 Developer Diary
5366	Section 8 E3 Trailer
5367	Heroes Over Europe - Ace Kill Trailer
5368	Dawn of War 2 - Last Stand
5369	Call of Juarez Bound in Blood - Feature Trailer
5371	Heroes Over Europe - Planes
5372	Aliens vs Predator Marine Reveal Trailer
5374	World of Zoo Trailer
5376	Mini Ninjas - Kunoichi Trailer (EU)
5377	Mini Ninjas - Kunoichi Trailer (US)
5378	Mini Ninjas - Launch Trailer (EU)
5379	Mini Ninjas - Launch Trailer (US)
5386	Batman Arkham Asylum Launch Trailer (EU)
5387	Batman Arkham Asylum Launch Trailer
5388	Heroes Over Europe - Multiplayer Trailer
5389	Empire: Total War - Warpath Campaign (English) Trailer
5390	Empire: Total War - Warpath Campaign (Russian) Trailer
5391	Empire: Total War - Warpath Campaign (Italian) Trailer
5392	Napoleon: Total War Trailer
5394	Empire: Total War - Warpath Campaign (German) Trailer
5395	Risen Trailer
5396	Empire: Total War - Warpath Campaign (French) Trailer
5397	Napoleon: Total War (German) Trailer
5398	Napoleon: Total War (French) Trailer
5399	Napoleon: Total War (Polish) Trailer
5400	Napoleon: Total War (Spanish) Trailer
5401	Napoleon: Total War (Italian) Trailer
5402	Napoleon: Total War (Russian) Trailer
5404	Empire: Total War - Warpath Campaign (Polish) Trailer
5405	Empire: Total War - Warpath Campaign (Spanish) Trailer
5406	cities xl
5409	Modern Warfare 2 - Reveal Trailer
5410	Modern Warfare 2 - MultiPlayer Trailer
5411	Modern Warfare 2 - Gameplay Trailer
5414	Need for Speed SHIFT Trailer
5415	Command & Conquer Red Alert 3 Uprising Trailer
5416	MOHA Trailer
5418	NBA 2K10
5419	Tom Clancy's Splinter Cell Conviction - Numbers
5420	Dreamkiller Trailer
5422	Borderlands Trailer
5424	Metal Drift Trailer
5426	cities game play
5427	Operation Flashpoint - Dragon Rising Weapons Trailer
5428	Operation Flashpoint - Dragon Rising Multiplayer Trailer
5430	Race On Trailer
5433	Doom Rails Trailer
5434	SAW Trailer
5435	Ninja Blade Trailer
5445	Dragon Age Origins Main Trailer
5446	Dragon Age Origins Gameplay Trailer
5447	Dragon Age Origins Stone Prisoner Trailer
5449	Dragon Age Origins Blood Dragon Armor Trailer
5450	Dragon Age Origins Wardens Keep Trailer
5451	Dragon Age Origins Sacred Ashes_2 Trailer
5453	AI War Trailer
5455	Massive Assault Network 2 Trailer
5456	Massive Assault Phantom Renaissance Trailer
5457	Dawn of War II - The Last Stand Developer Diary
5459	Dangerous High Schools in Trouble Trailer
5460	R.U.S.E. - Pump Fake Strategy Trailer
5461	Torchlight Alchemist Trailer
5462	Torchlight Vanquisher Trailer
5463	Torchlight Destroyer Trailer
5464	Tom Clancy's Splinter Cell - Conviction TGS Walk-Thru Video
5465	AvP - Alien Gameplay
5467	Aztaka Trailer
5468	Men of War Red Tide Trailer
5470	Modern Warfare 2 Infamy Trailer
5471	Shattered Horizons Trailer
5472	Zombie Bowl-O-Rama Trailer
5473	Defence Alliance 2 Trailer
5474	East India Company Privateer Trailer
5475	Serious Sam HD Trailer
5476	Killing Floor Level Up Trailer
5477	James Camerons AVATAR - THE GAME Trailer
5478	Command and Conquer 3 Tiberium Wars Trailer
5479	Star Trek DAC Trailer
5480	Sacred 2 Ice and Blood Trailer
5481	Command and Conquer 3 Kanes Wrath Trailer
5483	Shattered Horizon Soundtrack Trailer
5484	James Camerons Avatar - The Game - Developer Diary 2
5486	Shattered Horizon Escalation Trailer
5487	SpellForce Platinum Trailer
5488	Devil May Cry 4
5489	Left 4 Dead 2 - TV Spot 2
5492	Just Cause 2 No Ordinary Trailer
5494	King Arthur Trailer
5495	Altitude Trailer
5496	Serious Sam HD Happy Trailer
5497	Serious Sam Supermercial
5499	Command & Conquer 4 Announcement Trailer
5500	Shattered Horizon Silent Running Trailer
5501	DiRT 2 Trailer
5502	Kings Bounty Armored Princess Trailer
5503	James Camerons Avatar - The Game - Navi Gameplay Trailer
5504	DiRT 2 Steam Trailer
5505	AI War Trailer with Sound
5507	Blood Bowl Trailer
5510	Star Wars Galaxies Trailer
5511	James Camerons Avatar - The Game - Developer Diary 3
5512	Left 4 Dead 2 Final TV Spot
5513	Star Trek Online Gameplay Trailer
5514	Serious Sam HD Release Trailer
5515	Borderlands Zombie Island DLC Trailer
5516	Crash Time 3 PEGI Trailer
5517	Crash Time 3 PEGI Trailer 2
5518	Mass Effect 2 Trailer
5519	James Camerons Avatar - The Game - Developer Diary 4
5520	Altitude Trailer 2
5521	Virtua Tennis 2009 Final Trailer
5522	Fallout 3 Operation Achorage Trailer
5523	Fallout 3 Broken Steel Trailer
5524	Fallout 3 Mothership Zeta Trailer
5525	Fallout 3 Point Lookout Trailer
5526	Fallout 3 Bloodless Trailer
5527	EVE Online Dominion Trailer
5529	Everquest Underfoot Trailer
5530	Americas Army 3 Full Trailer
5531	Americas Army 3 Authenticity Trailer
5532	Americas Army 3 Basic Combat Training Trailer
5533	Americas Army 3 New Features Trailer
5534	Americas Army 3 Technology Trailer
5535	Just Cause 2: The Laws of Physics Trailer
5536	Napoleon Trailer - Story Mode
5537	Europa Universalis III Heir to the Throne Trailer
5538	ARMA II Eagle Wing Trailer
5539	Kane and Lynch 2 Trailer
5540	Kane & Lynch 2 Burger Joint Trailer
5541	Zero Gear Trailer
5542	Nuclear Dawn Teaser Trailer
5543	Kane & Lynch 2 Bowling for Shanghai Video
5544	Foreign Legion Buckets of Blood Gameplay Trailer
5545	Prince of Persia Forgotten Sands
5546	James Camerons Avatar - The Game - Launch Trailer
5547	Tom Clancy's Splinter Cell Conviction - Co-op Trailer
5549	Just Cause 2  An Island In Chaos Trailer
5550	Dragon Age Origins Awakening Trailer
5551	Dark Void Trailer
5552	Supreme Commander 2 Trailer
5553	Greed Trailer
5554	Vancouver 2010 UK Trailer
5555	Vancouver 2010 Spain Trailer
5556	Vancouver 2010 Italian Trailer
5557	Vancouver 2010 German Trailer
5558	Vancouver 2010 French Trailer
5559	Vancouver 2010 Australian Trailer
5560	Vancouver 2010 Dutch Trailer
5561	Battlefield: Bad Company 2 Squad Story Trailer
5562	AI War The Zenith Remnant Trailer
5563	Greed Gameplay Trailer
5564	Lego Indiana Jones 2 Trailer
5565	Battlefield: Bad Company 2 Limited Edition Unlocks Trailer
5566	Battlefield: Bad Company 2  E3 Trailer
5567	Battlefield: Bad Company 2 Moments Episode 3 Panama Canal
5568	Battlefield: Bad Company 2 - Moments Episode 2 Arica Harbour
5569	Battlefield: Bad Company 2 Moments Episode One Trailer
5570	Aliens vs. Predator Classic 2000 Trailer
5571	4x4 Hummer Trailer
5572	Lord of the Rings Online Trailer
5573	Warnings at Waverly Academy Trailer
5574	Global Agenda Launch Trailer
5575	Alien Breed Trailer
5576	Galcon Fusion Trailer
5577	Bob Came in Pieces Trailer
5578	Silent Hunter V - Dynamic Campaign Trailer
5579	Mass Effect 2 Launch Trailer
5580	EverQuest II Sentinels Fate Trailer
5581	Toki Tori Trailer
5582	Sonic and SEGA All-Stars Racing Trailer
5583	Secrets of the Magic Crystals Trailer
5584	Order of War Challenge Trailer
5585	Simplz Zoo Trailer
5586	Lost Planet Extreme Condition Colonies Edition
5587	lost planet
5588	Star Wolves 3 Civil War Trailer
5589	Aliens vs. Predator Story Trailer
5590	Aliens vs. Predator Story Trailer (French)
5591	Aliens vs. Predator Story Trailer (Italian)
5592	Aliens vs. Predator Story Trailer (Spanish)
5593	Metro 2033 Trailer
5594	Speedway League Gameplay Trailer
5595	Order of War Challenge ESRB Trailer
5596	Cake Mania Main Street Trailer
5597	Westward IV Trailer
5598	Iron Roses Trailer
5599	Metro 2033 Third Trailer
5600	Metro 2033 3rd Trailer
5601	Front Mission Evolved Trailer
5602	Stargate Resistance Trailer
5603	The Saboteur Trailer
5604	Shattered Horizon Moonrise Trailer
5605	Shatter Trailer
5606	Super Laser Racer Trailer
5607	Fallout New Vegas Teaser Trailer
5608	Supreme Commander 2 Colossus Trailer
5609	Supreme Commander 2 Noah Unit Cannon
5610	Supreme Commander 2 Pulinsmash
5611	Supreme Commander 2 Bomb Bouncer Unit Trailer
5612	Supreme Commander 2 AC1000 Unit Trailer
5613	Fluttabyes Trailer
5614	KrissX Trailer
5615	KrissX Trailer Actual
5616	Mole Control Trailer
5617	Borderlands The Secret Armory of General Knoxx
5618	Silent Hunter 5 Trailer
5619	Splinter Cell Conviction Story Trailer
5620	Settlers 7 Economy Tutorial Trailer
5621	Settlers 7 Victory Points Trailer
5622	Just Cause 2 Freedom and Chaos Trailer
5623	Settlers 7 Victory Points ESRB Trailer
5626	R.U.S.E. Open Beta Improvements
5627	Just Cause 2 Demo Trailer Actual 2
5628	Metro 2033 Ghosts of the Metro Trailer Actual
5629	Mole Control Trailer 2
5630	RUSE Open Beta Introduction
5631	Silent Hunter 5 - Launch Trailer
5632	Prince of Persia Forgotten Sands - Gameplay Reveal Trailer
5633	Silent Hunter 5 - Gameplay Trailer
5634	Sol Survivor Trailer
5635	Sol Survivor Trailer 2
5636	Command and Conquer 4 Cinematics Trailer
5637	Command and Conquer 4 Multiplayer Trailer
5638	Dragon Age Origins Awakening Launch Trailer
5639	MLB 2K10 Trailer
5640	Avencast Trailer
5641	Just Cause 2 Launch Trailer
5642	Batman Game of the Year Edition Trailer
5643	Sam & Max The Devils Playhouse
5644	2XL Supercross Trailer
5645	The Scourge Project: Episode 1 and 2 Trailer
5646	Dark Void Zero Trailer
5647	Order of War Challenge Teaser Trailer
5648	Serious Sam HD The Second Encounter Announcement Video
5649	The Misadventures of P.B. Winterbottom Trailer
5650	Lead and Gold Launch Trailer
5651	Lead and Gold Trapper Trailer
5652	Supreme Commander 2 Flowfield Trailer
5653	Supreme Commander 2 Multiplayer Trailer
5654	Supreme Commander 2 Story Final Trailer
5655	Supreme Commander 2 Tech and Strategy Trailer
5656	Grand Theft Auto - Episodes from Liberty City Trailer
5657	Lead and Gold Release Trailer
5658	Splinter Cell Conviction Multiplayer Part 3
5659	Splinter Cell Conviction Multiplayer Part 2
5660	Splinter Cell Conviction Multiplayer Part 1
5661	Prince of Persia Forgotten Sands Gameplay Trailer
5662	Luftwaffe_teaser
5663	Wings of Luftwaffe Trailer
5664	ArmA II CDF Trailer
5665	ArmA II NAPA Trailer
5666	M.U.D. TV Trailer
5667	Rise of Prussia Trailer
5668	Im Not Alone Trailer
5669	Worms Reloaded Trailer
5670	Tomb Raider Legend Trailer
5671	Just Cause 2 Launch Trailer - French
5672	Just Cause 2 Launch Trailer - Italian
5673	Just Cause 2 Launch Trailer - Spanish
5674	Aquanox Trailer
5675	Aquanox2 Trailer
5676	Trine Path To New Dawn Trailer
5677	BLUR1_trailer
5678	BLUR2_trailer
5679	BLUR3a_trailer
5680	BLUR4_trailer
5681	WhisperedWorld Trailer
5682	BoosterTrooper Trailer
5683	Agatha Christie: Murder on the Orient Express Trailer
5684	Agatha Christie: And then there were none Trailer
5685	Agatha Christie: Evil under the sun Trailer
5686	shatteredHorizon_firepower
5687	Altitude_Gameplay_April2010
5688	Serious Sam HD The Second Encounter Launch Video
5689	Serious Sam HD The Second Encounter - House of Sam Video
5690	Sid Meiers Civilization V Teaser
5691	Rocket Knight Launch Trailer
5692	F.E.A.R. Teaser Trailer 1
5693	F.E.A.R. E3 Trailer 1
5694	FEAR - E3 Trailer
5695	FEAR - Teaser Trailer
5697	Prince of Persia Forgotten Sands Opening Cinematic
5698	Max and the Magic Marker
5700	Chrome Trailer 1
5701	Chrome - SpecForce Trailer 1
5702	BLUR Trailer 3
5703	StargateResistance
5706	Guns Of Icarus 1
5707	BLUR Trailer 2
5708	Medal of Honor Trailer
5710	Fallout: New Vegas
5711	Fallout: New Vegas
5712	GratuitousSpaceBattlesSwarm
5713	Super Meat Boy Trailer 2
5714	Sniper Ghost Warrior Trailer 3
5715	Prince of Persia Forgotten Sands Launch Trailer
5716	Sniper Ghost Warrior Trailer 1.1
5717	Sniper Ghost Warrior Trailer 2.1
5718	Lara Croft Announce Trailer 1
5719	DogFighter Trailer 1.3
5720	F.E.A.R. 3 Trailer
5721	Napoleon: Total War - Peninsular Campaign
5722	Alien Swarm Launch Video
5724	Free Yourself - 5.26.2010
5725	Eve Online - Tyrannis
5726	Alien Breed Impact Trailer
5727	Age of Conan - Rise of the Godslayer Trailer
5728	Arma 2 - Operation Arrowhead Trailer
5729	Ziro Steam Trailer
5730	eversion Trailer
5731	Jolly Rover Trailer
5732	Hearts of Iron III - Semper Fi Trailer
5734	Team Fortress 2 - Mac Trailer
5735	Alien Breed Impact Trailer 1.1
5736	Voodoo Dice Singleplayer Trailer
5737	Voodoo Dice Multiplayer Trailer
5738	Fallout New Vegas trailer
5739	Portal 2 Teaser
5740	Homefront Teaser trailer
5741	Homefront Back Story trailer
5742	Puzzle Dimension trailer
5743	Red Faction Armageddon Trailer
5744	KL2 Arcade Mode English (PEGI)
5745	KL2 Arcade Mode (French)
5746	KL2 Arcade Mode (German)
5747	KL2 Arcade Mode (Italian)
5748	KL2 Arcade Mode (Spanish)
5749	KL2 Arcade Mode (English)
5750	KL2 Cops Robbers Mode - English (PEGI)
5751	KL2 Cops Robbers Mode (French)
5752	KL2 Cops Robbers Mode (Italian)
5753	KL2 Cops Robbers Mode (Spanish)
5754	KL2 Cops Robbers Mode (English)
5755	KL2 Cops Robbers Mode (German)
5756	KL2 Fragile Alliance Mode  - English (PEGI)
5757	KL2 Fragile Alliance Mode (French)
5758	KL2 Fragile Alliance Mode (German)
5759	KL2 Fragile Alliance Mode (Italian)
5760	KL2 Fragile Alliance Mode (Spanish)
5761	KL2 Fragile Alliance Mode (English)
5762	KL2 She Better Be Worth It - English (PEGI)
5763	KL2 She Better Be Worth It (French)
5764	KL2 She Better Be Worth It (German)
5765	KL2 She Better Be Worth It (Italian)
5766	KL2 She Better Be Worth It (Russian)
5767	KL2 She Better Be Worth It (Spanish)
5768	KL2 She Better Be Worth It (English)
5769	KL2 Undercover Cop Mode (French)
5770	KL2 Undercover Cop Mode (German)
5771	KL2 Undercover Cop Mode (Italian)
5772	KL2 Undercover Cop Mode (Spanish)
5773	KL2 Undercover Cop Mode (English)
5774	KL2 Undercover Cop Mode - English (PEGI)
5775	Transformers Revel Trailer
5776	Shrek Forever After Trailer
5777	Singularity Trailer
5778	TDU2 Trailer
5779	Razor2 Trailer
5780	Numen_Eng
5781	Guild2AO
5782	TheGuild2
5783	Guild2AO_No2
5784	Harry Potter (Lego) - Trailer
5785	X3 Terran Conflict Trailer 2.6
5786	Portal 2 E3 Demo (Wheatley)
5787	Portal 2 E3 Demo (Excursion Funnels)
5788	Portal 2 E3 Demo (Faith Plates)
5789	Portal 2 E3 Demo (Lasers)
5790	Portal 2 E3 Demo (Suction)
5791	Portal 2 E3 Demo (Bounce)
5793	Alien Breed Impact Co-op Trailer
5794	Arma 2 - Operation Arrowhead Trailer 2
5795	Portal 2 E3 Demo (Propulsion Gel)
5796	Sacrobar Trailer
5797	Sniper Ghost Warrior Basic Tactics
5798	Puzzle Agent Trailer
5799	Front Mission Evolved E3 Trailer
5800	City of Heroes Trailer
5801	Front Mission Evolved Trailer 2
5802	Moon Base Alpha Trailer
5803	Darwinia_ESRB
5804	4elements_moive
5805	Eschalon_book2
5806	Black _Shark_Trailer1
5807	black_shark_overview
5808	Disciples III - Renaissance Trailer
5809	Future Wars Trailer
5810	MotorM4X Trailer
5811	Rhythm Zone Trailer
5812	Blacklight Tango Down Teaser
5813	Blacklight Tango Down Madness Of War Trailer
5814	Arcania Trailer
5815	Chaser Trailer
5816	Guill 2 Renaissance
5817	Medal of Honor - Limited Edition
5818	Medal of Honor - WOLF
5819	Medal of Honor - MISSIONS
5820	Medal of Honor - Announce Long
5821	Medal of Honor - T6E3SP
5822	Medal of Honor - E3MP
5823	Tidalis Launch Trailer
5824	Tidalis Extended Trailer
5825	Alien Swarm Gameplay Video
5826	Fallen Earth - Better Off
5827	Fallen Earth - Sniper
5828	Fallen Earth - Reviews
5829	Global Agenda Mashup
5830	Burn Zombie Burn Trailer
5831	GREED - Final
5832	Rig n Roll Trailer
5833	The Guild 2: Renaissance Trailer
5834	Mafia II - Dev Diary 1
5835	Mafia II - Dev Diary 2
5836	Mafia II - Dev Diary 3
5837	Mafia II - Boom Boom
5838	Mafia II - E3 Trailer
5839	Worms Reloaded Trailer 2
5840	Lara Croft Guardian of Light Trailer 2 (PEGI)
5841	DC Universe Online - E3 Trailer
5842	Trainz 2010 Trailer
5843	WMC Twice in a Blue Moon Trailer
5844	Deus Ex Human Revolution Trailer
5845	AC_Dead_Mans_Folly_Trailer
5846	Buried_In_Time_Trailer
5847	DeadTime_Stories_Trailer
5848	Paradise Quest Trailer
5849	Treasures_of_the_Serengeti Trailer
5850	WMC A Darker Shade
5851	WMC Death_in_Scarlet Trailer
5852	AlterEgo Trailer
5853	Commander - CotA Trailer
5854	Kane & Lynch 2 - Focus on the Job - PEGI (EN)
5855	Kane & Lynch 2 - Focus on the Job - ESRB (EN)
5856	Kane & Lynch 2 - Focus on the Job (FR)
5857	Kane & Lynch 2 - Focus on the Job (IT)
5858	Kane & Lynch 2 - Focus on the Job (ES)
5859	Kane & Lynch 2 - Focus on the Job (DE)
5860	Kane & Lynch 2 - You Think You Can Kill Me (DE)
5861	Lara Croft Guardian of Light Trailer 2 (ESRB)
5862	Kane & Lynch 2 - You Think You Can Kill Me (PEGI) (EN)
5863	The Ball Trailer 1
5864	Kane & Lynch 2 - You Think You Can Kill Me (ESRB) (EN)
5865	Kane & Lynch 2 - You Think You Can Kill Me (IT)
5866	Kane & Lynch 2 - You Think You Can Kill Me (ES)
5867	Kane & Lynch 2 - You Think You Can Kill Me (FR)
5868	DC Universe Online Trailer 2
5869	Puzzle Quest 2 Trailer
5870	Dungeon Siege 3 Trailer
5871	Power of Defense Trailer
5872	H.A.W.X. 2 Trailer
5873	Horrid Henry Trailer
5874	Ziro Trailer
5875	Nation Red Trailer
5876	Burn Zombie Burn Trailer 2
5877	Kane & Lynch 2 - Most Notorious Criminals (ES)
5878	Kane & Lynch 2 - Most Notorious Criminals (ESRB) (EN)
5879	Kane & Lynch 2 - Most Notorious Criminals (DE)
5880	Kane & Lynch 2 - Most Notorious Criminals (PEGI) (EN)
5881	City of Heroes - Going Rogue Trailer
5882	SimCity 4 - Rush Hour Expansion Pack Trailer
5883	F1 2010 Trailer
5884	Football Manager 2011 Dev Diary
5885	Cossacks Trailer
5886	Aura2 Trailer
5887	swarmArena
5888	ARMA II - British Armed Force Trailer
5889	Aura Trailer
5890	Blade Kitten Trailer
5891	ArcaniA Trailer2
5894	Demolition Company Trailer
5895	Nuclear Dawn Trailer
5896	H.A.W.X.2 Story Trailer
5897	Dead Rising 2 Trailer
5898	R.U.S.E. Divide and Conquer Trailer
5899	Patrician IV Teaser
5900	Patrician IV Teaser - DE
5901	Ship Simulator Spoof
5902	BladeKittenTrailer 2
5903	chime04
5904	Ship Simulator - Release Trailer
5905	Brink - Teaser Trailer
5906	Brink - Trailer 2
5907	Space Marine
5908	Call of Duty - Black OPS Trailer
5909	Hunted - Trailer
5912	MOH - Fallen Angel
5913	Kane & Lynch 2 - DLC Trailer (DE)
5914	Kane & Lynch 2 - DLC Trailer (ES)
5915	Kane & Lynch 2 - DLC Trailer (ESRB) (EN)
5916	Kane & Lynch 2 - DLC Trailer (IT)
5917	Kane & Lynch 2 - DLC Trailer (PEGI) (EN)
5918	Kane & Lynch 2 - DLC Trailer (FR)
5921	Chime Preview Trailer 2
5922	NyxQuest Trailer
5926	Portal 2 Co-op Trailer
5927	Chime01
5928	chime03Tutorial
5929	chime03Markus
5930	Portal 2 PAX Trailer
5931	Delve Deeper Trailer
5932	Alien Breed 2 Trailer
5934	Bloody Good Time Clown Trailer (EN)
5935	Bloody Good Time Clown Trailer (FR)
5936	Bloody Good Time Clown Trailer (IT)
5937	Bloody Good Time Clown Trailer (DE)
5938	Bloody Good Time Clown Trailer (ES)
5939	Star Ruler - Trailer
5940	MOH - Part 4
5941	MOH - Part 3
5942	MOH - Part 2
5943	Mount & Blade WB
5944	KB Crossworlds 1
5945	MOH - Part 5
5946	Lost Horizon Trailer
5947	Airforte Preview
5948	Trailer (reslists)
5949	Haunted House Trailer 1
5950	Haunted House Trailer 2
5951	Shank Trailer
5952	Left 4 Dead - The Sacrifice Teaser
5954	Governor of Poker 2
5955	NBA 2K11
5956	NBA 2K11 Trailer
5957	Polynomial Trailer
5962	X-Superbox Trailer
5967	GWEN Trailer
5968	X Superbox Trailer
5969	Recettear Trailer (JP)
5970	GWEN
5971	MOH - Launch Trailer
5972	MOH - Accolade
5973	MOH - Real Deal
5974	MOH - Mindset
5975	Homefront
5976	MX vs ATV Trailer
5977	Grotesque Tactics Trailer
5979	Doc Clock Gameplay Trailer
5980	Arcania Release Trailer
5981	Cities XL 2011 - Trailer (French)
5982	Cities XL 2011 Trailer
5983	Cities XL 2011 - Trailer ESRB
5984	MX vs ATV Reflex Trailer
5985	ProtoGalaxy Trailer
5986	The Ball Launch Trailer
5987	Railworks 2 Trailer
5988	The Ball Launch Trailer 1
5989	The UnderGarden Trailer
5990	DOW2 Retribution Trailer
5991	DOW2 Retribution Tyranid Trailer
5992	DOW2 Retribution Eldar Trailer
5993	Ever Quest - House of Thule ESRB Gameplay Trailer
5994	Swords & Soldiers Trailer
5995	Arcadia Trailer
5996	Railworks 2 Trailer 2
6001	STAR WARS™ Republic Commando
6002	STAR WARS™ Republic Commando
6003	STAR WARS™ Republic Commando
6004	STAR WARS™ Republic Commando
6005	STAR WARS™ Republic Commando
6011	Indiana Jones and the Fate of Atlantis
6012	Indiana Jones and the Fate of Atlantis
6013	Indiana Jones and the Fate of Atlantis
6014	Indiana Jones and the Fate of Atlantis
6015	Indiana Jones and the Fate of Atlantis
6016	Indiana Jones and the Fate of Atlantis
6021	STAR WARS™ Jedi Knight: Jedi Academy™
6022	STAR WARS™ Jedi Knight: Jedi Academy™
6023	STAR WARS™ Jedi Knight: Jedi Academy™
6024	STAR WARS™ Jedi Knight: Jedi Academy™
6031	STAR WARS™ Jedi Knight II: Jedi Outcast™
6032	STAR WARS™ Jedi Knight II: Jedi Outcast™
6033	STAR WARS™ Jedi Knight II: Jedi Outcast™
6034	STAR WARS™ Jedi Knight II: Jedi Outcast™
6035	STAR WARS™ Jedi Knight II: Jedi Outcast™
6036	STAR WARS™ Jedi Knight II: Jedi Outcast™
6037	STAR WARS™ Jedi Knight II: Jedi Outcast™
6041	The Dig
6042	The Dig
6043	The Dig
6044	The Dig
6045	The Dig
6046	The Dig
6051	Zak McKracken and the Alien Mindbenders
6052	Zak McKracken and the Alien Mindbenders
6053	Zak McKracken and the Alien Mindbenders
6054	Zak McKracken and the Alien Mindbenders
6061	Star Wars: Battlefront 2 (Classic, 2005)
6062	Star Wars: Battlefront 2 (Classic, 2005)
6063	Star Wars: Battlefront 2 (Classic, 2005)
6064	Star Wars: Battlefront 2 (data)
6065	Star Wars: Battlefront 2 (data)
6071	The Secret of Monkey Island
6081	Thrillville: Off the Rails
6082	Thrillville: Off the Rails
6083	Thrillville: Off the Rails
6084	Thrillville: Off the Rails
6085	Thrillville: Off the Rails
6091	Armed and Dangerous
6092	Armed and Dangerous
6093	Armed and Dangerous
6094	Armed and Dangerous
6095	Armed and Dangerous
6101	Eets / Eets Demo
6102	Eets
6121	Shank
6131	Shank Demo
6201	Ghost Master
6202	Ghost Master
6203	Ghost Master
6204	Ghost Master
6205	Ghost Master
6211	Vegas: Make It Big
6221	FlatOut
6222	FlatOut
6231	FlatOut Demo
6241	Mashed
6251	Making History: The Calm & The Storm
6252	Making History: The Calm & The Storm
6261	Making History: The Calm & The Storm Demo
6271	Ducati World Championship
6272	Ducati World Championship
6291	Alien Shooter: Vengeance
6301	Dreamfall: The Longest Journey
6302	Dreamfall: The Longest Journey
6303	Dreamfall: The Longest Journey
6304	Dreamfall: The Longest Journey
6305	Dreamfall: The Longest Journey
6311	The Longest Journey
6321	The Longest Journey Demo
6331	Age of Conan: Hyborian Adventures / Age of Conan: Hyborian Adventures
6332	Age of Conan: Hyborian Adventures
6351	Age of Conan: Rise of the Godslayer / Age of Conan: Rise of the Godslayer
6352	Age of Conan: Rise of the Godslayer
6371	Bloodline Champions
6401	Joint Task Force
6402	Joint Task Force
6403	Joint Task Force
6404	Joint Task Force
6405	Joint Task Force
6406	Joint Task Force
6407	Joint Task Force
6411	Joint Task Force Demo
6421	Nexus: The Jupiter Incident
6511	Lost Planet: Extreme Condition
6512	Lost Planet: Extreme Condition
6513	Lost Planet: Extreme Condition
6514	Lost Planet: Extreme Condition
6515	Lost Planet: Extreme Condition
6516	Lost Planet: Extreme Condition
6517	Lost Planet: Extreme Condition
6518	Lost Planet: Extreme Condition
6519	Lost Planet: Extreme Condition
6531	Lost Planet: Extreme Conditions Demo
6541	Lost Planet: Extreme Conditions DX10 Demo
6551	Devil May Cry 3: Special Edition
6552	Devil May Cry 3: Special Edition
6553	Devil May Cry 3: Special Edition
6571	Onimusha 3: Demon Siege
6581	Lost Planet: Extreme Condition Trial
6591	Lost Planet: Extreme Condition DirectX10 Trial
6601	Bullet Candy
6602	Bullet Candy
6611	Bullet Candy
6751	Steamworks Example
6801	Commandos: Behind Enemy Lines
6811	Commandos: Beyond the Call of Duty
6821	Commandos: Strike Force
6822	Commandos: Strike Force
6823	Commandos: Strike Force
6824	Commandos: Strike Force
6825	Commandos: Strike Force
6826	Commandos: Strike Force
6827	Commandos: Strike Force
6831	Commandos 2: Men of Courage
6832	Commandos 2: Men of Courage
6833	Commandos 2: Men of Courage
6841	Commandos 3: Destination Berlin
6851	Hitman 2: Silent Assassin
6861	Hitman: Blood Money
6862	Hitman: Blood Money
6863	Hitman: Blood Money
6871	Battlestations: Midway
6872	Battlestations: Midway
6873	Battlestations: Midway
6874	Battlestations: Midway
6881	Just Cause
6882	Just Cause
6883	Just Cause
6884	Just Cause
6885	Just Cause
6886	Just Cause
6887	Just Cause
6888	Just Cause
6889	Just Cause
6890	Just Cause
6891	Just Cause
6901	Hitman: Codename 47
6911	Deus Ex: Game of the Year Edition
6921	Deus Ex: Invisible War
6931	Just Cause Demo
6941	Battlestations: Midway Multiplayer Demo
6951	Hitman: Blood Money Demo
6981	Thief: Deadly Shadows
6982	Thief: Deadly Shadows
6991	Tomb Raider: Angel of Darkness
7001	Tomb Raider: Legend
7002	Tomb Raider: Legend
7003	Tomb Raider: Legend
7004	Tomb Raider: Legend
7005	Tomb Raider: Legend
7011	Project: Snowblind
7012	Project: Snowblind
7013	Project: Snowblind
7021	Rogue Trooper
7022	Rogue Trooper
7023	Rogue Trooper
7024	Rogue Trooper
7025	Rogue Trooper
7026	Rogue Trooper
7031	Tomb Raider: Legend Demo
7051	Project: Snowblind Demo
7061	Infernal
7062	Infernal
7063	Infernal
7071	Infernal
7072	Infernal (data)
7073	Infernal (data)
7081	Infernal Demo
7091	Tomb Raider Annverisary Beta
7092	Tomb Raider Annverisary Beta
7093	Tomb Raider Annverisary Beta
7111	Jade Empire: Special Edition
7112	Jade Empire: Special Edition
7113	Jade Empire: Special Edition
7114	Jade Empire: Special Edition
7115	Jade Empire: Special Edition
7116	Jade Empire: Special Edition
7117	Jade Empire: Special Edition
7118	Jade Empire: Special Edition
7119	Jade Empire: Special Edition
7120	Jade Empire: Special Edition
7121	Jade Empire: Special Edition
7122	Jade Empire: Special Edition
7123	Jade Empire: Special Edition
7201	TrackMania United Forever Beta
7202	TrackMania United Forever
7211	Runaway: A Road Adventure
7212	Runaway (data)
7213	Runaway: A Road Adventure
7214	Runaway: A Road Adventure
7221	Runaway 2: Dream of the Turtle
7222	Runaway 2 (data)
7223	Runaway 2 (data)
7224	Runaway 2 (data)
7225	Runaway 2 (data)
7226	Runaway: The Dream of the Turtle
7227	Runaway: The Dream of the Turtle
7228	Runaway: The Dream of the Turtle
7231	Runaway, The Dream of the Turtle Demo
7241	Sherlock Holmes 2
7251	Sherlock Holmes: The Awakened
7252	Sherlock Holmes: The Awakened
7261	Loki / Loki Setup
7262	Loki / Loki Setup
7263	Loki / Loki Setup
7264	Loki / Loki Setup
7265	Loki / Loki Setup
7281	Loki Egyptian Demo
7282	Loki Egyptian Demo
7291	Sherlock Holmes: The Awakened Demo
7331	Atlantis Sky Patrol
7341	Azada
7342	Azada
7351	Fairway Solitaire
7361	Hidden Expedition: Amazon
7371	Hidden Expedition: Everest
7381	Hidden Expedition: Titanic
7391	Mahjong Towers Eternity
7401	Ricochet: Lost Worlds / Ricochet Lost Worlds Demo
7421	Wik and the Fable of Souls / Wik Demo
7441	Big Kahuna Reef
7451	Ricochet Infinity
7471	Simplz Zoo / Simplz Zoo - Demo
7472	Simplz Zoo / Simplz Zoo - Demo
7501	UFO: Afterlight - Old Version
7502	UFO: Afterlight - Old Version
7503	UFO: Afterlight - Old Version
7504	UFO: Afterlight - Old Version
7505	UFO: Afterlight - Old Version
7506	UFO: Afterlight - Old Version
7511	X-Blades
7521	Two Worlds II HD
7522	Two Worlds II HD
7523	Two Worlds II HD
7524	Two Worlds II HD
7525	Two Worlds II HD
7526	Two Worlds II HD
7527	Two Worlds II HD
7531	Two Worlds II Castle Defense
7532	Two Worlds II Castle Defense
7601	Sid Meier's Railroads!
7611	Railroad Tycoon 3
7612	Railroad Tycoon 3
7613	Railroad Tycoon 3
7614	Railroad Tycoon 3
7615	Railroad Tycoon 3
7621	Railroad Tycoon 2: Platinum
7631	Sid Meier's Railroads Demo
7641	Railroad Tycoon
7651	X-COM: Terror from the Deep
7661	X-COM: Apocalypse
7671	BioShock
7672	BioShock
7673	BioShock
7674	BioShock
7675	BioShock
7676	BioShock
7677	BioShock
7678	BioShock
7679	BioShock
7681	BioShock
7682	BioShock
7683	BioShock
7684	BioShock
7685	BioShock
7686	BioShock
7687	BioShock
7688	BioShock
7689	BioShock
7691	BioShock
7692	BioShock
7701	BioShock
7702	BioShock
7703	BioShock
7711	Bioshock Demo
7712	Bioshock Demo
7713	Bioshock Demo
7714	Bioshock Demo
7721	Civilization V
7722	Civilization V
7723	Civilization V Beta
7724	Civilization V Beta
7725	Civilization V Beta
7726	Civilization V Beta
7727	Civilization V Beta
7728	Civilization V Beta
7729	Civilization V Beta
7731	X-COM: Interceptor
7741	NBA 2K9
7751	NBA 2K9
7761	X-COM: UFO Defense
7771	X-COM: Enforcer
7781	MLB® Front Office Manager
7791	NBA 2K9 Demo
7801	Stubbs the Zombie in Rebel Without a Pulse
7802	Stubbs the Zombie in Rebel Without a Pulse
7811	Top Spin 2
7812	Top Spin 2
7813	Top Spin 2
7821	Stubbs The Zombie Demo
7831	Men of War
7832	Men of War
7833	Men of War
7834	Men of War
7835	Men of War
7841	Death Track: Resurrection
7842	Death Track: Resurrection
7843	Death Track: Resurrection
7844	Death Track: Resurrection
7845	Death Track: Resurrection
7851	Cryostasis
7852	Cryostasis
7853	Cryostasis
7854	Cryostasis
7861	NecroVisioN
7862	NecroVisioN
7863	NecroVisioN
7864	NecroVisioN
7865	NecroVisioN
7866	NecroVisioN
7871	1701 A.D.: Gold Edition
7881	1701 A.D.: Sunken Dragon
7891	Men of War - Demo
7901	The Movies / The Movies: Stunts and Effects
7902	The Movies / The Movies: Stunts and Effects
7903	The Movies
7904	The Movies
7905	The Movies
7906	The Movies
7907	The Movies
7908	The Movies
7911	The Movies: Stunts and Effects
7912	The Movies (data)
7921	The Movies Demo
7931	Call of Duty 4: Modern Warfare
7941	Call of Duty 4: Modern Warfare (2007) / Call of Duty 4: Modern Warfare
7942	Call of Duty 4: Modern Warfare (2007) / Call of Duty 4: Modern Warfare
7943	Call of Duty 4: Modern Warfare
7944	Call of Duty 4: Modern Warfare (2007) / Call of Duty 4: Modern Warfare
7945	Call of Duty 4: Modern Warfare (2007) / Call of Duty 4: Modern Warfare
7946	Call of Duty 4: Modern Warfare (2007) / Call of Duty 4: Modern Warfare
7947	Call of Duty 4: Modern Warfare
7948	Call of Duty 4: Modern Warfare (2007) / Call of Duty 4: Modern Warfare
7949	Call of Duty 4: Modern Warfare (2007) / Call of Duty 4: Modern Warfare
7951	Call of Duty 4: Modern Warfare (2007) / Call of Duty 4: Modern Warfare
7952	Call of Duty 4: Modern Warfare
7953	Call of Duty 4: Modern Warfare (2007) / Call of Duty 4: Modern Warfare
7954	Call of Duty 4: Modern Warfare (2007) / Call of Duty 4: Modern Warfare
7955	Call of Duty 4: Modern Warfare
7956	Call of Duty 4: Modern Warfare (2007) / Call of Duty 4: Modern Warfare
7957	Call of Duty 4: Modern Warfare (2007) / Call of Duty 4: Modern Warfare
7958	Call of Duty 4: Modern Warfare
7959	Call of Duty 4: Modern Warfare (2007) / Call of Duty 4: Modern Warfare
7961	Call of Duty 4: Modern Warfare (2007) / Call of Duty 4: Modern Warfare
7962	Call of Duty 4: Modern Warfare (2007) / Call of Duty 4: Modern Warfare
7963	Call of Duty 4: Modern Warfare (2007) / Call of Duty 4: Modern Warfare
7964	Call of Duty 4: Modern Warfare (2007) / Call of Duty 4: Modern Warfare
7965	Call of Duty 4: Modern Warfare (2007) / Call of Duty 4: Modern Warfare
7966	Call of Duty 4: Modern Warfare (2007) / Call of Duty 4: Modern Warfare
7967	Call of Duty 4: Modern Warfare (2007)
7968	Call of Duty 4: Modern Warfare (2007) / Call of Duty 4: Modern Warfare
7969	Call of Duty 4: Modern Warfare (2007) / Call of Duty 4: Modern Warfare
7971	Cabelas Trophy Bucks
7981	Soldier of Fortune: Payback
7982	Soldier of Fortune: Payback
7983	Soldier of Fortune: Payback
7984	Soldier of Fortune: Payback
7985	Soldier of Fortune: Payback
7991	Monster Jam
7992	Monster Jam
8001	Tomb Raider: Anniversary / Tomb Raider: Anniversary
8002	Tomb Raider: Anniversary / Tomb Raider: Anniversary
8003	Tomb Raider: Anniversary / Tomb Raider: Anniversary
8011	Ancient Wars: Sparta
8012	Ancient Wars: Sparta
8013	Ancient Wars: Sparta
8014	Ancient Wars: Sparta
8015	Ancient Wars: Sparta
8031	Tomb Raider: Anniversary Demo
8041	Championship Manager 2007
8042	Championship Manager 2007
8043	Championship Manager 2007
8044	Championship Manager 2007
8045	Championship Manager 2007
8046	Championship Manager 2007 (data)
8047	Championship Manager 2007
8051	Cricket 07
8052	Cricket 07 (data)
8053	Cricket 07 (data)
8054	Cricket 07 (data)
8061	Championship Manager 2008
8062	Championship Manager 2008
8063	Championship Manager 2008
8064	Championship Manager 2008
8065	Championship Manager 2008
8071	Championship Manager 2008 Demo
8081	Kane & Lynch: Dead Men
8082	Kane & Lynch: Dead Men
8083	Kane & Lynch: Dead Men
8084	Kane & Lynch: Dead Men
8085	Kane & Lynch: Dead Men
8091	Conflict: Denied Ops Demo
8101	Conflict: Denied Ops
8102	Conflict: Denied Ops
8103	Conflict: Denied Ops
8104	Conflict: Denied Ops
8105	Conflict: Denied Ops
8106	Conflict: Denied Ops
8107	Conflict: Denied Ops
8108	Conflict: Denied Ops
8109	Conflict: Denied Ops
8111	Conflict: Denied Ops
8112	Conflict: Denied Ops (dedicated)
8113	Conflict: Denied Ops (dedicated)
8114	Conflict: Denied Ops (dedicated)
8115	Conflict: Denied Ops (dedicated)
8116	Conflict: Denied Ops (dedicated)
8117	Conflict: Denied Ops (dedicated)
8118	Conflict: Denied Ops (dedicated)
8121	Conflict: Denied Ops
8141	Tomb Raider: Underworld
8151	Tomb Raider: Underworld Demo
8161	Shellshock 2: Blood Trails
8162	Shellshock 2: Blood Trails
8163	Shellshock 2: Blood Trails
8164	Shellshock 2: Blood Trails
8165	Shellshock 2: Blood Trails
8166	Shellshock 2: Blood Trails
8171	Battlestations: Pacific
8181	Battlestations: Pacific - Demo
8191	Just Cause 2
8201	Sam & Max 101: Culture Shock
8202	Sam & Max 101: Culture Shock
8203	Sam & Max 101: Culture Shock
8204	Sam & Max 101: Culture Shock
8205	Sam & Max 101 (data)
8206	Sam & Max 101 (data)
8211	Sam & Max 102: Situation: Comedy
8212	Sam & Max 102: Situation: Comedy
8213	Sam & Max 102: Situation: Comedy
8214	Sam & Max 102: Situation: Comedy
8215	Sam & Max 102 (data)
8216	Sam & Max 102 (data)
8221	Sam & Max 103: The Mole, the Mob and the Meatball
8222	Sam & Max 103: The Mole, the Mob and the Meatball
8223	Sam & Max 103: The Mole, the Mob and the Meatball
8224	Sam & Max 103: The Mole, the Mob and the Meatball
8225	Sam & Max 103 (data)
8226	Sam & Max 103 (data)
8231	Sam & Max 104: Abe Lincoln Must Die!
8232	Sam & Max 104: Abe Lincoln Must Die!
8233	Sam & Max 104: Abe Lincoln Must Die!
8234	Sam & Max 104: Abe Lincoln Must Die!
8235	Sam & Max 104 (data)
8236	Sam & Max 104 (data)
8241	Sam & Max 105: Reality 2.0
8242	Sam & Max 105: Reality 2.0
8243	Sam & Max 105: Reality 2.0
8244	Sam & Max 105: Reality 2.0
8245	Sam & Max 105 (data)
8246	Sam & Max 105 (data)
8251	Sam & Max 106: Bright Side of the Moon
8252	Sam & Max 106: Bright Side of the Moon
8253	Sam & Max 106: Bright Side of the Moon
8254	Sam & Max 106: Bright Side of the Moon
8255	Sam & Max 106 (data)
8256	Sam & Max 106 (data)
8261	Sam & Max 201: Ice Station Santa
8262	Sam & Max 201: Ice Station Santa
8272	Sam & Max 202: Moai Better Blues
8273	Sam & Max 202: Moai Better Blues
8281	Sam & Max 203: Night of the Raving Dead
8282	Sam & Max 203: Night of the Raving Dead
8291	Sam & Max 204: Chariots of the Dogs
8292	Sam & Max 204: Chariots of the Dogs
8301	Sam & Max 205: What's New Beelzebub?
8302	Sam & Max 205: What's New Beelzebub?
8311	Bone: Out from Boneville
8321	Bone: The Great Cow Race
8331	Telltale Texas Hold'Em
8341	Strong Bad Episode 1: Homestar Ruiner
8342	Strong Bad Episode 1: Homestar Ruiner
8351	Strong Bad Episode 2: Strong Badia the Free
8352	Strong Bad Episode 2: Strong Badia the Free
8361	Strong Bad Episode 3: Baddest of the Bands
8362	Strong Bad Episode 3: Baddest of the Bands
8371	Strong Bad Episode 4: Dangeresque 3
8372	Strong Bad Episode 4: Dangeresque 3
8381	Strong Bad Episode 5: 8-Bit Is Enough
8382	Strong Bad Episode 5: 8-Bit Is Enough
8401	Geometry Wars: Retro Evolved
8411	Geometry Wars: Retro Evolved
8501	EVE Online
8502	EVE Online (data)
8503	EVE Online
8601	RACE 07 / RACE 07 Dedicated Server / Race Injection
8602	RACE 07 / RACE 07 Dedicated Server / Race Injection
8603	Race Injection
8604	RACE 07: Andy Priaulx Crowne Plaza Raceway / RACE 07 Demo - Crowne Plaza Raceway edition / RACE 07 Demo - Crowne Plaza Edition Dedicated Server
8605	RACE 07
8606	RACE 07
8607	RACE 07
8608	RACE 07
8609	RACE 07
8611	RACE 07
8612	RACE 07
8613	RACE 07
8614	RACE 07
8615	RACE 07 (data)
8616	RACE 07
8618	RACE 07
8619	RACE 07 / RACE On / RACE 07: Andy Priaulx Crowne Plaza Raceway / GTR Evolution / STCC: The Game / STCC II / RACE 07 - Formula RaceRoom Add-On / GT Power Expansion / The Retro Expansion / The WTCC 2010 Pack / Race Injection
8621	Attack on Pearl Harbor
8631	Attack on Pearl Harbor Demo
8641	RACE On
8661	GTR Evolution
8691	STCC: The Game
8701	STCC: The Game Demo / STCC - The Game Demo Dedicated Server
8721	GTR Evolution Demo / GTR Evolution Demo Dedicated Server
8741	Puzzlegeddon
8751	Puzzlegeddon Demo
8761	RACE On - DEMO / RACE On - Demo: Dedicated Server
8791	GTR 2 - FIA GT Racing Game
8801	Sid Meier's Civilization IV: Beyond the Sword
8802	Sid Meier's Civilization IV: Beyond the Sword
8803	Sid Meier's Civilization IV: Beyond the Sword
8804	Sid Meier's Civilization IV: Beyond the Sword
8811	Civilization IV: Beyond the Sword
8812	Civilization IV: Warlords (Mac)
8813	Civilization IV: Beyond the Sword (Mac)
8821	Sid Meier's Civilization IV: Beyond the Sword - Final Frontier Demo
8841	Major League Baseball 2K9
8851	BioShock 2
8852	BioShock 2
8853	BioShock 2
8854	BioShock 2
8855	BioShock 2
8881	Freedom Force
8891	Freedom Force vs. the 3rd Reich
8901	Freedom Force - Demo
8911	Freedom Force vs. the 3rd Reich - Demo
8931	Sid Meier's Civilization V
8932	Sid Meier's Civilization V
8933	Sid Meier's Civilization V
8934	Sid Meier's Civilization V
8935	Sid Meier's Civilization V
8936	Sid Meier's Civilization V
8937	Sid Meier's Civilization V
8938	Sid Meier's Civilization V
8939	Sid Meier's Civilization V
8941	Civilization V
8949	Civilization V
8951	Borderlands
8971	Axel & Pixel
8981	Borderlands GOTY
8982	Borderlands GOTY
8983	Borderlands GOTY
8984	Borderlands GOTY
8985	Borderlands GOTY
8986	Borderlands GOTY
8991	Borderlands GOTY / Borderlands DLC: The Zombie Island of Dr. Ned
8992	Borderlands GOTY
9001	Wolfenstein 3D: Spear of Destiny
9011	Return to Castle Wolfenstein
9021	Wolfenstein: Enemy Territory
9031	Quake Mission Pack 2: Dissolution of Eternity
9041	Quake Mission Pack 1: Scourge of Armagon
9051	DOOM 3 / DOOM 3: Resurrection of Evil
9052	DOOM 3 / DOOM 3: Resurrection of Evil
9053	DOOM 3 / DOOM 3: Resurrection of Evil
9054	DOOM 3 / DOOM 3: Resurrection of Evil
9055	DOOM 3 / DOOM 3: Resurrection of Evil
9056	DOOM 3
9057	DOOM 3 / DOOM 3: Resurrection of Evil
9061	HeXen II
9071	DOOM 3: Resurrection of Evil
9081	Quake III Arena Demo
9091	Quake III: Team Arena Demo
9101	DOOM 3 Demo
9121	Hexen II Demo
9131	Quake II Demo
9161	Master Levels for DOOM II
9181	Commander Keen Complete Pack
9191	Doom 3 (dedicated server)
9201	RAGE
9202	RAGE
9203	RAGE
9204	RAGE
9205	RAGE
9206	RAGE
9207	RAGE
9208	RAGE
9209	RAGE
9210	RAGE
9238	RAGE
9239	RAGE
9240	RAGE
9241	RAGE
9301	Company of Heroes Singleplayer Demo
9302	Company of Heroes Singleplayer Demo
9321	Dawn of War Demo
9331	Dawn of War Winter Assault Demo
9341	Company of Heroes
9342	Company of Heroes (localization)
9343	Company of Heroes (localization)
9344	Company of Heroes (localization)
9345	Company of Heroes (localization)
9346	Company of Heroes (localization)
9347	Company of Heroes: Opposing Fronts
9348	Company of Heroes: Opposing Fronts
9349	Company of Heroes: Opposing Fronts
9351	Supreme Commander / Supreme Commander Editor
9352	Supreme Commander
9353	Supreme Commander
9354	Supreme Commander
9355	Supreme Commander / Supreme Commander Editor
9356	Supreme Commander / Supreme Commander Editor
9357	Supreme Commander / Supreme Commander Editor
9358	Supreme Commander / Supreme Commander Editor
9359	Supreme Commander / Supreme Commander Editor
9360	Supreme Commander Editor
9361	Supreme Commander / Supreme Commander Editor
9362	Supreme Commander (data)
9363	Supreme Commander / Supreme Commander Editor
9364	Supreme Commander / Supreme Commander Editor
9371	Supreme Commander Editor
9391	S.T.A.L.K.E.R.: Shadow of Chernobyl
9392	S.T.A.L.K.E.R.: Clear Sky (localization)
9393	S.T.A.L.K.E.R.: Clear Sky (localization)
9394	S.T.A.L.K.E.R.: Clear Sky (localization)
9395	S.T.A.L.K.E.R.: Clear Sky (localization)
9396	S.T.A.L.K.E.R.: Clear Sky (localization)
9401	Juiced 2: Hot Import Nights
9402	Juiced 2: Hot Import Nights
9403	Juiced 2: Hot Import Nights
9404	Juiced 2: Hot Import Nights
9411	Company of Heroes - Legacy Edition / Company of Heroes: Opposing Fronts
9421	Supreme Commander: Forged Alliance
9422	Supreme Commander: Forged Alliance
9423	Supreme Commander: Forged Alliance
9424	Supreme Commander: Forged Alliance
9425	Supreme Commander: Forged Alliance
9426	Supreme Commander: Forged Alliance
9427	Supreme Commander: Forged Alliance
9428	Supreme Commander: Forged Alliance
9429	Supreme Commander: Forged Alliance
9430	Supreme Commander: Forged Alliance
9431	Supreme Commander: Forged Alliance
9432	Supreme Commander: Forged Alliance (data)
9433	Supreme Commander: Forged Alliance
9434	Supreme Commander: Forged Alliance
9441	Warhammer 40,000: Dawn of War – Soulstorm Demo
9451	Warhammer 40,000: Dawn of War - Soulstorm
9452	Warhammer 40,000: Dawn of War - Soulstorm
9453	Warhammer 40,000: Dawn of War - Soulstorm
9454	Warhammer 40,000: Dawn of War - Soulstorm
9455	Warhammer 40,000: Dawn of War - Soulstorm
9456	Warhammer 40,000: Dawn of War - Soulstorm
9457	Warhammer 40,000: Dawn of War - Soulstorm
9461	Frontlines: Fuel of War
9462	Frontlines: Fuel of War
9463	Frontlines: Fuel of War
9464	Frontlines: Fuel of War
9465	Frontlines: Fuel of War
9466	Frontlines: Fuel of War
9467	Frontlines: Fuel of War
9468	Frontlines: Fuel of War
9469	Frontlines: Fuel of War
9471	Frontlines: Fuel of War
9472	Frontlines: Fuel of War
9473	Frontlines: Fuel of War
9474	Frontlines: Fuel of War (data)
9481	Saints Row 2
9482	Saints Row 2
9483	Saints Row 2
9484	Saints Row 2
9485	Saints Row 2
9486	Saints Row 2
9487	Saints Row 2
9488	Saints Row 2
9489	Saints Row 2
9490	Saints Row 2
9491	Saints Row 2
9492	Saints Row 2
9493	Saints Row 2 (data)
9494	Saints Row 2
9495	Saints Row 2
9496	Saints Row 2
9501	Gish
9502	Gish (Mac)
9511	Gish Demo
9711	Desperados 2: Cooper’s Revenge
9712	Desperados 2: Cooper’s Revenge
9713	Desperados 2: Cooper’s Revenge
9731	Tycoon City: New York
9741	Indigo Prophecy
9742	Indigo Prophecy
9751	Dawn of Magic
9761	Act of War: High Treason
9762	Act of War: High Treason
9763	Act of War: High Treason
9764	Act of War: High Treason
9765	Act of War: High Treason
9791	You Are Empty
9792	You Are Empty (localization)
9793	You Are Empty (localization)
9801	Death to Spies
9802	Death to Spies
9811	The Witcher
9812	The Witcher (localization)
9813	The Witcher (localization)
9814	The Witcher (localization)
9815	The Witcher (localization)
9816	The Witcher (localization)
9817	The Witcher (localization)
9818	The Witcher (localization)
9819	The Witcher (localization)
9841	King's Bounty: The Legend
9851	Codename: Panzers - Cold War
9852	Codename: Panzers - Cold War
9853	Codename: Panzers - Cold War
9854	Codename: Panzers - Cold War
9855	Codename: Panzers - Cold War
9856	Codename: Panzers - Cold War
9861	The Chronicles of Riddick: Assault on Dark Athena
9862	The Chronicles of Riddick: Assault on Dark Athena
9863	The Chronicles of Riddick: Assault on Dark Athena
9864	The Chronicles of Riddick: Assault on Dark Athena
9865	The Chronicles of Riddick: Assault on Dark Athena
9871	Ghostbusters: The Video Game
9881	Champions Online / Champions Online - Free Trial
9901	Star Trek Online / Star Trek Online - Free Trial
9931	Test Drive Unlimited 2
9941	Blade Kitten / Blade Kitten Demo
9942	Blade Kitten
9961	Haunted House (2010)
9971	Star Raiders
9981	The UnderGarden / The Undergarden Demo
9991	Ghostbusters: Sanctum of Slime / Ghostbusters: Sanctum of Slime Demo
10001	Enemy Territory: Quake Wars / Enemy Territory: QUAKE Wars Dedicated Server
10002	Enemy Territory: Quake Wars
10003	Enemy Territory: Quake Wars
10004	Enemy Territory: Quake Wars / Enemy Territory: QUAKE Wars Dedicated Server
10005	Enemy Territory: Quake Wars / Enemy Territory: QUAKE Wars Dedicated Server
10006	Enemy Territory: Quake Wars / Enemy Territory: QUAKE Wars Dedicated Server
10007	Enemy Territory: Quake Wars
10011	Enemy Territory: QUAKE Wars Demo
10021	Enemy Territory: Quake Wars
10031	Enemy Territory: QUAKE Wars Dedicated Server
10041	The History Channel: Battle for the Pacific
10042	The History Channel: Battle for the Pacific
10051	Enemy Territory: QUAKE Wars Demo 2.0
10061	Enemy Territory: Quake Wars
10071	Call of Duty 4: Modern Warfare (2007) / Call of Duty 4: Modern Warfare
10081	Quantum of Solace
10082	Quantum of Solace
10083	Quantum of Solace
10084	Quantum of Solace
10085	Quantum of Solace
10086	Quantum of Solace
10091	Call of Duty: World at War
10092	Call of Duty: World at War
10093	Call of Duty: World at War
10094	Call of Duty: World at War
10095	Call of Duty: World at War
10096	Call of Duty: World at War
10097	Call of Duty: World at War
10101	King's Quest Collection
10111	Space Quest Collection
10121	Aces of the Galaxy
10131	TimeShift
10141	3D Ultra Minigolf Adventures Deluxe
10151	Prototype
10152	Prototype
10153	Prototype
10154	Prototype
10161	Secret Service
10162	Secret Service
10171	Wolfenstein
10172	Wolfenstein
10173	Wolfenstein
10174	Wolfenstein
10175	Wolfenstein
10176	Wolfenstein
10181	Call of Duty: Modern Warfare 2 (2009)
10182	Call of Duty: Modern Warfare 2 (2009) / Call of Duty: Modern Warfare 2 (2009) - Multiplayer
10183	Call of Duty: Modern Warfare 2 (2009) / Call of Duty: Modern Warfare 2 (2009) - Multiplayer
10184	Call of Duty: Modern Warfare 2 (2009) - Multiplayer
10185	Call of Duty: Modern Warfare 2 (2009) / Call of Duty: Modern Warfare 2 (2009) - Multiplayer
10186	Call of Duty: Modern Warfare 2 (2009) / Call of Duty: Modern Warfare 2 (2009) - Multiplayer
10187	Call of Duty: Modern Warfare 2 (2009) / Call of Duty: Modern Warfare 2 (2009) - Multiplayer
10188	Call of Duty: Modern Warfare 2 (2009) / Call of Duty: Modern Warfare 2 (2009) - Multiplayer
10189	Call of Duty: Modern Warfare 2 (2009) / Call of Duty: Modern Warfare 2 (2009) - Multiplayer
10191	Call of Duty: Modern Warfare 2 (2009) / Call of Duty: Modern Warfare 2 (2009) - Multiplayer
10192	Call of Duty: Modern Warfare 2 (2009) / Call of Duty: Modern Warfare 2 (2009) - Multiplayer
10193	Call of Duty: Modern Warfare 2 (2009) / Call of Duty: Modern Warfare 2 (2009) - Multiplayer
10195	Call of Duty: Modern Warfare 2 (2009) - Multiplayer
10196	Call of Duty: Modern Warfare 2 (2009) - Multiplayer
10201	Tarr Chronicles
10202	Tarr Chronicles (localization)
10211	Tarr Chronicles
10221	Postal 3
10222	Postal 3
10223	Postal 3
10224	Postal 3
10231	Dead Mountaineer's Hotel
10232	Dead Mountaineer's Hotel
10233	Dead Mountaineer's Hotel
10234	Dead Mountaineer's Hotel
10241	Stroke of Fate: Operation Valkyrie
10251	PT Boats: Knights of the Sea
10252	PT Boats: Knights of the Sea
10253	PT Boats: Knights of the Sea
10261	PT Boats: South Gambit
10262	PT Boats: South Gambit
10263	PT Boats: South Gambit
10271	Disciples III: Reincarnation
10401	Sega Rally
10402	Sega Rally
10403	Sega Rally
10411	Futbol Manager 2008
10421	Worldwide Soccer Manager 2008
10431	Universe at War: Earth Assault
10432	Universe at War: Earth Assault
10433	Universe at War: Earth Assault
10434	Universe at War: Earth Assault
10435	Universe at War: Earth Assault
10436	Universe at War: Earth Assault
10437	Universe at War: Earth Assault
10438	Universe at War: Earth Assault
10441	The Golden Compass
10442	The Golden Compass
10443	The Golden Compass
10444	The Golden Compass
10445	The Golden Compass
10446	The Golden Compass
10447	The Golden Compass
10461	The Club
10462	The Club
10463	The Club
10464	The Club
10471	Happy Tree Friends: False Alarm
10481	Football Manager 2008
10491	Iron Man
10492	Iron Man
10501	Total War: EMPIRE - Definitive Edition
10502	Total War: EMPIRE - Definitive Edition
10503	Total War: EMPIRE - Definitive Edition
10504	Total War: EMPIRE - Definitive Edition
10505	Total War: EMPIRE - Definitive Edition
10506	Total War: EMPIRE - Definitive Edition
10507	Total War: EMPIRE - Definitive Edition
10508	Total War: EMPIRE - Definitive Edition
10509	Total War: EMPIRE - Definitive Edition
10511	The Incredible Hulk: The Official Videogame
10512	Total War: EMPIRE - Definitive Edition
10513	Total War: EMPIRE - Definitive Edition
10514	Total War: EMPIRE - Definitive Edition
10521	Beijing 2008
10531	Space Siege
10541	Football Manager 2009
10542	Football Manager 2009
10551	Space Siege
10561	Worldwide Soccer Manager 2009
10562	Worldwide Soccer Manager 2009
10571	Football Manager 2009 Demo
10581	Empire: Total War
10582	Empire: Total War (redist)
10583	Empire: Total War (shared)
10584	Empire: Total War (shared)
10591	Football Manager 2009 Korean
10611	Empire: Total War (data)
10612	Empire: Total War
10613	Empire: Total War (redist)
10614	Empire: Total War (localization)
10615	Empire: Total War (localization)
10616	Empire: Total War (localization)
10617	Empire: Total War (localization)
10618	Empire: Total War (localization)
10619	Empire: Total War (localization)
10621	Empire: Total War Demo
10622	Empire: Total War Demo
10623	Empire: Total War Demo
10624	Empire: Total War Demo
10631	Football Manager Live
10641	Empire: Total War Naval Demo
10642	Empire: Total War Naval Demo (data)
10643	Empire: Total War Naval Demo (data)
10644	Empire: Total War Naval Demo
10645	Empire: Total War Naval Demo
10646	Empire: Total War Naval Demo
10647	Empire: Total War Naval Demo
10651	Stormrise / Stormrise
10652	Stormrise / Stormrise
10653	Stormrise / Stormrise
10681	Aliens vs. Predator
10682	Aliens vs. Predator
10683	Aliens vs. Predator
10684	Aliens vs. Predator
10685	Aliens vs. Predator
10686	Aliens vs. Predator
10687	Aliens vs. Predator
10688	Aliens vs. Predator
10689	Aliens vs. Predator
10691	Virtua Tennis 2009
10695	Aliens vs. Predator / Virtua Tennis 2009
10697	Aliens vs. Predator
10701	Speedball 2: Tournament
10702	Speedball 2: Tournament
10703	Speedball 2: Tournament
10704	Speedball 2: Tournament
10705	Speedball 2: Tournament
10706	Speedball 2: Tournament
10707	Speedball 2: Tournament
11001	Loki Norse Demo
11002	Loki Norse Demo
11021	TrackMania Nations Forever
11022	TrackMania Nations Forever
11023	TrackMania Nations Forever (data)
11024	TrackMania Nations Forever (data)
11025	TrackMania Nations Forever (data)
11026	TrackMania Nations Forever (data)
11041	Sherlock Holmes: Nemesis
11051	Dracula: Origin
11061	Pro Cycling Manager Season 2008 / Pro Cycling Manager - Season 2008 Stage Editor
11062	Pro Cycling Manager 2008 (data)
11063	Pro Cycling Manager 2008 (data)
11064	Pro Cycling Manager 2008 (data)
11065	Pro Cycling Manager 2008 (data)
11066	Pro Cycling Manager 2008 (data)
11081	Sherlock Holmes: Nemesis Demo
11091	Dracula: Origin Demo
11121	Pro Cycling Manager Season 2009
11131	Sherlock Holmes: The Mystery of The Mummy
11132	Sherlock Holmes: The Mystery of The Mummy
11141	Sherlock Holmes: The Awakened (2008)
11142	Sherlock Holmes: The Awakened (2008)
11143	Sherlock Holmes: The Awakened (2008)
11144	Sherlock Holmes: The Awakened (2008)
11145	Sherlock Holmes: The Awakened (2008)
11146	Sherlock Holmes: The Awakened (2008)
11151	Sherlock Holmes: The Secret of the Silver Earring
11152	Sherlock Holmes: The Secret of the Silver Earring
11153	Sherlock Holmes: The Secret of the Silver Earring
11154	Sherlock Holmes: The Secret of the Silver Earring
11171	Blood Bowl: Dark Elves Edition
11172	Blood Bowl: Dark Elves Edition
11173	Blood Bowl: Dark Elves Edition
11174	Blood Bowl: Dark Elves Edition
11175	Blood Bowl: Dark Elves Edition
11176	Blood Bowl: Dark Elves Edition
11177	Blood Bowl: Dark Elves Edition
11181	Sherlock Holmes: The Mystery of The Persian Carpet
11182	Sherlock Holmes: The Mystery of The Persian Carpet
11183	Sherlock Holmes: The Mystery of The Persian Carpet
11184	Sherlock Holmes: The Mystery of The Persian Carpet
11185	Sherlock Holmes: The Mystery of The Persian Carpet
11191	Sherlock Holmes versus Jack the Ripper
11192	Sherlock Holmes versus Jack the Ripper
11193	Sherlock Holmes versus Jack the Ripper
11194	Sherlock Holmes versus Jack the Ripper
11201	Shadowgrounds: Survivor
11203	Shadowgrounds: Survivor
11211	Alpha Prime Demo
11221	Shadowgrounds Survivor Demo
11231	Gumboy Tournament
11241	Space Trader: Merchant Marine
11251	Pacific Storm
11261	Pacific Storm: Allies
11271	Gumboy Tournament Demo
11281	Penguins Arena: Sedna's World
11331	Obulis
11341	Larva Mortus
11351	Larva Mortus Demo
11361	Chains
11362	Chains
11371	Nikopol: Secrets of the Immortals
11372	Nikopol: Secrets of the Immortals
11373	Nikopol: Secrets of the Immortals
11374	Nikopol: Secrets of the Immortals
11375	Nikopol: Secrets of the Immortals
11381	Rennsport Manager
11391	Crash Time 2
11421	Clive Barker's Jericho
11422	Clive Barker's Jericho
11423	Clive Barker's Jericho
11431	Clive Barker's Jericho
11432	Clive Barker's Jericho (data)
11433	Clive Barker's Jericho (data)
11441	DiRT
11442	DiRT (data)
11443	DiRT (data)
11444	DiRT (data)
11445	DiRT (data)
11446	DiRT (data)
11447	DiRT (data)
11451	Overlord
11452	Overlord
11453	Overlord / Overlord: Raising Hell
11454	Overlord / Overlord: Raising Hell
11455	Overlord / Overlord: Raising Hell
11456	Overlord / Overlord: Raising Hell
11461	Clive Barker's Jericho Demo
11471	Overlord Demo
11472	Overlord Demo
11473	Overlord Demo
11474	Overlord Demo
11475	Overlord Demo
11476	Overlord Demo
11481	Soldiers: Heroes of World War II - Enhanced Edition
11482	Soldiers: Heroes of World War II - Enhanced Edition
11483	Soldiers: Heroes of World War II - Enhanced Edition
11484	Soldiers: Heroes of World War II - Enhanced Edition
11485	Soldiers: Heroes of World War II - Enhanced Edition
11486	Soldiers: Heroes of World War II - Enhanced Edition
11491	Sensible Soccer 2006
11492	Sensible Soccer 2006 (data)
11493	Sensible Soccer 2006 (data)
11494	Sensible Soccer 2006 (data)
11495	Sensible Soccer 2006 (data)
11496	Sensible Soccer 2006 (data)
11501	ToCA Race Driver 3
11511	The Great Escape (Colditz)
11512	The Prisoner
11513	The Prisoner
11514	The Prisoner
11515	The Prisoner
11521	Brian Lara International Cricket 2007
11522	Brian Lara International Cricket 2007
11523	Brian Lara International Cricket 2007
11551	Second Sight
11561	Maelstrom
11562	Maelstrom
11563	Maelstrom
11564	Maelstrom
11565	Maelstrom
11566	Maelstrom
11571	LMA Manager 2007
11572	LMA Manager 2007 (data)
11573	LMA Manager 2007 (data)
11574	LMA Manager 2007 (data)
11575	LMA Manager 2007 (data)
11576	LMA Manager 2007 (data)
11581	1nsane
11582	1nsane (data)
11583	1nsane (data)
11584	1nsane (data)
11585	1nsane (data)
11586	1nsane (data)
11591	Hospital Tycoon
11601	Left 4 Dead (localization)
11701	Lord of the Rings Online
11702	Lord of the Rings Online (data)
11703	Lord of the Rings Online (data)
11704	Lord of the Rings Online (data)
11705	Lord of the Rings Online (data)
11706	Lord of the Rings Online (data)
11707	Lord of the Rings Online (data)
11708	Lord of the Rings Online (data)
11709	Lord of the Rings Online (data)
11711	Lord of the Rings Online (data)
11712	Lord of the Rings Online (data)
11713	Lord of the Rings Online (data)
11714	Lord of the Rings Online
11715	Lord of the Rings Online (data)
11716	Lord of the Rings Online
11721	Lord of the Rings Online
11901	Lumines / Lumines Demo / Lumines: Advanced Pack
11902	Lumines (data)
11903	Lumines (data)
11911	Lumines / Lumines: Advanced Pack
12101	Grand Theft Auto III
12102	Grand Theft Auto III
12111	Grand Theft Auto: Vice City
12112	Grand Theft Auto: Vice City
12121	Grand Theft Auto: San Andreas
12122	Grand Theft Auto: San Andreas
12123	Grand Theft Auto: San Andreas
12124	Grand Theft Auto: San Andreas
12131	Manhunt
12132	Manhunt
12141	Max Payne
12151	Max Payne 2: The Fall of Max Payne
12161	Midnight Club II
12171	Grand Theft Auto
12181	Grand Theft Auto 2
12191	Wild Metal Country
12201	Bully: Scholarship Edition
12211	Grand Theft Auto IV: The Complete Edition
12212	Grand Theft Auto IV: The Complete Edition
12213	Grand Theft Auto IV: The Complete Edition
12214	Grand Theft Auto IV: The Complete Edition
12215	Grand Theft Auto IV: The Complete Edition
12216	Grand Theft Auto IV: The Complete Edition
12217	Grand Theft Auto IV: The Complete Edition
12218	Grand Theft Auto IV: The Complete Edition
12221	Grand Theft Auto: Episodes from Liberty City
12222	Grand Theft Auto: Episodes from Liberty City
12223	Grand Theft Auto: Episodes from Liberty City
12224	Grand Theft Auto: Episodes from Liberty City
12225	Grand Theft Auto: Episodes from Liberty City
12226	Grand Theft Auto: Episodes from Liberty City
12227	Grand Theft Auto: Episodes from Liberty City
12231	Grand Theft Auto III
12241	Grand Theft Auto: Vice City
12251	Grand Theft Auto: San Andreas
12252	Grand Theft Auto: San Andreas
12261	Max Payne 2 (RU)
12271	Bully: Scholarship Edition
12281	Grand Theft Auto III
12291	Manhunt
12301	Baseball Mogul 2008
12311	Culpa Innata
12312	Culpa Innata
12321	Sacred Gold
12322	Sacred Gold
12331	DarkStar One
12332	DarkStar One
12333	DarkStar One
12341	Jack Keane
12351	Panzer Killer
12361	FlatOut: Ultimate Carnage Collector's Edition
12362	FlatOut: Ultimate Carnage Collector's Edition
12363	FlatOut: Ultimate Carnage Collector's Edition
12371	Jagged Alliance 2: Gold Pack
12381	Jagged Alliance 2 Gold: Unfinished Business
12391	Exodus from the Earth
12401	Baseball Mogul 2009
12411	Cradle of Rome
12421	Perimeter 2: New Earth
12431	SlamIt Pinball: Big Score
12441	Ankh 2: Heart of Osiris
12451	Ankh 3: Battle of the Gods
12461	BC Kings
12471	Port Royale 2
12481	9th Company: Roots of Terror
12501	Puzzle Quest
12511	Prison Tycoon 3: Lockdown
12521	18 Wheels of Steel: American Long Haul
12531	Hunting Unlimited 2008
12541	Mahjongg Investigations: Under Suspicion
12551	Are You Smarter than a 5th Grader?
12561	Ride! Carnival Tycoon
12571	Hot Dish
12581	Dr. Daisy: Pet Vet
12591	Sprint Cars: Road to Knoxville
12601	Midnight Outlaw: 6 Hours to Sun Up
12602	Midnight Outlaw: 6 Hours to Sun Up
12611	Crashday
12631	Legend: Hand of God
12632	Legend: Hand of God
12633	Legend: Hand of God
12634	Legend: Hand of God
12641	Drakensang
12642	Drakensang
12643	Drakensang
12644	Drakensang
12651	Fetch It Again
12661	Miss Popularity
12671	Mission Runway
12681	SpongeBob SquarePants: Nighty Nightmare
12691	Hunting Unlimited 2010
12711	Overlord: Raising Hell
12712	Overlord: Raising Hell
12713	Overlord: Raising Hell
12714	Overlord: Raising Hell
12715	Overlord: Raising Hell
12721	Turning Point: Fall of Liberty
12722	Turning Point: Fall of Liberty
12723	Turning Point: Fall of Liberty
12724	Turning Point: Fall of Liberty
12725	Turning Point: Fall of Liberty
12726	Turning Point: Fall of Liberty
12727	Turning Point: Fall of Liberty
12728	Turning Point: Fall of Liberty
12729	Turning Point: Fall of Liberty
12741	Turning Point: Fall of Liberty
12742	Turning Point: Fall of Liberty
12743	Turning Point: Fall of Liberty
12744	Turning Point: Fall of Liberty
12745	Turning Point: Fall of Liberty
12746	Turning Point: Fall of Liberty
12747	Turning Point: Fall of Liberty
12751	GRID
12771	Rise of the Argonauts
12772	Rise of the Argonauts
12773	Rise of the Argonauts
12774	Rise of the Argonauts
12775	Rise of the Argonauts
12776	Rise of the Argonauts
12791	Damnation
12792	Damnation
12793	Damnation
12794	Damnation
12795	Damnation
12801	FUEL
12811	Overlord II
12812	Overlord II
12813	Overlord II
12814	Overlord II
12815	Overlord II
12821	Overlord II - Demo
12822	Overlord II - Demo
12823	Overlord II - Demo
12824	Overlord II - Demo
12825	Overlord II - Demo
12831	Operation Flashpoint: Dragon Rising / Operation Flashpoint: Dragon Rising Mission Editor
12832	Operation Flashpoint: Dragon Rising
12833	Operation Flashpoint: Dragon Rising
12834	Operation Flashpoint: Dragon Rising
12835	Operation Flashpoint: Dragon Rising
12841	DiRT 2
12842	DiRT 2
12843	DiRT 2
12844	DiRT 2
12845	DiRT 2
12851	FUEL - Demo
12861	Ashes Cricket 2009
12891	Operation Flashpoint: Dragon Rising - Demo
12892	Operation Flashpoint: Dragon Rising - Demo
12893	Operation Flashpoint: Dragon Rising - Demo
12894	Operation Flashpoint: Dragon Rising - Demo
12895	Operation Flashpoint: Dragon Rising - Demo
12901	Audiosurf
12902	Audiosurf / Audiosurf Demo
12903	Audiosurf
12911	Audiosurf Demo
13001	Ninja Reflex: Steamworks Edition / Ninja Reflex: Steamworks Edition Demo
13002	Ninja Reflex: Steamworks Edition
13003	Ninja Reflex: Steamworks Edition
13004	Ninja Reflex: Steamworks Edition
13005	Ninja Reflex: Steamworks Edition
13006	Ninja Reflex: Steamworks Edition
13101	America's Army
13102	America's Army (data)
13103	America's Army
13121	America's Army 3
13122	America's Army 3
13123	America's Army 3 Beta
13124	America's Army 3 (data)
13125	America's Army 3 (data)
13126	America's Army 3 (data)
13127	America's Army 3 (data)
13141	America's Army 3
13161	America's Army 3
13162	America's Army 3
13163	America's Army 3
13181	America's Army 3 Dedicated Server
13182	America's Army 3
13201	Unreal II: The Awakening
13202	Unreal II: The Awakening
13211	Unreal Tournament 3: Black Edition
13212	Unreal Tournament 3: Black Edition
13213	Unreal Tournament 3: Black Edition
13214	Unreal Tournament 3: Black Edition
13215	Unreal Tournament 3: Black Edition
13216	Unreal Tournament 3: Black Edition
13217	Unreal Tournament 3: Black Edition
13218	Unreal Tournament 3: Black Edition
13219	Unreal Tournament 3: Black Edition
13221	Unreal Tournament 3: Black Edition
13222	Unreal Tournament 3: Black Edition
13223	Unreal Tournament 3
13224	Unreal Tournament 3: Black Edition
13231	Unreal Tournament 2004
13232	Unreal Tournament 2004
13233	Unreal Tournament 2004
13234	Unreal Tournament 2004
13235	Unreal Tournament 2004
13236	Unreal Tournament 2004 (localization)
13237	Unreal Tournament 2004 (localization)
13238	Unreal Tournament 2004 (localization)
13241	Unreal Tournament: Game of the Year Edition
13251	Unreal Gold
13252	Unreal Gold
13253	Unreal Gold
13254	Unreal Gold
13255	Unreal Gold
13261	Unreal Development Kit
13501	Prince of Persia: Warrior Within
13502	Prince of Persia: Warrior Within
13503	Prince of Persia: Warrior Within
13504	Prince of Persia: Warrior Within
13505	Prince of Persia: Warrior Within
13506	Prince of Persia: Warrior Within
13511	Tom Clancy's Ghost Recon: Advanced Warfighter 2
13512	Tom Clancy's Ghost Recon: Advanced Warfighter 2
13513	Tom Clancy's Ghost Recon: Advanced Warfighter 2
13514	Tom Clancy's Ghost Recon: Advanced Warfighter 2
13515	Tom Clancy's Ghost Recon: Advanced Warfighter 2
13516	Tom Clancy's Ghost Recon: Advanced Warfighter 2
13521	Far Cry
13522	Far Cry
13523	Far Cry
13524	Far Cry
13525	Far Cry
13531	Prince of Persia: The Two Thrones
13532	Prince of Persia: The Two Thrones
13533	Prince of Persia: The Two Thrones
13534	Prince of Persia: The Two Thrones
13535	Prince of Persia: The Two Thrones
13536	Prince of Persia: The Two Thrones
13541	Tom Clancy's Rainbow Six: Vegas
13542	Tom Clancy's Rainbow Six: Vegas
13543	Tom Clancy's Rainbow Six: Vegas
13544	Tom Clancy's Rainbow Six: Vegas
13545	Tom Clancy's Rainbow Six: Vegas
13546	Tom Clancy's Rainbow Six: Vegas
13561	Tom Clancy's Splinter Cell
13562	Tom Clancy's Splinter Cell
13563	Tom Clancy's Splinter Cell
13571	Tom Clancy's Splinter Cell: Chaos Theory
13572	Tom Clancy's Splinter Cell: Chaos Theory
13573	Tom Clancy's Splinter Cell: Chaos Theory
13574	Tom Clancy's Splinter Cell: Chaos Theory
13575	Tom Clancy's Splinter Cell: Chaos Theory
13576	Tom Clancy's Splinter Cell: Chaos Theory
13577	Tom Clancy's Splinter Cell: Chaos Theory
13578	Tom Clancy's Splinter Cell: Chaos Theory
13581	Tom Clancy's Splinter Cell: Double Agent
13582	Tom Clancy's Splinter Cell: Double Agent
13583	Tom Clancy's Splinter Cell: Double Agent
13584	Tom Clancy's Splinter Cell: Double Agent
13585	Tom Clancy's Splinter Cell: Double Agent
13586	Tom Clancy's Splinter Cell: Double Agent
13601	Prince of Persia: The Sands of Time
13602	Prince of Persia: The Sands of Time
13603	Prince of Persia: The Sands of Time
13604	Prince of Persia: The Sands of Time
13605	Prince of Persia: The Sands of Time
13606	Prince of Persia: The Sands of Time
13621	Tom Clancy's Ghost Recon: Desert Siege
13631	Tom Clancy's Ghost Recon: Island Thunder
13641	Tom Clancy's Ghost Recon: Advanced Warfighter
13642	Tom Clancy's Ghost Recon: Advanced Warfighter
13643	Tom Clancy's Ghost Recon: Advanced Warfighter
13644	Tom Clancy's Ghost Recon: Advanced Warfighter
13645	Tom Clancy's Ghost Recon: Advanced Warfighter
13646	Tom Clancy's Ghost Recon: Advanced Warfighter
13651	Tom Clancy's Rainbow Six
13661	Tom Clancy's Rainbow Six 2: Rogue Spear / Tom Clancy's Rainbow Six 2: Rogue Spear - Urban Operations
13701	Savage 2: A Tortured Soul
13702	Savage 2: A Tortured Soul
13901	Rise of Nations: Thrones and Patriots
13902	Rise of Nations (data)
13903	Rise of Nations (data)
13904	Rise of Nations (data)
13905	Rise of Nations (data)
13906	Rise of Nations (data)
13907	Rise of Nations (data)
13908	Rise of Nations (data)
13909	Rise of Nations (data)
15001	Tom Clancy's Rainbow Six: Lockdown
15002	Tom Clancy's Rainbow Six: Lockdown
15003	Tom Clancy's Rainbow Six: Lockdown
15004	Tom Clancy's Rainbow Six: Lockdown
15021	IL-2 Sturmovik: 1946
15081	Rayman: Raving Rabbids
15082	Rayman: Raving Rabbids
15083	Rayman: Raving Rabbids
15084	Rayman: Raving Rabbids
15101	Assassin's Creed
15102	Assassin's Creed
15103	Assassin's Creed
15104	Assassin's Creed
15105	Assassin's Creed
15106	Assassin's Creed
15107	Assassin's Creed
15108	Assassin's Creed
15109	Assassin's Creed
15121	Tom Clancy's Rainbow Six: Vegas 2
15122	Tom Clancy's Rainbow Six: Vegas 2
15123	Tom Clancy's Rainbow Six: Vegas 2
15124	Tom Clancy's Rainbow Six: Vegas 2
15125	Tom Clancy's Rainbow Six: Vegas 2
15126	Tom Clancy's Rainbow Six: Vegas 2
15127	Tom Clancy's Rainbow Six: Vegas 2
15128	Tom Clancy's Rainbow Six: Vegas 2
15129	Tom Clancy's Rainbow Six: Vegas 2
15131	Beyond Good & Evil
15141	Petz Dogz 2
15142	Petz Dogz 2
15143	Petz Dogz 2
15144	Petz Dogz 2
15145	Petz Dogz 2
15146	Petz Dogz 2
15147	Petz Dogz 2
15148	Petz Dogz 2
15149	Petz Dogz 2
15151	Petz Catz 2
15152	Petz Catz 2
15153	Petz Catz 2
15154	Petz Catz 2
15155	Petz Catz 2
15156	Petz Catz 2
15157	Petz Catz 2
15158	Petz Catz 2
15159	Petz Catz 2
15161	Petz Horsez 2
15162	Petz Horsez 2
15163	Petz Horsez 2
15164	Petz Horsez 2
15171	Heroes of Might & Magic V / Heroes of Might & Magic V: Hammers of Fate / Heroes of Might & Magic V: Editor / Heroes of Might & Magic V: Hammers of Fate Editor
15172	Heroes of Might & Magic V
15173	Heroes of Might & Magic V
15174	Heroes of Might & Magic V
15175	Heroes of Might & Magic V
15176	Heroes of Might & Magic V
15191	Brothers in Arms: Road to Hill 30
15192	Brothers in Arms: Road to Hill 30
15193	Brothers in Arms: Road to Hill 30
15194	Brothers in Arms: Road to Hill 30
15195	Brothers in Arms: Road to Hill 30
15196	Brothers in Arms: Road to Hill 30
15197	Brothers in Arms: Road to Hill 30
15201	Silent Hunter: Wolves of the Pacific / Silent Hunter: Wolves of the Pacific U-Boat Missions
15202	Silent Hunter: Wolves of the Pacific / Silent Hunter: Wolves of the Pacific U-Boat Missions
15203	Silent Hunter: Wolves of the Pacific / Silent Hunter: Wolves of the Pacific U-Boat Missions
15211	Silent Hunter III
15212	Silent Hunter III (data)
15213	Silent Hunter III
15221	Blazing Angels: Squadrons of WWII
15231	Blazing Angels 2: Secret Missions of WWII
15241	Silent Hunter: Wolves of the Pacific U-Boat Missions
15261	Chessmaster: Grandmaster Edition
15262	Chessmaster: Grandmaster Edition
15271	Cold Fear
15272	Cold Fear
15273	Cold Fear
15274	Cold Fear
15275	Cold Fear
15276	Cold Fear
15281	Pacific Fighters
15282	Pacific Fighters
15283	Pacific Fighters
15284	Pacific Fighters
15291	Lost: Via Domus
15301	Tom Clancy's Ghost Recon: Desert Siege / Tom Clancy's Ghost Recon: Island Thunder / Tom Clancy's Ghost Recon
15311	The Settlers: Heritage of Kings
15321	IL-2 Sturmovik: 1946
15331	The Settlers: Rise of an Empire
15332	The Settlers: Rise of an Empire
15333	The Settlers: Rise of an Empire
15351	Brain Spa
15371	Heroes of Might & Magic V: Tribes of the East / Heroes of Might & Magic V: Tribes of the East Editor
15372	Heroes of Might & Magic V: Tribes of the East
15373	Heroes of Might & Magic V: Tribes of the East
15374	Heroes of Might & Magic V: Tribes of the East
15375	Heroes of Might & Magic V: Tribes of the East
15376	Heroes of Might & Magic V: Tribes of the East
15381	Heroes of Might & Magic V: Hammers of Fate / Heroes of Might & Magic V: Hammers of Fate Editor
15382	Heroes of Might & Magic V: Hammers of Fate
15383	Heroes of Might & Magic V: Hammers of Fate
15384	Heroes of Might & Magic V: Hammers of Fate
15385	Heroes of Might & Magic V: Hammers of Fate
15386	Heroes of Might & Magic V: Hammers of Fate
15391	Brothers in Arms: Hell's Highway
15392	Brothers in Arms: Hell's Highway
15393	Brothers in Arms: Hell's Highway
15394	Brothers in Arms: Hell's Highway
15395	Brothers in Arms: Hell's Highway
15401	Harvest: Massive Encounter
15402	Harvest: Massive Encounter
15501	The Wonderful End of the World
15511	The Wonderful End of the World Demo
15521	AaAaAA!!! - A Reckless Disregard for Gravity
15531	AaaaaAAaaaAAAaaAAAAaAAAAA!!! -- A Reckless Disregard for Gravity - Demo
15541	1... 2... 3... KICK IT! (Drop That Beat Like an Ugly Baby)
15561	AaaaaAAaaaAAAaaAAAAaAAAAA!!! for the Awesome
15562	AaaaaAAaaaAAAaaAAAAaAAAAA!!! for the Awesome
15621	Warhammer 40,000: Dawn of War II - Anniversary Edition / Warhammer 40,000: Dawn of War II - Chaos Rising
15622	Warhammer 40,000: Dawn of War II - Anniversary Edition / Warhammer 40,000: Dawn of War II - Chaos Rising
15623	Warhammer 40,000: Dawn of War II - Anniversary Edition / Warhammer 40,000: Dawn of War II - Chaos Rising
15624	Warhammer 40,000: Dawn of War II - Anniversary Edition / Warhammer 40,000: Dawn of War II - Chaos Rising
15625	Warhammer 40,000: Dawn of War II - Anniversary Edition / Warhammer 40,000: Dawn of War II - Chaos Rising
15626	Warhammer 40,000: Dawn of War II - Anniversary Edition / Warhammer 40,000: Dawn of War II - Chaos Rising
15627	Warhammer 40,000: Dawn of War II - Anniversary Edition / Warhammer 40,000: Dawn of War II - Chaos Rising
15628	Warhammer 40,000: Dawn of War II - Anniversary Edition / Warhammer 40,000: Dawn of War II - Chaos Rising
15629	Warhammer 40,000: Dawn of War II - Anniversary Edition / Warhammer 40,000: Dawn of War II - Chaos Rising
15630	Warhammer 40,000: Dawn of War II - Anniversary Edition / Warhammer 40,000: Dawn of War II - Chaos Rising
15631	Warhammer 40,000: Dawn of War II - Anniversary Edition
15641	Warhammer® 40,000™: Dawn of War® II (Press Build)
15642	Warhammer® 40,000™: Dawn of War® II (Press Build)
15643	Warhammer® 40,000™: Dawn of War® II (Press Build)
15644	Warhammer® 40,000™: Dawn of War® II (Press Build)
15645	Warhammer® 40,000™: Dawn of War® II (Press Build)
15646	Warhammer® 40,000™: Dawn of War® II (Press Build)
15647	Warhammer® 40,000™: Dawn of War® II (Press Build)
15648	Warhammer® 40,000™: Dawn of War® II (Press Build)
15649	Warhammer® 40,000™: Dawn of War® II (Press Build)
15650	Warhammer® 40,000™: Dawn of War® II (Press Build)
15651	Warhammer® 40,000™: Dawn of War® II (no blob)
15652	Warhammer® 40,000™: Dawn of War® II (no blob)
15653	Warhammer® 40,000™: Dawn of War® II (no blob)
15654	Warhammer® 40,000™: Dawn of War® II (no blob)
15655	Warhammer® 40,000™: Dawn of War® II (no blob)
15656	Warhammer® 40,000™: Dawn of War® II (no blob)
15661	Warhammer® 40,000™: Dawn of War® II - BETA
15662	Warhammer® 40,000™: Dawn of War® II - BETA
15663	Warhammer® 40,000™: Dawn of War® II - BETA
15664	Warhammer® 40,000™: Dawn of War® II - BETA
15665	Warhammer® 40,000™: Dawn of War® II - BETA
15666	Warhammer® 40,000™: Dawn of War® II - BETA
15681	Warhammer® 40,000™: Dawn of War® II - Single Player Demo
15682	Warhammer® 40,000™: Dawn of War® II - Single Player Demo
15683	Warhammer® 40,000™: Dawn of War® II - Single Player Demo
15684	Warhammer® 40,000™: Dawn of War® II - Single Player Demo
15685	Warhammer® 40,000™: Dawn of War® II - Single Player Demo
15686	Warhammer® 40,000™: Dawn of War® II - Single Player Demo
15687	Warhammer® 40,000™: Dawn of War® II - Single Player Demo
15688	Warhammer® 40,000™: Dawn of War® II - Single Player Demo
15689	Warhammer® 40,000™: Dawn of War® II - Single Player Demo
15690	Warhammer® 40,000™: Dawn of War® II - Single Player Demo
15701	Oddworld: Abe's Oddysee
15702	Oddworld: Abe's Oddysee
15703	Oddworld: Abe's Oddysee
15704	Oddworld: Abe's Oddysee
15705	Oddworld: Abe's Oddysee
15706	Oddworld: Abe's Oddysee
15707	Oddworld: Abe's Oddysee
15711	Oddworld: Abe's Exoddus
15712	Oddworld: Abe's Exoddus
15713	Oddworld: Abe's Exoddus
15714	Oddworld: Abe's Exoddus
15715	Oddworld: Abe's Exoddus
15721	Oddworld: Abe's Exoddus Demo
15731	Oddworld: Abe's Oddysee Demo
15741	Oddworld: Munch's Oddysee
15751	Oddworld: Stranger's Wrath HD
15801	Planet Busters / Planet Busters Demo
15901	7 Wonders II / 7 Wonders 2 Demo
15911	Luxor: Amun Rising / Luxor Amun Rising Demo
15913	Luxor: Amun Rising
15914	Luxor: Amun Rising
15915	Luxor: Amun Rising
15916	Luxor: Amun Rising
15921	Luxor 2 / Luxor 2 Demo
15923	Luxor 2
15924	Luxor 2
15931	Luxor 3 / Luxor 3 Demo
15932	Luxor 3 (Mac)
15933	Luxor 3
15941	The Office / The Office Demo
15951	Reaxxion / Reaxxion Demo
15961	Little Farm / Little Farm Demo
15971	Luxor / Luxor Demo
15973	Luxor
15974	Luxor
15975	Luxor
15976	Luxor
15981	Money Tree / Money Tree Demo
15983	Money Tree
15984	Money Tree
15991	Elf Bowling: Hawaiian Vacation / Elf Bowling: Hawaiian Vacation Demo
16001	Discovery! A Seek & Find Adventure / Discovery! A Seek & Find Adventure Demo
16021	Samantha Swift and the Hidden Roses of Athena / Samantha Swift and the Hidden Roses of Athena Demo
16031	7 Wonders: The Treasures of Seven / 7 Wonders - The Treasures of Seven Demo
16033	7 Wonders: The Treasures of Seven
16034	7 Wonders: The Treasures of Seven
16035	7 Wonders: The Treasures of Seven
16036	7 Wonders: The Treasures of Seven
16037	7 Wonders: The Treasures of Seven
16041	Luxor: Quest for the Afterlife / Luxor: Quest for the Afterlife Demo
16061	Samantha Swift and the Golden Touch / Samantha Swift and the Golden Touch Demo
16091	Gemsweeper / Gemsweeper - Demo
16092	Gemsweeper / Gemsweeper - Demo
16093	Gemsweeper / Gemsweeper - Demo
16094	Gemsweeper / Gemsweeper - Demo
16095	Gemsweeper / Gemsweeper - Demo
16096	Gemsweeper / Gemsweeper - Demo
16097	Gemsweeper / Gemsweeper - Demo
16101	Virtual Villagers: A New Home
16111	Virtual Villagers 2: The Lost Children
16121	Plant Tycoon
16131	Fish Tycoon
16141	Virtual Villagers: A New Home Demo
16151	Virtual Villagers 2: The Lost Children Demo
16161	Plant Tycoon Demo
16171	Fish Tycoon Demo
16181	Virtual Villagers 3: The Secret City
16191	Virtual Villagers 3: The Secret City Demo
16201	Virtual Families
16211	Virtual Families - Demo
16301	Everyday Shooter
16401	F.E.A.R. 2: Project Origin
16402	F.E.A.R. 2: Project Origin
16403	F.E.A.R. 2: Project Origin (data)
16404	F.E.A.R. 2: Project Origin (localization)
16405	F.E.A.R. 2: Project Origin (localization)
16406	F.E.A.R. 2: Project Origin (localization)
16407	F.E.A.R. 2: Project Origin (localization)
16408	F.E.A.R. 2: Project Origin (localization)
16409	F.E.A.R. 2: Project Origin (localization)
16410	F.E.A.R. 2: Project Origin (data)
16411	F.E.A.R. 2: Project Origin (localization)
16412	F.E.A.R. 2: Project Origin (localization)
16413	F.E.A.R. 2: Project Origin (localization)
16421	F.E.A.R. 2: Project Origin Demo / F.E.A.R. 2: Project Origin Demo / F.E.A.R. 2: Project Origin Demo
16422	F.E.A.R. 2: Project Origin Demo / F.E.A.R. 2: Project Origin Demo / F.E.A.R. 2: Project Origin Demo
16423	F.E.A.R. 2: Project Origin Demo
16424	F.E.A.R. 2: Project Origin Demo / F.E.A.R. 2: Project Origin Demo / F.E.A.R. 2: Project Origin Demo
16425	F.E.A.R. 2: Project Origin Demo
16451	F.E.A.R. 2: Project Origin
16452	F.E.A.R. 2: Project Origin
16453	F.E.A.R. 2: Project Origin
16454	F.E.A.R. 2: Project Origin
16455	F.E.A.R. 2: Project Origin
16456	F.E.A.R. 2: Project Origin
16457	F.E.A.R. 2: Project Origin
16458	F.E.A.R. 2: Project Origin
16459	F.E.A.R. 2: Project Origin
16461	F.E.A.R. 2: Project Origin
16462	F.E.A.R. 2: Project Origin
16463	F.E.A.R. 2: Project Origin
16465	F.E.A.R. 2: Project Origin
16481	F.E.A.R. 2: Project Origin JP
16482	F.E.A.R. 2: Project Origin JP
16501	Chaos Theory
16511	Chaos Theory Demo
16601	Trials 2: Second Edition
16611	Trials 2 Second Edition Demo
16621	Monster Trucks Nitro
16622	Monster Trucks Nitro
16631	Monster Trucks Nitro Demo
16632	Monster Trucks Nitro Demo
16701	Stronghold Crusader Extreme HD
16702	Stronghold Crusader Extreme HD
16703	Stronghold Crusader Extreme HD
16704	Stronghold Crusader Extreme HD
16705	Stronghold Crusader Extreme HD
16706	Stronghold Crusader Extreme HD
16711	Insecticide Part 1
16721	Velvet Assassin
16731	Legendary
16801	Sid Meier's Colonization
16811	Sid Meier's Civilization IV: Colonization
16812	Sid Meier's Civilization IV: Colonization / Sid Meier's Civilization IV: Colonization
16813	Sid Meier's Civilization IV: Colonization / Sid Meier's Civilization IV: Colonization
16814	Sid Meier's Civilization IV: Colonization / Sid Meier's Civilization IV: Colonization
16815	Sid Meier's Civilization IV: Colonization / Sid Meier's Civilization IV: Colonization
16816	Sid Meier's Civilization IV: Colonization / Sid Meier's Civilization IV: Colonization
16831	Sid Meier's Civilization V SDK
16841	Civilization V
16842	Civilization V (data)
16843	Civilization V (localization)
16844	Civilization V (localization)
16845	Civilization V (localization)
16846	Civilization V (localization)
16847	Civilization V (localization)
16848	Civilization V (localization)
16849	Civilization V (localization)
16851	Civilization V
16860	Sid Meier's Civilization V
16861	Sid Meier's Civilization V
16862	Sid Meier's Civilization V
16863	Sid Meier's Civilization V
16864	Sid Meier's Civilization V
16865	Sid Meier's Civilization V
16866	Sid Meier's Civilization V
16867	Sid Meier's Civilization V
16868	Sid Meier's Civilization V
16869	Sid Meier's Civilization V
16870	Sid Meier's Civilization V
16871	Sid Meier's Civilization V
16880	Sid Meier's Civilization V
16881	Sid Meier's Civilization V
16890	Civilization V (data)
16891	Civilization V (localization)
16901	GROUND BRANCH
17001	Global Agenda - Beta
17011	Global Agenda
17021	Global Agenda / Global Agenda - Demo
17031	Global Agenda - Beta
17041	Global Agenda Public Test Client
17071	Tribes: Ascend
17082	Tribes: Ascend
17101	Children of the Nile
17102	Children of the Nile
17103	Children of the Nile
17104	Children of the Nile
17105	Children of the Nile
17106	Children of the Nile
17111	Children of the Nile Demo
17112	Children of the Nile Demo
17113	Children of the Nile Demo
17114	Children of the Nile Demo
17115	Children of the Nile Demo
17116	Children of the Nile Demo
17121	Children of the Nile: Alexandria
17122	Children of the Nile: Alexandria
17123	Children of the Nile: Alexandria
17124	Children of the Nile: Alexandria
17125	Children of the Nile: Alexandria
17126	Children of the Nile: Alexandria
17131	Children of the Nile (CoTN.exe)
17132	Children of the Nile (localization)
17133	Children of the Nile (localization)
17134	Children of the Nile (localization)
17135	Children of the Nile (localization)
17136	Children of the Nile (localization)
17141	Hinterland
17161	Hinterland
17162	Hinterland
17171	Civil War
17181	Mosby's Confederacy
17201	Redistributable package (DirectX/VC)
17202	F.E.A.R. 3
17203	F.E.A.R. 3 (resources)
17204	F.E.A.R. 3 (resources)
17205	F.E.A.R. 3 (resources)
17206	F.E.A.R. 3 (resources)
17207	F.E.A.R. 3 (resources)
17208	F.E.A.R. 3 (resources)
17209	F.E.A.R. 3 (resources)
17210	F.E.A.R. 3 (resources)
17220	F.E.A.R. 3 (resources)
17301	Crysis
17302	Crysis
17303	Crysis
17304	Crysis
17305	Crysis
17306	Crysis
17307	Crysis
17308	Crysis
17309	Crysis
17331	Crysis Warhead
17332	Crysis Warhead (data)
17333	Crysis Warhead (data)
17334	Crysis Warhead
17335	Crysis Warhead
17336	Crysis Warhead
17337	Crysis Warhead
17338	Crysis Warhead
17339	Crysis Warhead
17341	Crysis Wars
17342	Crysis Wars
17343	Crysis Wars
17344	Crysis Wars
17345	Crysis Wars
17346	Crysis Wars
17347	Crysis Wars
17348	Crysis Wars
17349	Crysis Wars
17361	Crysis Warhead
17362	Crysis Warhead
17363	Crysis Warhead
17364	Crysis Warhead
17365	Crysis Warhead
17366	Crysis Wars
17367	Crysis Wars
17381	Crysis
17391	Spore / Spore: Creepy & Cute Parts Pack / Spore: Galactic Adventures
17401	FIFA Manager 09
17402	FIFA Manager 09
17403	FIFA Manager 09
17404	FIFA Manager 09
17405	FIFA Manager 09
17406	FIFA Manager 09
17411	Mirror's Edge
17421	Warhammer Online: Age of Reckoning
17422	Warhammer Online: Age of Reckoning
17423	Warhammer Online: Age of Reckoning / Warhammer Online: Age of Reckoning
17424	Warhammer Online: Age of Reckoning / Warhammer Online: Age of Reckoning
17425	Warhammer Online: Age of Reckoning / Warhammer Online: Age of Reckoning
17426	Warhammer Online: Age of Reckoning / Warhammer Online: Age of Reckoning
17431	Need for Speed: Undercover
17432	Need for Speed: Undercover
17433	Need for Speed: Undercover
17434	Need for Speed: Undercover
17435	Need for Speed: Undercover
17436	Need for Speed: Undercover
17437	Need for Speed: Undercover
17441	Spore / Spore: Creepy & Cute Parts Pack / Spore: Galactic Adventures
17442	Spore: Creepy & Cute Parts Pack
17451	Dragon Age: Origins / Dragon Age: Origins - Awakening
17452	Dragon Age: Origins / Dragon Age: Origins - Awakening
17453	Dragon Age: Origins / Dragon Age: Origins - Awakening
17454	Dragon Age: Origins / Dragon Age: Origins - Awakening
17455	Dragon Age: Origins / Dragon Age: Origins - Awakening
17456	Dragon Age: Origins / Dragon Age: Origins - Awakening
17457	Dragon Age: Origins / Dragon Age: Origins - Awakening
17458	Dragon Age: Origins / Dragon Age: Origins - Awakening
17459	Dragon Age: Origins / Dragon Age: Origins - Awakening
17461	Mass Effect (2007)
17462	Mass Effect (2007)
17463	Mass Effect (2007)
17464	Mass Effect (2007)
17465	Mass Effect (2007)
17466	Mass Effect (2007)
17471	Dead Space (2008)
17472	Dead Space (2008)
17473	Dead Space (2008)
17474	Dead Space (2008)
17475	Dead Space (2008)
17476	Dead Space (2008)
17481	Command & Conquer™ Red Alert™ 3
17482	Command & Conquer™ Red Alert™ 3
17483	Command & Conquer™ Red Alert™ 3
17484	Command & Conquer™ Red Alert™ 3
17485	Command & Conquer™ Red Alert™ 3
17486	Command & Conquer™ Red Alert™ 3
17487	Command & Conquer™ Red Alert™ 3
17488	Command & Conquer™ Red Alert™ 3
17489	Command & Conquer™ Red Alert™ 3
17490	Command & Conquer™ Red Alert™ 3
17491	Command & Conquer™ Red Alert™ 3
17492	Command & Conquer Red Alert 3 (data)
17501	Zombie Panic! Source
17511	Age of Chivalry / Age of Chivalry Dedicated Server
17522	Synergy / Synergy Dedicated Server
17531	D.I.P.R.I.P. Warm Up / D.I.P.R.I.P. Dedicated Server
17541	Calamity Fuse
17551	Eternal Silence / Eternal Silence Dedicated Server
17571	Pirates Vikings & Knights II
17581	Dystopia / Dystopia Dedicated Server
17591	Dystopia Beta / Dystopia Beta Dedicated Server
17601	Out of the Park Baseball 9
17701	Insurgency: Modern Infantry Combat / Insurgency Mod Dedicated Server
17702	Insurgency: Modern Infantry Combat / Insurgency Mod Dedicated Server
17711	Nuclear Dawn / Nuclear Dawn - Dedicated Server / Nuclear Dawn Authoring Tools
17712	Nuclear Dawn / Nuclear Dawn - Dedicated Server / Nuclear Dawn Authoring Tools
17713	Nuclear Dawn
17715	Nuclear Dawn / Nuclear Dawn Authoring Tools
17716	Nuclear Dawn
17718	Nuclear Dawn - Dedicated Server
17731	Smashball
17741	Empires
17742	Empires
17743	Empires
17801	SpellForce 2: Shadow Wars
17811	SpellForce 2: Dragon Storm
18001	On the Rain-Slick Precipice of Darkness, Episode One / Penny Arcade Adventures: On the Rain-Slick Precipice of Darkness, Episode One Demo
18002	On the Rain-Slick Precipice of Darkness, Episode One / Penny Arcade Adventures: On the Rain-Slick Precipice of Darkness, Episode One Demo
18021	On the Rain-Slick Precipice of Darkness, Episode Two / Penny Arcade Adventures: On the Rain-Slick Precipice of Darkness, Episode Two Demo
18022	On the Rain-Slick Precipice of Darkness, Episode Two / Penny Arcade Adventures: On the Rain-Slick Precipice of Darkness, Episode Two Demo
18041	DeathSpank
18042	DeathSpank
18043	DeathSpank
18044	DeathSpank
18045	DeathSpank
18051	DeathSpank: Thongs Of Virtue
18052	DeathSpank: Thongs Of Virtue
18053	DeathSpank: Thongs Of Virtue
18054	DeathSpank: Thongs Of Virtue
18055	DeathSpank: Thongs Of Virtue
18056	DeathSpank: Thongs Of Virtue
18060	DeathSpank: Thongs Of Virtue
18061	DeathSpank: Thongs Of Virtue
18071	The Baconing
18072	The Baconing
18080	The Baconing
18081	The Baconing
18101	Shattered Horizon: Arconauts
18111	Shattered Horizon
18112	Shattered Horizon Dedicated Server
18121	Unstoppable Gorg
18122	Unstoppable Gorg
18301	Spectraball
18311	Spectraball - Demo
18401	Crazy Machines 2 / Crazy Machines 2 Add-On
18402	Crazy Machines 2
18403	Crazy Machines 2 / Crazy Machines 2 Add-On
18404	Crazy Machines 2
18405	Crazy Machines 2
18406	Crazy Machines 2
18407	Crazy Machines 2
18408	Crazy Machines 2
18409	Crazy Machines 2
18421	Crazy Machines
18431	Crazy Machines 1.5
18451	Crazy Machines 1.5 New from the Lab
18461	Crazy Machines 1.5 Inventors Training Camp
18471	Helldorado
18472	Helldorado
18473	Helldorado
18474	Helldorado
18481	Mata Hari
18482	Mata Hari
18483	Mata Hari
18484	Mata Hari
18491	The Whispered World
18492	The Whispered World
18493	The Whispered World
18494	The Whispered World
18495	The Whispered World
18496	The Whispered World
18501	Defense Grid: The Awakening
18502	Defense Grid: The Awakening
18503	Defense Grid: The Awakening
18504	Defense Grid: The Awakening
18505	Defense Grid: The Awakening
18506	Defense Grid: The Awakening
18507	Defense Grid: The Awakening
18508	Defense Grid: The Awakening
18509	Defense Grid: The Awakening
18511	Defense Grid: The Awakening Demo
18512	Defense Grid: The Awakening Demo
18513	Defense Grid: The Awakening Demo
18514	Defense Grid: The Awakening Demo
18515	Defense Grid: The Awakening Demo
18520	Defense Grid: The Awakening
18521	Defense Grid: The Awakening
18522	Defense Grid: The Awakening
18601	Mayhem Intergalactic
18611	Mayhem Intergalactic Demo
18701	And Yet It Moves
18702	And Yet It Moves
18711	And Yet it Moves - Demo
18712	And Yet it Moves - Demo
18801	Zero Gear Demo / Zero Gear
18901	GridBust
19001	Silent Hill: Homecoming
19002	Silent Hill: Homecoming
19003	Silent Hill: Homecoming
19004	Silent Hill: Homecoming
19005	Silent Hill: Homecoming
19006	Silent Hill: Homecoming
19007	Silent Hill: Homecoming
19021	Puzzle Chronicles
19031	Rocket Knight
19061	Rocket Knight Demo
19081	Biozone
19091	Yard Sale Hidden Treasures Sunnyville
19092	Yard Sale Hidden Treasures Sunnyville
19093	Yard Sale Hidden Treasures Sunnyville
19094	Yard Sale Hidden Treasures Sunnyville
19095	Yard Sale Hidden Treasures Sunnyville
19096	Yard Sale Hidden Treasures Sunnyville
19101	StoneLoops of Jurassica
19102	StoneLoops of Jurassica
19103	StoneLoops of Jurassica
19104	StoneLoops of Jurassica
19105	StoneLoops of Jurassica
19106	StoneLoops of Jurassica
19107	StoneLoops of Jurassica
19108	StoneLoops of Jurassica
19109	StoneLoops of Jurassica
19201	Tank Universal
19202	Tank Universal
19211	Tank Universal Demo
19321	Space Ark
19331	Space Ark - Demo
19501	Eternity's Child
19502	Eternity's Child
19511	Eternity's Child Demo
19601	American McGee's Grimm
19611	American McGee's Grimm
19621	American McGee's Grimm
19631	American McGee's Grimm
19641	American McGee's Grimm
19651	American McGee's Grimm
19661	American McGee's Grimm
19671	American McGee's Grimm
19681	Alice: Madness Returns
19801	Brothers in Arms: Earned in Blood
19802	Brothers in Arms: Earned in Blood
19803	Brothers in Arms: Earned in Blood
19804	Brothers in Arms: Earned in Blood
19805	Brothers in Arms: Earned in Blood
19811	The Sum of All Fears
19831	Tom Clancy's Rainbow Six 3: Gold Edition / Tom Clancy's Rainbow Six 3: Athena Sword
19832	Tom Clancy's Rainbow Six 3: Athena Sword
19861	Heroes of Might and Magic IV - Campaign Editor
19862	Heroes of Might and Magic IV
19863	Heroes of Might and Magic IV
19864	Heroes of Might and Magic IV
19865	Heroes of Might and Magic IV
19866	Heroes of Might and Magic IV
19901	Far Cry 2
19902	Far Cry 2
19903	Far Cry 2
19904	Far Cry 2
19905	Far Cry 2
19906	Far Cry 2
19911	Tom Clancy's Rainbow Six 2: Rogue Spear - Urban Operations
19921	Tom Clancy's Rainbow Six 2: Rogue Spear - Covert Operations
19931	The Settlers: Rise of an Empire Gold Edition / The Settlers 6 - Gold Editor
19932	The Settlers: Rise of an Empire Gold Edition
19933	The Settlers: Rise of an Empire Gold Edition
19981	Prince of Persia
19982	Prince of Persia
19983	Prince of Persia
19984	Prince of Persia
19985	Prince of Persia
19986	Prince of Persia
19991	Shaun White Snowboarding
19992	Shaun White Snowboarding
19993	Shaun White Snowboarding
19994	Shaun White Snowboarding
19995	Shaun White Snowboarding
19996	Shaun White Snowboarding
20101	Farmer Simulator 2008
20201	Galactic Bowling
20401	Shattered Suns
20501	Red Faction: Guerrilla Steam Edition
20502	Red Faction: Guerrilla Steam Edition
20503	Red Faction: Guerrilla Steam Edition
20504	Red Faction: Guerrilla Steam Edition
20505	Red Faction: Guerrilla Steam Edition
20511	S.T.A.L.K.E.R.: Clear Sky
20512	S.T.A.L.K.E.R.: Clear Sky
20513	S.T.A.L.K.E.R.: Clear Sky
20514	S.T.A.L.K.E.R.: Clear Sky
20515	S.T.A.L.K.E.R.: Clear Sky
20516	S.T.A.L.K.E.R.: Clear Sky
20531	Red Faction
20541	Company of Heroes: Tales of Valor
20542	Company of Heroes: Tales of Valor
20543	Company of Heroes: Tales of Valor
20544	Company of Heroes: Tales of Valor
20545	Company of Heroes: Tales of Valor
20546	Company of Heroes: Opposing Fronts
20547	Company of Heroes: Opposing Fronts
20548	Company of Heroes: Opposing Fronts
20551	Red Faction II
20561	World of Zoo: Creature Creator Demo
20571	Warhammer 40,000: Dawn of War II - Chaos Rising
20591	League of Legends
20592	League of Legends
20593	League of Legends
20594	League of Legends
20701	Starscape / Starscape Demo
20711	Mr. Robot / Mr. Robot Demo
20821	Shatter
20822	Shatter
20823	Shatter (data)
20824	Shatter (data)
20825	Shatter (data)
20826	Shatter (data)
20827	Shatter (data)
20828	Shatter Soundtrack
20841	Rugby Challenge
20901	The Witcher: Enhanced Edition
20902	The Witcher: Enhanced Edition
20903	The Witcher: Enhanced Edition
20904	The Witcher: Enhanced Edition
20905	The Witcher: Enhanced Edition
20906	The Witcher: Enhanced Edition
20907	The Witcher: Enhanced Edition
20908	The Witcher: Enhanced Edition
20909	The Witcher: Enhanced Edition
20910	The Witcher: Enhanced Edition
20911	The Witcher: Enhanced Edition
20912	The Witcher: Enhanced Edition
20913	The Witcher: Enhanced Edition
20921	The Witcher 2: Assassins of Kings Enhanced Edition
20922	The Witcher 2: Assassins of Kings Enhanced Edition
20932	The Witcher 2: Bonus Content
20933	The Witcher 2: Bonus Content
20934	The Witcher 2 (data)
20935	The Witcher 2 (data)
20936	The Witcher 2 (data)
20937	The Witcher 2: Assassins of Kings Enhanced Edition
20938	The Witcher 2: Assassins of Kings Enhanced Edition
21001	LEGO® Batman™: The Videogame
21002	LEGO® Batman™: The Videogame
21003	LEGO® Batman™: The Videogame
21004	LEGO® Batman™: The Videogame
21011	Watchmen: The End Is Nigh
21021	Watchmen: The End Is Nigh Demo
21031	Watchmen: The End Is Nigh Part 2
21041	Watchmen: The End Is Nigh Part 2 Demo
21071	Wanted: Weapons of Fate
21072	Wanted: Weapons of Fate
21081	Terminator Salvation
21091	F.E.A.R. / F.E.A.R.: Extraction Point / F.E.A.R.: Perseus Mandate
21101	F.E.A.R. 3
21102	F.E.A.R. 3
21103	F.E.A.R. 3
21104	F.E.A.R. 3
21105	F.E.A.R. 3
21106	F.E.A.R. 3
21107	F.E.A.R. 3
21108	F.E.A.R. 3
21109	F.E.A.R. 3
21131	LEGO® Harry Potter: Years 1-4
21141	LEGO: Universe
21150	F.E.A.R. 3
21160	F.E.A.R. 3
21171	Gotham City Impostors
21172	Gotham City Impostors
21173	Gotham City Impostors
21174	Gotham City Impostors
21175	Gotham City Impostors
21176	Gotham City Impostors
21177	Gotham City Impostors
21178	Gotham City Impostors
21181	Gotham City Impostors Beta
21182	Gotham City Impostors Beta
21183	Gotham City Impostors Beta
21184	Gotham City Impostors Beta
21185	Gotham City Impostors Beta
21186	Gotham City Impostors Beta
21187	Gotham City Impostors Beta
21188	Gotham City Impostors Beta
21301	Gravitron 2
21311	Gravitron 2 - Demo
21401	Project Aftermath / Project Aftermath Demo
21501	Pyroblazer
21502	Pyroblazer
21511	Pyroblazer Demo
21601	Age of Booty
21611	MotoGP 08
21621	Neopets: Puzzle Adventure
21631	Age of Booty Demo
21641	FLOCK!
21651	FLOCK! Demo
21661	Street Fighter IV
21671	Bionic Commando
21681	Bionic Commando Rearmed
21682	Bionic Commando Rearmed
21683	Bionic Commando Rearmed
21691	Resident Evil 5
21731	CSI: Hard Evidence
21732	CSI: Hard Evidence
21733	CSI: Hard Evidence
21734	CSI: Hard Evidence
21735	CSI: Hard Evidence
21751	CSI: NY - The Game
21752	CSI
21753	CSI
21761	World in Conflict / World in Conflict: Soviet Assault
21762	World in Conflict / World in Conflict: Soviet Assault
21763	World in Conflict / World in Conflict: Soviet Assault
21764	World in Conflict / World in Conflict: Soviet Assault
21765	World in Conflict / World in Conflict: Soviet Assault
21771	Heroes of Might and Magic III
21781	Driver: Parallel Lines
21782	Driver: Parallel Lines
21783	Driver: Parallel Lines
21784	Driver: Parallel Lines
21785	Driver: Parallel Lines
21801	Tom Clancy's EndWar
21802	Tom Clancy's EndWar
21803	Tom Clancy's EndWar
21804	Tom Clancy's EndWar
21805	Tom Clancy's EndWar
21901	Tom Clancy's H.A.W.X.
21911	World in Conflict / World in Conflict: Soviet Assault
21912	World in Conflict: Soviet Assault
21913	World in Conflict: Soviet Assault
21914	World in Conflict: Soviet Assault
21915	World in Conflict: Soviet Assault
21916	World in Conflict: Soviet Assault
21921	Wheelman
21922	Wheelman
21923	Wheelman
21924	Wheelman
21925	Wheelman
21931	Tom Clancy's H.A.W.X. - Demo
21941	World in Conflict - Demo
21951	Grey's Anatomy: The Video Game
21961	Far Cry 2
21962	R.U.S.E
21963	R.U.S.E
21964	R.U.S.E
21971	R.U.S.E
21972	R.U.S.E
21973	R.U.S.E
21974	R.U.S.E
21975	R.U.S.E
21976	R.U.S.E
21977	R.U.S.E
21978	R.U.S.E
21979	R.U.S.E
21981	Call of Juarez: Bound in Blood
21982	Call of Juarez: Bound in Blood
21983	Call of Juarez: Bound in Blood
21984	Call of Juarez: Bound in Blood
21985	Call of Juarez: Bound in Blood
21991	Teenage Mutant Ninja Turtles
21992	Teenage Mutant Ninja Turtles
21993	Teenage Mutant Ninja Turtles
21995	R.U.S.E
21996	R.U.S.E
22001	World of Goo
22002	World of Goo
22011	World of Goo Demo
22101	Mount & Blade
22102	Mount & Blade
22111	Mount & Blade Demo
22121	Penumbra: Black Plague / Penumbra: Requiem
22122	Penumbra: Black Plague
22123	Penumbra: Black Plague
22124	Penumbra: Black Plague / Penumbra: Requiem
22131	Hearts of Iron II: Complete
22141	Penumbra: Requiem
22142	Penumbra: Requiem
22151	Europa Universalis III Demo
22152	Europa Universalis III Demo
22153	Europa Universalis III Demo
22154	Europa Universalis III Demo
22161	Europa Universalis: Rome - Demo
22171	Hearts of Iron II Demo
22181	Penumbra: Overture
22182	Penumbra: Overture
22191	Penumbra: Overture
22201	Zeno Clash
22202	Zeno Clash
22203	Zeno Clash
22204	Zeno Clash
22206	Zeno Clash
22207	Zeno Clash
22208	Zeno Clash Models
22209	Zeno Clash
22211	Zeno Clash (data)
22212	Zeno Clash
22213	Zeno Clash (data)
22214	Zeno Clash (data)
22221	Zeno Clash Demo
22222	Zeno Clash Demo
22223	Zeno Clash Demo
22224	Zeno Clash Demo
22231	Rock of Ages
22232	Rock of Ages
22233	Rock of Ages
22234	Rock of Ages
22235	Rock of Ages
22236	Rock of Ages
22237	Rock of Ages
22238	Rock of Ages
22301	Fallout 3
22302	Fallout 3
22303	Fallout 3
22304	Fallout 3
22305	Fallout 3
22306	Fallout 3
22311	Rogue Warrior
22312	Rogue Warrior
22313	Rogue Warrior
22314	Rogue Warrior
22315	Rogue Warrior
22316	Rogue Warrior
22321	The Elder Scrolls III: Morrowind
22322	The Elder Scrolls III: Morrowind
22323	The Elder Scrolls III: Morrowind
22331	The Elder Scrolls IV: Oblivion Game of the Year Edition (2009)
22333	The Elder Scrolls IV: Oblivion Game of the Year Edition (2009)
22334	The Elder Scrolls IV: Oblivion Game of the Year Edition (2009)
22335	The Elder Scrolls IV: Oblivion Game of the Year Edition (2009)
22336	The Elder Scrolls IV: Oblivion Game of the Year Edition (2009)
22337	The Elder Scrolls IV: Oblivion Game of the Year Edition (2009)
22341	Call of Cthulhu: Dark Corners of the Earth
22351	BRINK
22352	BRINK
22353	BRINK
22354	BRINK
22355	BRINK
22356	BRINK
22357	BRINK
22358	BRINK
22364	BRINK
22371	Fallout 3 - Game of the Year Edition
22372	Fallout 3 - Game of the Year Edition
22373	Fallout 3 - Game of the Year Edition
22374	Fallout 3 - Game of the Year Edition
22375	Fallout 3 - Game of the Year Edition
22376	Fallout 3 - Game of the Year Edition
22381	Fallout: New Vegas
22382	Fallout: New Vegas
22383	Fallout: New Vegas
22384	Fallout: New Vegas
22385	Fallout: New Vegas
22386	Fallout: New Vegas
22387	Fallout: New Vegas
22393	Fallout: New Vegas
22400	Fallout 3
22401	Fallout 3
22402	Fallout 3
22403	Fallout 3
22404	Fallout 3
22405	Fallout 3
22410	Fallout 3
22411	Fallout 3
22412	Fallout 3
22413	Fallout 3
22414	Fallout 3
22415	Fallout 3
22420	Fallout 3
22421	Fallout 3
22422	Fallout 3
22423	Fallout 3
22424	Fallout 3
22425	Fallout 3
22430	Fallout 3
22431	Fallout 3
22432	Fallout 3
22433	Fallout 3
22434	Fallout 3
22435	Fallout 3
22440	Fallout 3
22441	Fallout 3
22442	Fallout 3
22443	Fallout 3
22444	Fallout 3
22445	Fallout 3
22451	Hunted: The Demon's Forge
22452	Hunted: The Demon's Forge
22453	Hunted: The Demon's Forge
22454	Hunted: The Demon's Forge
22455	Hunted: The Demon's Forge
22460	Fallout: New Vegas
22461	Fallout: New Vegas
22462	Fallout: New Vegas
22463	Fallout: New Vegas
22464	Fallout: New Vegas
22465	Fallout: New Vegas
22466	Fallout: New Vegas
22467	Fallout: New Vegas
22468	Fallout: New Vegas
22469	Fallout: New Vegas
22470	Fallout: New Vegas
22471	Fallout: New Vegas
22472	Fallout: New Vegas
22473	Fallout: New Vegas
22474	Fallout: New Vegas
22475	Fallout: New Vegas
22476	Fallout: New Vegas
22477	Fallout: New Vegas
22478	Fallout: New Vegas
22479	Fallout: New Vegas
22481	GECK - New Vegas Edition
22491	Fallout: New Vegas PCR
22492	Fallout: New Vegas PCR
22493	Fallout: New Vegas / Fallout: New Vegas PCR
22494	Fallout: New Vegas / Fallout: New Vegas PCR
22495	Fallout: New Vegas / Fallout: New Vegas PCR
22496	Fallout: New Vegas / Fallout: New Vegas PCR
22501	Spectromancer
22502	Spectromancer
22601	Worms Reloaded / Worms Reloaded Demo
22602	Worms Reloaded
22603	Worms Reloaded
22604	Worms Reloaded
22605	Worms Reloaded
22606	Worms Reloaded
22607	Worms Reloaded
22608	Worms Reloaded
22609	Worms Reloaded
22611	Alien Breed: Impact / Alien Breed: Impact Demo
22612	Alien Breed: Impact / Alien Breed: Impact Demo
22613	Alien Breed: Impact / Alien Breed: Impact Demo
22614	Alien Breed: Impact / Alien Breed: Impact Demo
22615	Alien Breed: Impact / Alien Breed: Impact Demo
22616	Alien Breed: Impact / Alien Breed: Impact Demo
22617	Alien Breed: Impact / Alien Breed: Impact Demo
22629	Worms Reloaded
22635	Worms Reloaded
22651	Alien Breed 2: Assault / Alien Breed 2: Assault Demo
22652	Alien Breed 2: Assault / Alien Breed 2: Assault Demo
22653	Alien Breed 2: Assault / Alien Breed 2: Assault Demo
22654	Alien Breed 2: Assault / Alien Breed 2: Assault Demo
22655	Alien Breed 2: Assault / Alien Breed 2: Assault Demo
22656	Alien Breed 2: Assault / Alien Breed 2: Assault Demo
22657	Alien Breed 2: Assault / Alien Breed 2: Assault Demo
22671	Alien Breed 3: Descent / Alien Breed 3: Descent Demo
22672	Alien Breed 3: Descent / Alien Breed 3: Descent Demo
22673	Alien Breed 3: Descent / Alien Breed 3: Descent Demo
22674	Alien Breed 3: Descent / Alien Breed 3: Descent Demo
22675	Alien Breed 3: Descent / Alien Breed 3: Descent Demo
22676	Alien Breed 3: Descent / Alien Breed 3: Descent Demo
22677	Alien Breed 3: Descent / Alien Breed 3: Descent Demo
22701	Sacred 2: Fallen Angel / Sacred 2: Fallen Angel (EU)
22702	Sacred 2: Fallen Angel / Sacred 2: Fallen Angel (EU)
22703	Sacred 2: Fallen Angel / Sacred 2: Fallen Angel (EU)
22704	Sacred 2: Fallen Angel / Sacred 2: Fallen Angel (EU)
22705	Sacred 2: Fallen Angel / Sacred 2: Fallen Angel (EU)
22706	Sacred 2: Fallen Angel / Sacred 2: Fallen Angel (EU)
22801	Far Cry 2: Prima Official eGuide
22831	Ghostbusters (eGuide): Prima Official eGuide
23101	Buccaneer: The Pursuit of Infamy
23111	Buccaneer: The Pursuit of Infamy Demo
23121	Droplitz
23133	Mole Control
23141	KrissX
23142	KrissX
23151	Fluttabyes
23163	Mole Control - Demo
23171	KrissX - Demo
23181	Fluttabyes - Demo
23201	I-Fluid
23211	I-Fluid
23301	Yosumin!
23302	Yosumin!
23303	Yosumin!
23304	Yosumin!
23305	Yosumin!
23306	Yosumin!
23307	Yosumin!
23311	The Last Remnant
23321	Yosumin! Demo
23322	Yosumin! Demo
23323	Yosumin! Demo
23324	Yosumin! Demo
23325	Yosumin! Demo
23326	Yosumin! Demo
23327	Yosumin! Demo
23331	The Last Remnant Demo
23341	Last Remnant - Demo 2
23351	Last Remnant - Demo 3
23361	Final Fantasy XI
23371	Yosumin
23372	Final Fantasy XI (data)
23373	Final Fantasy XI (data)
23374	Final Fantasy XI (data)
23375	Final Fantasy XI (data)
23376	Final Fantasy XI (data)
23377	Final Fantasy XI (data)
23381	Gyromancer
23382	Gyromancer
23383	Gyromancer
23384	Gyromancer
23385	Gyromancer
23386	Gyromancer
23387	Gyromancer
23391	FINAL FANTASY XI / FINAL FANTASY XI / FINAL FANTASY XI: Ultimate Collection - Abyssea Edition / FINAL FANTASY XI: Ultimate Collection - Abyssea Edition
23392	FINAL FANTASY XI / FINAL FANTASY XI: Ultimate Collection - Abyssea Edition
23401	Imperium Romanum: Gold Edition
23402	Imperium Romanum: Gold Edition
23403	Imperium Romanum: Gold Edition
23404	Imperium Romanum: Gold Edition
23411	Imperium Romanum: Gold Edition Demo
23412	Imperium Romanum: Gold Edition Demo
23413	Imperium Romanum: Gold Edition Demo
23414	Imperium Romanum: Gold Edition Demo
23421	Europa Universalis: Rome - Gold Edition / Europa Universalis: Rome - Vae Victis
23422	Europa Universalis: Rome - Vae Victis
23451	Grand Ages: Rome
23452	Grand Ages: Rome
23453	Grand Ages: Rome
23454	Grand Ages: Rome
23455	Grand Ages: Rome
23461	Ceville
23462	Ceville
23463	Ceville
23471	Grand Ages: Rome - Demo
23472	Grand Ages: Rome (localization)
23473	Grand Ages: Rome (localization)
23474	Grand Ages: Rome (localization)
23481	Ceville - Demo
23482	Ceville - Demo
23483	Ceville - Demo
23491	Tropico 3 - Steam Special Edition
23492	Tropico 3 - Steam Special Edition
23493	Tropico 3 - Steam Special Edition
23494	Tropico 3 - Steam Special Edition
23495	Tropico 3 - Steam Special Edition
23496	Tropico 3 - Steam Special Edition
23501	Puzzle Quest: Galactrix
23511	Texas Cheat'Em / Texas Cheat'em Demo
23531	Earth Defense Force: Insect Armageddon
23532	Earth Defense Force: Insect Armageddon
23601	Depths of Peril
23602	Depths of Peril
23611	Depths of Peril Demo
23701	Puzzle Kingdoms
24001	RailWorks
24009	Train Simulator Classic
24012	Train Simulator Classic
24019	RailWorks
24021	Train Simulator Classic
24022	Train Simulator Classic
24023	Train Simulator Classic
24024	Train Simulator Classic
24025	Train Simulator Classic
24026	Train Simulator Classic
24027	Train Simulator Classic
24028	Train Simulator Classic
24029	Train Simulator Classic
24030	Train Simulator Classic
24031	Train Simulator Classic
24032	Train Simulator Classic
24033	Train Simulator Classic
24034	Train Simulator Classic
24035	Train Simulator Classic
24036	Train Simulator Classic
24037	Train Simulator Classic
24038	Train Simulator Classic
24039	Train Simulator Classic
24040	Train Simulator Classic
24041	Train Simulator Classic
24042	Train Simulator Classic
24043	Train Simulator Classic
24044	Train Simulator Classic
24045	Train Simulator Classic
24046	Train Simulator Classic
24047	Train Simulator Classic
24048	Train Simulator Classic
24049	Train Simulator Classic
24050	Train Simulator Classic
24051	Train Simulator Classic
24052	Train Simulator Classic
24053	Train Simulator Classic
24054	Train Simulator Classic
24055	Train Simulator Classic
24056	Train Simulator Classic
24057	Train Simulator Classic
24058	Train Simulator Classic
24059	Train Simulator Classic
24060	Train Simulator Classic
24061	Train Simulator Classic
24062	Train Simulator Classic
24063	Train Simulator Classic (data)
24064	Train Simulator Classic (data)
24065	Train Simulator Classic
24066	Train Simulator Classic
24067	Train Simulator Classic
24068	Train Simulator Classic
24069	Train Simulator Classic
24070	Train Simulator Classic
24071	Train Simulator Classic
24072	Train Simulator Classic
24073	Train Simulator Classic
24074	Train Simulator Classic
24075	Train Simulator Classic
24076	Train Simulator Classic
24077	Train Simulator Classic
24078	Train Simulator Classic
24079	Train Simulator Classic
24080	Train Simulator Classic
24081	Train Simulator Classic
24082	Train Simulator Classic
24083	Train Simulator Classic
24084	Train Simulator Classic
24085	Train Simulator Classic
24086	Train Simulator Classic
24087	Train Simulator Classic
24088	Train Simulator Classic
24089	Train Simulator Classic
24090	Train Simulator Classic
24091	Train Simulator Classic
24092	Train Simulator Classic
24093	Train Simulator Classic
24094	Train Simulator Classic
24095	Train Simulator Classic
24096	Train Simulator Classic
24097	Train Simulator Classic
24098	Train Simulator Classic
24099	Train Simulator Classic
24101	EverQuest II
24121	EverQuest: Secrets of Faydwer / EverQuest: Seeds of Destruction / Everquest: Underfoot / Everquest: Underfoot - Raging Mercenaries / Everquest: House of Thule
24141	Pirates of the Burning Sea
24151	Vanguard: Saga of Heroes
24171	Star Wars Galaxies
24201	DC Universe Online
24202	DC Universe Online
24203	DC Universe Online
24204	DC Universe Online
24205	DC Universe Online
24208	DC Universe Online
24209	DC Universe Online
24241	PAYDAY: The Heist
24242	PAYDAY: The Heist
24243	PAYDAY: The Heist
24244	PAYDAY: The Heist
24245	PAYDAY: The Heist
24246	PAYDAY: The Heist
24401	King Arthur - The Role-playing Wargame
24402	King Arthur - The Role-playing Wargame
24403	King Arthur - The Role-playing Wargame
24404	King Arthur - The Role-playing Wargame
24405	King Arthur - The Role-playing Wargame
24406	King Arthur - The Role-playing Wargame
24407	King Arthur - The Role-playing Wargame
24408	King Arthur - The Role-playing Wargame
24409	King Arthur - The Role-playing Wargame
24411	Crusaders: Thy Kingdom Come
24412	Crusaders: Thy Kingdom Come
24413	Crusaders: Thy Kingdom Come
24414	Crusaders: Thy Kingdom Come
24415	Crusaders: Thy Kingdom Come
24416	Crusaders: Thy Kingdom Come
24421	Aquaria
24431	King Arthur - The Role-playing Wargame Demo
24445	King Arthur - The Role-playing Wargame
24446	King Arthur - The Role-playing Wargame
24447	King Arthur - The Role-playing Wargame
24448	King Arthur - The Role-playing Wargame
24449	King Arthur - The Role-playing Wargame
24450	King Arthur - The Role-playing Wargame
24451	King Arthur - The Role-playing Wargame
24461	King Arthur - Fallen Champions
24462	King Arthur - Fallen Champions
24463	King Arthur - Fallen Champions
24464	King Arthur - Fallen Champions
24465	King Arthur - Fallen Champions
24471	King Arthur: Collection
24472	King Arthur: Collection
24473	King Arthur: Collection
24474	King Arthur: Collection
24481	King Arthur II
24482	King Arthur II (data)
24483	King Arthur II - The Role-playing Wargame
24484	King Arthur II - The Role-playing Wargame
24485	King Arthur II - The Role-playing Wargame
24486	King Arthur II - The Role-playing Wargame
24487	King Arthur II - The Role-playing Wargame
24488	King Arthur II - The Role-playing Wargame
24489	King Arthur II - The Role-playing Wargame
24490	King Arthur II - The Role-playing Wargame
24491	King Arthur II - The Role-playing Wargame
24492	King Arthur II - The Role-playing Wargame
24493	King Arthur II - The Role-playing Wargame
24494	King Arthur II - The Role-playing Wargame
24495	King Arthur II - The Role-playing Wargame
24496	King Arthur II - The Role-playing Wargame
24498	King Arthur II - The Role-playing Wargame
24499	King Arthur II - The Role-playing Wargame
24501	Dreamkiller
24502	Dreamkiller
24503	Dreamkiller
24601	Trainz 2009: Railroad Simulator
24611	Trainz Classics: 1st & 2nd Edition
24621	Trainz Classics: Volume 3
24631	Trainz Simulator 2010: Engineers Edition / Trainz: Classic Cabon City / Trainz: Settle & Carlisle / Trainz: Murchison 2
24632	Trainz Simulator 2010: Engineers Edition
24633	Trainz Simulator 2010: Engineers Edition
24634	Trainz Simulator 2010: Engineers Edition
24635	Trainz Simulator 2010: Engineers Edition
24637	Trainz Simulator 2010: Engineers Edition
24641	Trainz: Classic Cabon City
24651	Trainz: Settle & Carlisle
24661	Trainz: Murchison 2
24671	Trainz Simulator 12
24672	Trainz Simulator 12
24674	Trainz Simulator 12
24675	Trainz Simulator 12
24676	Trainz Simulator 12
24711	Red Alert 3 Demo
24721	Spore: Galactic Adventures
24729	Spore: Galactic Adventures
24741	Burnout Paradise: The Ultimate Box
24761	BattleForge / BattleForge Demo
24762	BattleForge
24763	BattleForge
24764	BattleForge
24765	SimCity 4 Deluxe (data)
24766	SimCity 4 Deluxe
24767	SimCity 4 Deluxe
24781	SimCity 4 Deluxe
24782	SimCity 4 Deluxe
24783	SimCity 4 Deluxe
24784	SimCity 4 Deluxe
24785	SimCity 4 Deluxe
24786	SimCity 4 Deluxe
24787	SimCity 4 Deluxe
24788	SimCity 4 Deluxe
24789	SimCity 4 Deluxe (data)
24791	Command & Conquer 3: Tiberium Wars™
24792	Command & Conquer 3: Tiberium Wars™
24793	Command & Conquer 3: Tiberium Wars™
24794	Command & Conquer 3: Tiberium Wars™
24795	Command & Conquer 3: Tiberium Wars™
24796	Command & Conquer 3: Tiberium Wars™
24797	Command & Conquer 3: Tiberium Wars™
24798	Command & Conquer 3: Tiberium Wars™
24799	Command & Conquer 3: Tiberium Wars™
24801	Command & Conquer™ Red Alert™ 3 - Uprising
24802	Command & Conquer™ Red Alert™ 3 - Uprising
24803	Command & Conquer™ Red Alert™ 3 - Uprising
24804	Command & Conquer™ Red Alert™ 3 - Uprising
24805	Command & Conquer™ Red Alert™ 3 - Uprising
24806	Command & Conquer™ Red Alert™ 3 - Uprising
24807	Command & Conquer™ Red Alert™ 3 - Uprising
24808	Command & Conquer™ Red Alert™ 3 - Uprising
24809	Command & Conquer™ Red Alert™ 3 - Uprising
24811	Command & Conquer 3: Kane's Wrath™
24812	Command & Conquer 3: Kane's Wrath™
24813	Command & Conquer 3: Kane's Wrath™
24814	Command & Conquer 3: Kane's Wrath™
24815	Command & Conquer 3: Kane's Wrath™
24816	Command & Conquer 3: Kane's Wrath™
24817	Command & Conquer 3: Kane's Wrath™
24818	Command & Conquer 3: Kane's Wrath™
24819	Command & Conquer 3: Kane's Wrath™
24821	The Godfather
24822	The Godfather
24823	The Godfather
24824	The Godfather
24825	The Godfather
24831	Godfather 2
24832	Godfather 2
24833	Godfather 2
24834	Godfather 2
24835	Godfather 2
24836	Godfather 2
24841	Medal of Honor: Airborne
24842	Medal of Honor: Airborne
24843	Medal of Honor: Airborne
24844	Medal of Honor: Airborne
24845	Medal of Honor: Airborne
24846	Medal of Honor: Airborne
24847	Medal of Honor: Airborne
24848	Medal of Honor: Airborne
24849	Medal of Honor: Airborne
24851	FIFA Manager 10
24852	FIFA Manager 10
24853	FIFA Manager 10
24854	FIFA Manager 10
24855	FIFA Manager 10
24856	FIFA Manager 10
24857	FIFA Manager 10
24858	FIFA Manager 10
24861	Battlefield 2
24862	Battlefield 2
24863	Battlefield 2
24864	Battlefield 2
24865	Battlefield 2
24866	Battlefield 2
24867	Battlefield 2
24868	Battlefield 2 (data)
24869	Battlefield 2
24871	Need for Speed: SHIFT
24881	The Saboteur
24882	The Saboteur
24883	The Saboteur
24884	The Saboteur
24885	The Saboteur
24886	The Saboteur
24921	Dragon Age: Origins Character Creator
24922	Dragon Age: Origins Character Creator
24923	Dragon Age: Origins Character Creator
24924	Dragon Age: Origins Character Creator
24925	Dragon Age: Origins Character Creator
24926	Dragon Age: Origins Character Creator
24927	Dragon Age: Origins Character Creator
24928	Dragon Age: Origins Character Creator
24929	Dragon Age: Origins Character Creator
24930	Dragon Age: Origins Character Creator
24932	Dragon Age: Origins / Dragon Age: Origins - Awakening
24935	Dragon Age: Origins
24936	Dragon Age: Origins
24938	Dragon Age: Origins / Dragon Age: Origins - Awakening
24939	Dragon Age: Origins / Dragon Age: Origins - Awakening
24941	Medal of Honor: Pacific Assault
24942	Medal of Honor: Pacific Assault (data)
24943	Medal of Honor: Pacific Assault (data)
24944	Medal of Honor: Pacific Assault (data)
24945	Medal of Honor: Pacific Assault (data)
24946	Medal of Honor: Pacific Assault (data)
24947	Medal of Honor: Pacific Assault (data)
24948	Medal of Honor: Pacific Assault (data)
24949	Medal of Honor: Pacific Assault (data)
24951	Battlefield Bad Company 2 Beta
24961	Battlefield: Bad Company™ 2
24968	Battlefield: Bad Company 2
24981	Mass Effect 2 (2010)
24982	Mass Effect 2 (2010) / Mass Effect 2
24983	Mass Effect 2 (2010) / Mass Effect 2
24984	Mass Effect 2 (2010) / Mass Effect 2
24985	Mass Effect 2 (2010) / Mass Effect 2
24986	Mass Effect 2 (2010) / Mass Effect 2
24987	Mass Effect 2 (2010) / Mass Effect 2
24988	Mass Effect 2 (2010) / Mass Effect 2
24989	Mass Effect 2 (2010) / Mass Effect 2
24990	Mass Effect 2 (2010) / Mass Effect 2
24991	Mass Effect 2 (2010)
25001	Overgrowth
25002	Overgrowth
25003	Overgrowth
25011	Lugaru HD
25012	Lugaru HD
25301	Noesis - Advanced Source Level Design
25311	Noesis - 3D Content Creation with Softimage
25321	Noesis - HL2 Character Design & Integration with Softimage
25331	Noesis - HL2 Character Design & Integration with Maya
25341	Noesis - Source Choreography & In-Game Cinematics
25351	Noesis - Custom Props & Animation with Softimage
25361	Noesis - Advanced Source Character Animation with Softimage
25371	Noesis - HL2 Character Design & Integration with 3dsMax
25381	Noesis - Custom Props & Animation with Maya
25391	Noesis - Source Creature Rigging with Softimage
25501	Cricket Revolution
25511	Cricket Revolution - Demo
25601	Eschalon: Book 1
25602	Eschalon: Book 1
25611	Eschalon: Book I - Demo
25621	Eschalon: Book 2
25622	Eschalon: Book 2
25701	Madballs in...Babo: Invasion
25702	Madballs in...Babo: Invasion
25703	Madballs in...Babo: Invasion
25711	Madballs in...Babo: Invasion Demo
25721	Madballs in...Babo: Invasion
25741	Madballs In...Babo:Invasion Dedicated Server
25801	Europa Universalis III
25802	Europa Universalis III
25803	Europa Universalis III
25804	Europa Universalis III
25805	Europa Universalis III
25806	Europa Universalis III
25807	Europa Universalis III
25808	Europa Universalis III
25809	Europa Universalis III
25810	Europa Universalis III
25811	Europa Universalis III
25812	Europa Universalis III
25813	Europa Universalis III
25814	Europa Universalis III
25831	Knights of Honor
25841	Take Command: Second Manassas
25851	Elven Legacy / Elven Legacy: Magic / Elven Legacy: Siege / Elven Legacy: Ranger
25861	Sword of the Stars / Sword of the Stars: Argos Naval Yard Expansion
25871	Stalin vs. Martians
25881	Elven Legacy - Demo
25891	Hearts of Iron III
25892	Hearts of Iron III
25893	Hearts of Iron III
25894	Hearts of Iron III
25895	Hearts of Iron III
25896	Hearts of Iron III
25897	Hearts of Iron III
25898	Hearts of Iron III
25899	Hearts of Iron III
25901	King's Bounty: The Legend
25902	King's Bounty: The Legend
25903	King's Bounty: The Legend
25911	Supreme Ruler 2020: Gold
25921	Sword of the Stars / Sword of the Stars: Argos Naval Yard Expansion
25922	Sword of the Stars: Argos Naval Yard Expansion
25931	East India Company / East India Company: Pirate Bay / East India Company: Privateer / East India Company: Battle of Trafalgar
25932	East India Company / East India Company: Pirate Bay / East India Company: Privateer / East India Company: Battle of Trafalgar
25933	East India Company / East India Company: Pirate Bay / East India Company: Privateer / East India Company: Battle of Trafalgar
25941	East India Company: Pirate Bay
25960	Hearts of Iron III
25961	Hearts of Iron III
25962	Hearts of Iron III
25981	Majesty 2
25982	Majesty 2
25983	Majesty 2
25991	Majesty: Gold Edition
26001	The Maw / The Maw Demo
26005	The Maw
26006	The Maw
26007	The Maw
26101	Noesis - Realtime Character Animation with Softimage
26111	Noesis - Source Vehicle Scripting
26121	Noesis - Intro to Source Vehicle Programming
26131	Noesis - Source Machinima Choreography
26141	Noesis - Source Machinima Cinematography
26161	Noesis - 3D Content Creation with 3dsMax
26171	Noesis - 3D Content Creation with Maya
26181	Noesis - Custom Props & Animation with 3dsMax
26301	Drug Wars
26501	Cogs / Cogs Demo
26502	Cogs / Cogs Demo
26503	Cogs / Cogs Demo
26504	Cogs / Cogs Demo
26505	Cogs / Cogs Demo
26506	Cogs / Cogs Demo
26507	Cogs / Cogs Demo
26508	Cogs / Cogs Demo
26509	Cogs / Cogs Demo
26510	Cogs (localization)
26511	Cogs / Cogs Demo
26512	Cogs
26601	Retro/Grade
26701	Smashing Toys Press Demo
26712	Smashing Toys
26721	Smashing Toys
26722	Smashing Toys Demo
26801	Braid / Braid Demo
26802	Braid / Braid Demo
26803	Braid
26901	Crayon Physics Deluxe
26902	Crayon Physics Deluxe
26911	Crayon Physics Deluxe Demo
27001	The Path
27002	The Path
27004	The Path
27005	The Path
27006	The Path
27007	The Path
27008	The Path
27009	The Path
27010	The Path
27011	The Path
27012	The Path
27013	The Path
27014	The Path
27015	The Path
27021	The Graveyard
27022	The Graveyard
27031	The Graveyard Trial
27032	The Graveyard Trial
27041	The Path - Prologue
27051	FATALE
27052	FATALE
27201	Summer Athletics
27221	Divinity II - Ego Draconis
27222	Divinity II - Ego Draconis
27223	Divinity II - Ego Draconis
27224	Divinity II - Ego Draconis
27225	Divinity II - Ego Draconis
27226	Divinity II - Ego Draconis
27227	Divinity II - Ego Draconis
27241	Summer Athletics 2009
27301	Saw
27302	Saw
27321	Saw 2
27331	Blacklight: Tango Down
27401	Dangerous High School Girls in Trouble!
27402	Dangerous High School Girls in Trouble!
27601	MEVO & the Grooveriders
27612	MEVO & the Grooveriders Demo
27801	Space Giraffe
27811	GridRunner Revolution
27901	Twin Sector
27911	Twin Sector Demo
27921	Booster Trooper
27931	Booster Trooper Demo
27941	Dead Horde
28001	Kane & Lynch 2: Dog Days
28002	Kane & Lynch 2: Dog Days
28003	Kane & Lynch 2: Dog Days
28004	Kane & Lynch 2: Dog Days
28005	Kane & Lynch 2: Dog Days
28006	Kane & Lynch 2: Dog Days
28007	Kane & Lynch 2: Dog Days
28008	Kane & Lynch 2: Dog Days
28009	Kane & Lynch 2: Dog Days
28010	Kane & Lynch 2: Dog Days
28011	Kane & Lynch 2 (data)
28012	Kane & Lynch 2 (data)
28013	Kane & Lynch 2 (data)
28014	Kane & Lynch 2 (data)
28015	Kane & Lynch 2 (data)
28016	Kane & Lynch 2: Dog Days
28017	Kane & Lynch 2: Dog Days
28021	Kane & Lynch 2: Dog Days Demo
28023	Kane & Lynch 2: Dog Days Demo
28025	Kane & Lynch 2: Dog Days Demo
28026	Kane & Lynch 2: Dog Days Demo
28027	Kane & Lynch 2: Dog Days Demo
28028	Kane & Lynch 2: Dog Days Demo
28031	Kane & Lynch 2: Dog Days
28032	Kane & Lynch 2: Dog Days
28033	Kane & Lynch 2: Dog Days
28034	Kane & Lynch 2 (data)
28035	Kane & Lynch 2 (data)
28036	Kane & Lynch 2 (data)
28037	Kane & Lynch 2 (data)
28038	Kane & Lynch 2 (data)
28041	Kane & Lynch 2: Dog Days
28042	Kane & Lynch 2: Dog Days
28043	Kane & Lynch 2: Dog Days
28044	Kane & Lynch 2 (data)
28045	Kane & Lynch 2 (data)
28046	Kane & Lynch 2 (data)
28047	Kane & Lynch 2 (data)
28048	Kane & Lynch 2 (data)
28051	Deus Ex: Human Revolution
28052	Deus Ex: Human Revolution
28053	Deus Ex: Human Revolution
28054	Deus Ex: Human Revolution
28055	Deus Ex: Human Revolution
28056	Deus Ex: Human Revolution
28057	Deus Ex: Human Revolution
28058	Deus Ex: Human Revolution
28059	Deus Ex: Human Revolution
28060	Deus Ex: Human Revolution (data)
28061	Deus Ex: Human Revolution (data)
28071	Deus Ex: Human Revolution
28072	Deus Ex: Human Revolution (data)
28073	Deus Ex: Human Revolution (data)
28074	Deus Ex: Human Revolution (data)
28075	Deus Ex: Human Revolution (data)
28076	Deus Ex: Human Revolution (data)
28077	Deus Ex: Human Revolution (data)
28078	Deus Ex: Human Revolution (data)
28081	Deus Ex: Human Revolution
28082	Deus Ex: Human Revolution
28083	Deus Ex: Human Revolution (data)
28084	Deus Ex: Human Revolution (data)
28085	Deus Ex: Human Revolution (data)
28086	Deus Ex: Human Revolution (data)
28087	Deus Ex: Human Revolution (data)
28088	Deus Ex: Human Revolution (data)
28089	Deus Ex: Human Revolution (data)
28101	Deus Ex: Human Revolution
28102	Deus Ex: Human Revolution (ML)
28103	Deus Ex: Human Revolution (data)
28104	Deus Ex: Human Revolution (data)
28105	Deus Ex: Human Revolution (data)
28106	Deus Ex: Human Revolution (data)
28107	Deus Ex: Human Revolution (data)
28108	Deus Ex: Human Revolution (data)
28109	Deus Ex: Human Revolution (data)
28111	Deus Ex Human Revolution Augmented Edition Bonus Content
28112	Deus Ex Human Revolution Augmented Edition Bonus Content
28113	Deus Ex Human Revolution Augmented Edition Bonus Content
28114	Deus Ex Human Revolution Augmented Edition Bonus Content
28115	Deus Ex Human Revolution Augmented Edition Bonus Content
28116	Deus Ex Human Revolution Augmented Edition Bonus Content
28117	Deus Ex Human Revolution Augmented Edition Bonus Content
29101	Osmos IGF Demo
29111	Retro/Grade IGF Demo
29121	Yumsters! 2: Around the World!
29122	Yumsters 2
29131	Musaic Box
29132	Musaic Box
29141	Between IGF Demo
29151	Mightier
29161	Blueberry Garden
29171	Blueberry Garden Demo
29181	Osmos
29182	Osmos
29191	Osmos
29201	Osmos Demo
29202	Osmos Demo
29501	City of Heroes: Architect Edition
29502	City of Heroes: Architect Edition
29503	City of Heroes: Architect Edition
29521	Lineage
29531	Lineage II: The Chaotic Throne / Lineage II: The Chaotic Throne
29541	Guild Wars® Reforged
29542	Guild Wars® Reforged
29543	Guild Wars® Reforged
29544	Guild Wars® Reforged
29545	Guild Wars® Reforged
29551	City of Heroes
29552	City of Heroes
29553	City of Heroes
29561	Guild Wars (data)
29571	Guild Wars (data)
29581	Guild Wars (data)
29641	Aion / Aion Collectors Edition / Aion / Aion Collectors Edition
29681	City of Heroes: Going Rogue / City of Heroes: Going Rogue EU
29682	City of Heroes: Going Rogue
29683	City of Heroes: Going Rogue
29684	City of Heroes: Going Rogue
29691	City of Heroes: Going Rogue EU
29692	City of Heroes: Going Rogue EU
29731	City of Heroes
29732	City of Heroes
29733	NCSoft Launcher (City of Heroes/Lineage)
29801	Caster
29802	Caster
29901	Dark Sector
29902	Dark Sector
30001	Tom Bui Test App
30002	Tom Bui Test App
30003	Tom Bui Test App
30004	Tom Bui Test App
31101	Wallace & Gromit Ep 1: Fright of the Bumblebees
31112	Wallace & Gromit Ep 2: The Last Resort
31121	Wallace & Gromit Ep 3: Muzzled!
31131	Wallace & Gromit Ep 4: The Bogey Man
31161	Wallace & Gromit Demo
31171	Tales of Monkey Island: Chapter 1 - Launch of the Screaming Narwhal
31172	Tales of Monkey Island: Chapter 1 - Launch of the Screaming Narwhal
31173	Tales of Monkey Island: Chapter 1 - Launch of the Screaming Narwhal
31174	Tales of Monkey Island: Chapter 1 - Launch of the Screaming Narwhal
31181	Tales of Monkey Island: Chapter 2 - The Siege of Spinner Cay
31182	Tales of Monkey Island: Chapter 2 - The Siege of Spinner Cay
31183	Tales of Monkey Island: Chapter 2 - The Siege of Spinner Cay
31184	Tales of Monkey Island: Chapter 2 - The Siege of Spinner Cay
31191	Tales of Monkey Island: Chapter 3 - Lair of the Leviathan
31192	Tales of Monkey Island: Chapter 3 - Lair of the Leviathan
31193	Tales of Monkey Island: Chapter 3 - Lair of the Leviathan
31194	Tales of Monkey Island: Chapter 3 - Lair of the Leviathan
31201	Tales of Monkey Island: Chapter 4 - The Trial and Execution of Guybrush Threepwood
31202	Tales of Monkey Island: Chapter 4 - The Trial and Execution of Guybrush Threepwood
31203	Tales of Monkey Island: Chapter 4 - The Trial and Execution of Guybrush Threepwood
31204	Tales of Monkey Island: Chapter 4 - The Trial and Execution of Guybrush Threepwood
31211	Tales of Monkey Island: Chapter 5 - Rise of the Pirate God
31212	Tales of Monkey Island: Chapter 5 - Rise of the Pirate God
31213	Tales of Monkey Island: Chapter 5 - Rise of the Pirate God
31214	Tales of Monkey Island: Chapter 5 - Rise of the Pirate God
31221	Sam & Max 301: The Penal Zone
31222	Sam & Max 301: The Penal Zone
31231	Sam & Max 302: The Tomb of Sammun-Mak
31232	Sam & Max 302: The Tomb of Sammun-Mak
31241	Sam & Max 303: They Stole Max's Brain!
31242	Sam & Max 303: They Stole Max's Brain!
31251	Sam & Max 304: Beyond the Alley of the Dolls
31252	Sam & Max 304: Beyond the Alley of the Dolls
31261	Sam & Max 305: The City that Dares not Sleep
31262	Sam & Max 305: The City that Dares not Sleep
31271	Puzzle Agent
31272	Puzzle Agent
31281	Poker Night at the Inventory (2010 Original Version)
31282	Poker Night at the Inventory (2010 Original Version)
31291	Back to the Future: Ep 1 - It's About Time
31292	Back to the Future: Ep 1 - It's About Time
31293	Back to the Future: Ep 1 - It's About Time
31294	Back to the Future: Ep 1 - It's About Time
31295	Back to the Future: Ep 1 - It's About Time
31296	Back to the Future: Ep 1 - It's About Time
31301	Tunnel Rats 1968
31401	D.I.P.R.I.P. Warm Up
31411	Zombie Driver / Zombie Driver
31420	Zombie Driver
31501	Coil
31601	Smashball
31701	Iron Grip: Warlord / Iron Grip: Warlord Dedicated Server
31702	Iron Grip: Warlord / Iron Grip: Warlord Dedicated Server
31703	Iron Grip: Warlord / Iron Grip: Warlord Dedicated Server
31711	Iron Grip: Warlord - Demo
31713	Iron Grip: Warlord
31741	Iron Grip: Marauders
31742	Iron Grip: Marauders
31801	Nancy Drew: Danger By Design
31811	Nancy Drew: Last Train to Blue Moon Canyon
31821	Nancy Drew: The Haunted Carousel
31831	Nancy Drew: Curse of Blackmoor Manor
31841	Nancy Drew: Danger on Deception Island
31851	Nancy Drew: Ghost Dogs of Moon Lake
31861	Nancy Drew: Legend of the Crystal Skull
31871	Nancy Drew Dossier: Lights, Camera, Curses!
31881	Nancy Drew: Secret of the Old Clock
31891	Nancy Drew: Secret of the Scarlet Hand
31901	Nancy Drew: The Creature of Kapu Cave
31911	Nancy Drew: The Haunting of Castle Malloy
31921	Nancy Drew: The Phantom of Venice
31931	Nancy Drew: The White Wolf of Icicle Creek
31941	Nancy Drew: Legend of the Crystal Skull Demo
31951	Nancy Drew: The Creature of Kapu Cave Demo
31961	Nancy Drew: The Phantom of Venice Demo
31971	Nancy Drew: The White Wolf of Icicle Creek Demo
31981	Nancy Drew: Ransom of the Seven Ships
31991	Nancy Drew: Ransom of the Seven Ships - Demo
32001	Raycatcher
32011	Raycatcher Demo
32101	Elements: Bask in the Light
32102	Elements: Bask in the Light
32103	Elements: Bask in the Light
32104	Elements: Bask in the Light
32105	Elements: Bask in the Light
32111	Luxor Mahjong / Luxor Mahjong - Demo
32112	Luxor Mahjong / Luxor Mahjong - Demo
32113	Luxor Mahjong / Luxor Mahjong - Demo
32114	Luxor Mahjong / Luxor Mahjong - Demo
32115	Luxor Mahjong / Luxor Mahjong - Demo
32116	Luxor Mahjong / Luxor Mahjong - Demo
32118	Luxor Mahjong
32121	Chainz 2: Relinked / Chainz 2: Relinked Demo
32122	Chainz 2: Relinked / Chainz 2: Relinked Demo
32123	Chainz 2: Relinked / Chainz 2: Relinked Demo
32124	Chainz 2: Relinked / Chainz 2: Relinked Demo
32125	Chainz 2: Relinked / Chainz 2: Relinked Demo
32126	Chainz 2: Relinked / Chainz 2: Relinked Demo
32128	Chainz 2: Relinked
32131	Penguins' Journey / Penguins' Journey - Demo
32132	Penguins' Journey / Penguins' Journey - Demo
32133	Penguins' Journey / Penguins' Journey - Demo
32134	Penguins' Journey / Penguins' Journey - Demo
32141	Midnight Mysteries: The Edgar Allan Poe Conspiracy
32151	Everyday Genius: SquareLogic / Everyday Genius: SquareLogic Demo
32161	Zombie Bowl-O-Rama / Zombie Bowl-O-Rama Demo
32171	Luxor Adventures
32181	Samantha Swift and the Mystery from Atlantis
32191	Becky Brogan: The Mystery of Meane Manor
32201	Metal Drift
32211	Metal Drift - Demo
32311	Indiana Jones and the Last Crusade
32312	Indiana Jones and the Last Crusade
32313	Indiana Jones and the Last Crusade
32321	LEGO Star Wars II: The Original Trilogy
32331	LEGOⓇ Indiana Jones™: The Original Adventures
32332	LEGOⓇ Indiana Jones™: The Original Adventures
32333	LEGOⓇ Indiana Jones™: The Original Adventures
32334	LEGO Indiana Jones (data)
32335	LEGOⓇ Indiana Jones™: The Original Adventures
32336	LEGOⓇ Indiana Jones™: The Original Adventures
32341	Loom
32342	Loom
32351	STAR WARS™ Starfighter™
32352	STAR WARS™ Starfighter™
32353	STAR WARS™ Starfighter™
32354	STAR WARS™ Starfighter™
32355	STAR WARS™ Starfighter™
32361	The Secret of Monkey Island: Special Edition
32371	STAR WARS™ Knights of the Old Republic™
32372	STAR WARS™ Knights of the Old Republic™
32373	STAR WARS™ Knights of the Old Republic™
32374	STAR WARS™ Knights of the Old Republic™
32375	STAR WARS™ Knights of the Old Republic™
32376	STAR WARS™ Knights of the Old Republic™
32377	STAR WARS™ Knights of the Old Republic™
32381	STAR WARS™ Jedi Knight: Dark Forces II
32382	STAR WARS™ Jedi Knight: Dark Forces II
32383	STAR WARS™ Jedi Knight: Dark Forces II
32384	STAR WARS™ Jedi Knight: Dark Forces II
32391	STAR WARS™ Jedi Knight: Mysteries of the Sith™
32392	STAR WARS™ Jedi Knight: Mysteries of the Sith™
32393	STAR WARS™ Jedi Knight: Mysteries of the Sith™
32394	STAR WARS™ Jedi Knight: Mysteries of the Sith™
32401	STAR WARS™: Dark Forces
32402	STAR WARS™: Dark Forces
32403	STAR WARS™: Dark Forces
32404	STAR WARS™: Dark Forces
32405	STAR WARS™: Dark Forces
32411	Lucidity
32412	Lucidity
32413	Lucidity
32421	STAR WARS™: The Clone Wars - Republic Heroes™
32431	STAR WARS™: The Force Unleashed™ Ultimate Sith Edition
32432	Star Wars: The Force Unleashed (Mac)
32433	STAR WARS™: The Force Unleashed™ Ultimate Sith Edition
32434	STAR WARS™: The Force Unleashed™ Ultimate Sith Edition
32441	LEGO® Star Wars™: The Complete Saga
32451	LEGO® Indiana Jones™ 2: The Adventure Continues
32461	Monkey Island 2: Special Edition
32462	Monkey Island 2: Special Edition (data)
32471	STAR WARS™ Empire at War: Gold Pack
32472	STAR WARS™ Empire at War: Gold Pack
32473	STAR WARS™ Empire at War: Gold Pack
32474	STAR WARS™ Empire at War: Gold Pack
32475	STAR WARS™ Empire at War: Gold Pack
32476	STAR WARS™ Empire at War: Gold Pack
32491	Monkey Island 2: LeChuck's Revenge
32501	STAR WARS™: The Force Unleashed™ II
32502	STAR WARS™: The Force Unleashed™ II
32503	STAR WARS™: The Force Unleashed™ II
32511	LEGO® Star Wars™ III: The Clone Wars™
32601	Delta Force: Xtreme 2
32611	Delta Force: Xtreme 2
32621	Delta Force 1
32631	Delta Force 2
32641	Delta Force: Land Warrior
32651	Delta Force: Task Force Dagger
32661	Delta Force: Xtreme
32671	Delta Force: Black Hawk Down / Delta Force: Black Hawk Down - Team Sabre
32681	Delta Force: Black Hawk Down - Team Sabre
32691	Joint Operations: Typhoon Rising / Joint Operations: Escalation
32701	Joint Operations: Escalation
32711	Armored Fist 3
32721	F-16 Multirole Fighter
32731	F-22 Lightning 3
32741	MiG-29 Fulcrum
32751	Comanche 4
32761	Tachyon: The Fringe
32771	Joint Operations: Combined Arms
32781	Delta Force: Xtreme 2
32802	The Lord of the Rings: War in the North
32803	The Lord of the Rings: War in the North
32804	The Lord of the Rings: War in the North
32805	The Lord of the Rings: War in the North
32806	The Lord of the Rings: War in the North
32807	The Lord of the Rings: War in the North
32808	The Lord of the Rings: War in the North
32809	The Lord of the Rings: War in the North
32810	The Lord of the Rings: War in the North
32811	The Lord of the Rings: War in the North
32812	The Lord of the Rings: War in the North (data)
32813	The Lord of the Rings: War in the North (data)
32814	The Lord of the Rings: War in the North
32815	The Lord of the Rings: War in the North
32901	Restaurant Empire II
32902	Restaurant Empire II
32903	Restaurant Empire II (data)
33001	Rise of Nations: Thrones and Patriots
33002	Rise of Nations: Thrones and Patriots (data)
33003	Rise of Nations: Thrones and Patriots (data)
33004	Rise of Nations: Thrones and Patriots (data)
33005	Rise of Nations: Thrones and Patriots (data)
33006	Rise of Nations: Thrones and Patriots (data)
33007	Rise of Nations: Thrones and Patriots (data)
33008	Rise of Nations: Thrones and Patriots (data)
33009	Rise of Nations: Thrones and Patriots (data)
33101	Alien Shooter
33102	Alien Shooter
33111	Alien Shooter: Revisited
33112	Alien Shooter: Revisited
33121	Alien Shooter 2: Reloaded
33122	Alien Shooter 2: Reloaded
33131	Zombie Shooter
33132	Zombie Shooter
33141	Alien Shooter Demo
33151	Alien Shooter Revisited Demo
33161	Alien Shooter 2 Reloaded Demo
33171	Zombie Shooter Demo
33181	Zombie Shooter 2
33182	Zombie Shooter 2
33191	Zombie Shooter 2 - Demo
33192	Zombie Shooter 2
33201	Dog Whisperer
33202	Dog Whisperer (data)
33203	Dog Whisperer (data)
33211	Dawn of Discovery / Dawn of Discovery - Venice
33212	Dawn of Discovery - Venice
33213	Dawn of Discovery - Venice
33214	Dawn of Discovery - Venice
33221	Tom Clancy's Splinter Cell: Conviction
33222	Tom Clancy's Splinter Cell: Conviction
33223	Tom Clancy's Splinter Cell: Conviction
33224	Tom Clancy's Splinter Cell: Conviction
33225	Tom Clancy's Splinter Cell: Conviction
33226	Tom Clancy's Splinter Cell: Conviction
33227	Tom Clancy's Splinter Cell: Conviction
33228	Tom Clancy's Splinter Cell: Conviction
33229	Tom Clancy's Splinter Cell: Conviction
33231	Assassin's Creed II
33232	Assassin's Creed II
33233	Assassin's Creed II
33234	Assassin's Creed II
33235	Assassin's Creed II
33236	Assassin's Creed II
33237	Assassin's Creed II
33238	Assassin's Creed II
33239	Assassin's Creed II
33241	Tom Clancy's Splinter Cell: Conviction
33242	Tom Clancy's Splinter Cell: Conviction
33243	Tom Clancy's Splinter Cell: Conviction
33244	Tom Clancy's Splinter Cell: Conviction
33247	Tom Clancy's Splinter Cell: Conviction
33248	Tom Clancy's Splinter Cell: Conviction
33251	Anno 1404 / Anno 1404: Venice
33252	Anno 1404 / Anno 1404: Venice
33253	Anno 1404 / Anno 1404: Venice
33254	Anno 1404 / Anno 1404: Venice
33255	Anno 1404 / Anno 1404: Venice
33261	Heroes Over Europe
33262	Heroes Over Europe
33263	Heroes Over Europe
33264	Heroes Over Europe
33265	Heroes Over Europe
33271	Cloudy with a Chance of Meatballs
33272	Cloudy with a Chance of Meatballs
33273	Cloudy with a Chance of Meatballs
33274	Cloudy with a Chance of Meatballs (data)
33275	Cloudy with a Chance of Meatballs (data)
33281	James Cameron’s Avatar™: The Game
33282	James Cameron’s Avatar™: The Game
33283	James Cameron’s Avatar™: The Game
33284	James Cameron’s Avatar™: The Game
33285	James Cameron’s Avatar™: The Game
33286	James Cameron’s Avatar™: The Game
33291	Call of Juarez: Bound in Blood Demo
33301	World in Conflict
33311	R.U.S.E. Demo
33312	R.U.S.E. Demo
33313	R.U.S.E. (localization)
33314	R.U.S.E. (localization)
33315	R.U.S.E. (localization)
33316	R.U.S.E. (localization)
33317	R.U.S.E. (localization)
33318	R.U.S.E. (localization)
33319	R.U.S.E. (localization)
33321	Prince of Persia: The Forgotten Sands
33322	Prince of Persia: The Forgotten Sands
33331	R.U.S.E.
33332	R.U.S.E. (data)
33333	R.U.S.E. (data)
33334	R.U.S.E. (data)
33335	R.U.S.E. (data)
33336	R.U.S.E. (data)
33337	R.U.S.E. (data)
33338	R.U.S.E. (data)
33339	R.U.S.E. (data)
33351	Anno 1404: Venice
33352	Anno 1404: Venice
33353	Anno 1404: Venice
33354	Anno 1404: Venice
33355	Anno 1404: Venice
33362	Assassin's Creed II
33363	Assassin's Creed II
33364	Assassin's Creed II
33365	Assassin's Creed II
33366	Assassin's Creed II
33367	Assassin's Creed II
33368	Assassin's Creed II
33369	Assassin's Creed II
33372	Tom Clancy's Splinter Cell: Conviction
33373	Splinter Cell: Conviction (data)
33374	Splinter Cell: Conviction (data)
33375	Splinter Cell: Conviction (data)
33376	Splinter Cell: Conviction (data)
33377	Splinter Cell: Conviction (data)
33378	Splinter Cell: Conviction (data)
33379	Splinter Cell: Conviction (data)
33391	Zeit²
33401	Zeit² Demo
33411	Zeit 2
33421	Call of Juarez: The Cartel
33441	Driver San Francisco
33442	Driver San Francisco
33461	From Dust
33501	Hired Guns: The Jagged Edge
33511	Officers: World War II
33521	Tropico
33522	Tropico
33523	Tropico
33524	Tropico
33531	Tropico 2: Pirate Cove
33532	Tropico 2: Pirate Cove
33533	Tropico 2: Pirate Cove
33541	Dawn of Magic 2 / Time of Shadows
33542	Dawn of Magic 2
33543	Dawn of Magic 2
33544	Dawn of Magic 2
33551	Time of Shadows
33561	Tropico 3 - Demo
33562	Tropico 3 - Demo
33563	Tropico 3 - Demo
33564	Tropico 3 - Demo
33571	Patrician III
33581	The Great Art Race
33591	DarkStar One
33601	ScummVM (bundle)
33602	Broken Sword 2 - the Smoking Mirror: Remastered (2010)
33611	Broken Sword 3 - the Sleeping Dragon (2003)
33612	Broken Sword 3 - the Sleeping Dragon (2003)
33613	Broken Sword 3 - the Sleeping Dragon (2003)
33614	Broken Sword 3 - the Sleeping Dragon (2003)
33615	Broken Sword 3 - the Sleeping Dragon (2003)
33621	Crash Time III
33622	Crash Time III
33623	Crash Time III
33631	Crash Time III - Demo
33641	Rome: Total War
33642	Rome: Total War (localization)
33643	Rome: Total War (localization)
33644	Rome: Total War (localization)
33651	Puzzler World
33661	Ziro
33671	Disciples III: Renaissance
33672	Disciples III: Renaissance
33673	Disciples III: Renaissance
33674	Disciples III: Renaissance
33681	Eversion
33701	Paws & Claws: Pampered Pets
33711	Paws & Claws: Pet School
33721	Paws & Claws: Pet Vet
33731	18 Wheels of Steel: Extreme Trucker
33732	18 Wheels of Steel: Extreme Trucker
33733	18 Wheels of Steel: Extreme Trucker
33735	18 Wheels of Steel: Extreme Trucker
33736	18 Wheels of Steel: Extreme Trucker
33737	18 Wheels of Steel: Extreme Trucker
33741	John Deere: Drive Green
33751	Prison Tycoon 4: Supermax
33761	Amelia Earhart
33771	Drakensang The River of Time / Drakensang 2 - Phileasson's Secret
33781	Drakensang 2 - Phileasson's Secret
33791	Elizabeth Find M.D. - Diagnosis Mystery - Season 2
33792	Elizabeth Find M.D. - Diagnosis Mystery - Season 2
33901	Arma 2 / Arma 2
33902	Arma 2
33903	ARMA 2 Dedicated Server
33911	Arma 2
33921	Arma 2 Demo
33931	Arma 2: Operation Arrowhead
33932	Arma 2: Operation Arrowhead / Arma 2: Operation Arrowhead - Dedicated Server
33934	Arma 2: Operation Arrowhead
33941	ARMA 2
33951	The Fish Fillets 2
33961	Arma 2: Operation Arrowhead
33971	Arma 2: Operation Arrowhead Demo
33981	Pound of Ground
33991	AlternativA
34001	Football Manager 2010
34002	Football Manager 2010
34003	Football Manager 2010
34011	Alpha Protocol
34012	Alpha Protocol
34013	Alpha Protocol
34014	Alpha Protocol
34015	Alpha Protocol
34016	Alpha Protocol
34017	Alpha Protocol
34018	Alpha Protocol
34021	Football Manager
34031	Total War: NAPOLEON - Definitive Edition
34032	Total War: NAPOLEON - Definitive Edition
34033	Total War: NAPOLEON - Definitive Edition
34035	Total War: NAPOLEON - Definitive Edition
34036	Total War: NAPOLEON - Definitive Edition
34037	Total War: NAPOLEON - Definitive Edition
34038	Total War: NAPOLEON - Definitive Edition
34039	Total War: NAPOLEON - Definitive Edition
34040	Total War: NAPOLEON - Definitive Edition
34041	Total War: NAPOLEON - Definitive Edition
34042	Total War: NAPOLEON - Definitive Edition
34043	Total War: NAPOLEON - Definitive Edition
34051	Napoleon: Total War Demo
34052	Napoleon: Total War Demo
34053	Napoleon: Total War Demo
34055	Napoleon: Total War Demo
34056	Napoleon: Total War Demo
34057	Napoleon: Total War Demo
34058	Napoleon: Total War Demo
34059	Napoleon: Total War Demo
34071	Napoleon: Total War
34072	Napoleon: Total War (data)
34073	Napoleon: Total War
34075	Napoleon: Total War (localization)
34076	Napoleon: Total War (localization)
34077	Napoleon: Total War (localization)
34078	Napoleon: Total War (localization)
34079	Napoleon: Total War (localization)
34080	Napoleon: Total War (localization)
34081	Napoleon: Total War (localization)
34082	Napoleon: Total War (localization)
34091	Aliens vs Predator (2010)
34092	Aliens vs Predator (data)
34093	Aliens vs Predator (data)
34094	Aliens vs Predator (data)
34095	Aliens vs Predator (data)
34096	Aliens vs Predator (data)
34097	Aliens vs Predator (data)
34098	Aliens vs Predator (data)
34099	Aliens vs Predator (data)
34111	Football Manager 2010 Demo
34121	Aliens vs Predator Dedicated Server
34131	Aliens vs Predator (2010)
34132	Aliens vs Predator (data)
34133	Aliens vs Predator (data)
34134	Aliens vs Predator (data)
34135	Aliens vs Predator (data)
34136	Aliens vs Predator (data)
34151	Napoleon: Total War
34152	Napoleon: Total War (data)
34155	Napoleon: Total War (localization)
34156	Napoleon: Total War (localization)
34157	Napoleon: Total War (localization)
34158	Napoleon: Total War (localization)
34159	Napoleon: Total War (localization)
34160	Napoleon: Total War (localization)
34161	Napoleon: Total War (localization)
34162	Napoleon: Total War (localization)
34181	Vancouver 2010: The Official Video Game of the Olympic Winter Games
34191	Sonic and SEGA All Stars Racing
34201	Aliens vs Predator Demo
34202	Aliens vs Predator Demo
34203	Aliens vs Predator Demo
34204	Aliens vs Predator Demo
34205	Aliens vs Predator Demo
34206	Aliens vs Predator Demo
34207	Aliens vs Predator Demo
34208	Aliens vs Predator Demo
34209	Aliens vs Predator Demo
34211	Aliens vs Predator (2010)
34212	Aliens vs Predator (data)
34213	Aliens vs Predator (data)
34214	Aliens vs Predator (data)
34215	Aliens vs Predator (data)
34216	Aliens vs Predator (data)
34217	Aliens vs Predator (data)
34218	Aliens vs Predator (data)
34219	Aliens vs Predator (data)
34221	Football Manager 2011
34222	Football Manager 2011
34223	Football Manager 2011
34224	Football Manager 2011
34231	Football Manager
34232	Football Manager
34241	Aliens vs. Predator
34251	Total War: Shogun 2 Dev
34252	Total War: Shogun 2 Dev
34253	Total War: Shogun 2 Dev
34254	Total War: Shogun 2 Dev
34255	Total War: Shogun 2 Dev
34256	Total War: Shogun 2 Dev
34257	Total War: Shogun 2 Dev
34258	Total War: Shogun 2 Dev
34259	Total War: Shogun 2 Dev
34260	Total War: Shogun 2 Dev
34261	Total War: Shogun 2 Dev
34271	SEGA Mega Drive & Genesis Classics
34272	SEGA Mega Drive & Genesis Classics
34273	SEGA Mega Drive & Genesis Classics
34274	SEGA Mega Drive & Genesis Classics
34275	SEGA Mega Drive & Genesis Classics
34276	SEGA Mega Drive & Genesis Classics
34277	SEGA Mega Drive & Genesis Classics
34278	SEGA Mega Drive & Genesis Classics
34279	SEGA Mega Drive & Genesis Classics
34280	SEGA Mega Drive & Genesis Classics
34281	SEGA Mega Drive & Genesis Classics
34282	SEGA Mega Drive & Genesis Classics
34283	SEGA Mega Drive & Genesis Classics
34284	SEGA Mega Drive & Genesis Classics
34285	SEGA Mega Drive & Genesis Classics
34286	SEGA Mega Drive & Genesis Classics
34287	SEGA Mega Drive & Genesis Classics
34288	SEGA Mega Drive & Genesis Classics
34289	SEGA Mega Drive & Genesis Classics
34291	Napoleon: Total War
34292	Napoleon: Total War (data)
34293	Napoleon: Total War
34295	Napoleon: Total War (data)
34296	Napoleon: Total War (localization)
34297	Napoleon: Total War (localization)
34298	Napoleon: Total War (localization)
34299	Napoleon: Total War (localization)
34300	Napoleon: Total War (localization)
34301	Napoleon: Total War (localization)
34302	Napoleon: Total War (localization)
34310	SEGA Mega Drive & Genesis Classics
34311	SEGA Mega Drive & Genesis Classics
34312	SEGA Mega Drive & Genesis Classics
34313	SEGA Mega Drive & Genesis Classics
34314	SEGA Mega Drive & Genesis Classics
34315	SEGA Mega Drive & Genesis Classics
34316	SEGA Mega Drive & Genesis Classics
34317	SEGA Mega Drive & Genesis Classics
34318	SEGA Mega Drive & Genesis Classics
34319	SEGA Mega Drive & Genesis Classics
34321	Football Manager
34331	Total War: SHOGUN 2 / Total War: Shogun 2 - TEd / Total War: Shogun 2 - Assembly Kit
34332	Total War: SHOGUN 2 / Total War: Shogun 2 - TEd / Total War: Shogun 2 - Assembly Kit
34333	Total War: SHOGUN 2 / Total War: Shogun 2 - TEd / Total War: Shogun 2 - Assembly Kit
34334	Total War: SHOGUN 2
34335	Total War: SHOGUN 2
34336	Total War: SHOGUN 2
34337	Total War: SHOGUN 2
34338	Total War: SHOGUN 2
34339	Total War: SHOGUN 2
34340	Total War: SHOGUN 2
34341	Total War: SHOGUN 2
34351	Total War: SHOGUN 2 Demo
34352	Total War: SHOGUN 2 Demo
34353	Total War: SHOGUN 2 Demo
34354	Total War: SHOGUN 2 Demo
34355	Total War: SHOGUN 2 Demo
34356	Total War: SHOGUN 2 Demo
34357	Total War: SHOGUN 2 Demo
34358	Total War: SHOGUN 2 Demo
34359	Total War: SHOGUN 2 Demo
34360	Total War: SHOGUN 2 Demo
34361	Total War: SHOGUN 2 Demo
34362	Total War: SHOGUN 2
34371	Total War: Shogun 2
34372	Total War: Shogun 2 (data)
34373	Total War: Shogun 2
34374	Total War: Shogun 2 (localization)
34391	Football Manager 2011 Demo
34401	NecroVisioN - Demo
34411	Death to Spies: Moment of Truth
34412	Death to Spies: Moment of Truth
34421	XIII Century
34471	Sid Meier's Civilization IV: Colonization / Sid Meier's Civilization IV: Colonization
34481	Sid Meier's Civilization V
34482	Sid Meier's Civilization V
34483	Sid Meier's Civilization V
34484	Sid Meier's Civilization V
34485	Sid Meier's Civilization V
34486	Sid Meier's Civilization V
34487	Sid Meier's Civilization V
34490	Sid Meier's Civilization V
34491	Sid Meier's Civilization V
34492	Sid Meier's Civilization V
34493	Sid Meier's Civilization V
34494	Sid Meier's Civilization V
34495	Sid Meier's Civilization V
34496	Sid Meier's Civilization V
34497	Sid Meier's Civilization V
34498	Sid Meier's Civilization V
34501	Light of Altair
34502	Light of Altair Demo
34601	Order of War
34602	Order of War
34603	Order of War
34604	Order of War
34605	Order of War
34606	Order of War
34607	Order of War
34608	Order of War
34616	Order of War
34621	Order of War - Demo
34631	Massive Assault
34641	Massive Assault: Phantom Renaissance
34651	Massive Assault Network 2
34661	Massive Assault Network 2 - Demo
34671	Order of War: Challenge
34672	Order of War: Challenge
34673	Order of War: Challenge
34674	Order of War: Challenge
34675	Order of War: Challenge
34676	Order of War: Challenge
34677	Order of War: Challenge
34678	Order of War: Challenge
34681	Order of War: Challenge - Demo
34682	Order of War: Challenge - Demo
34683	Order of War: Challenge - Demo
34684	Order of War: Challenge - Demo
34685	Order of War: Challenge - Demo
34686	Order of War: Challenge - Demo
34687	Order of War: Challenge - Demo
34688	Order of War: Challenge - Demo
34801	Chronicles of Mystery: The Scorpio Ritual
34811	Project Freedom
34812	Project Freedom
34813	Project Freedom
34814	Project Freedom
34821	Combat Wings: Battle of Britain
34822	Combat Wings: Battle of Britain
34823	Combat Wings: Battle of Britain
34824	Combat Wings: Battle of Britain
34825	Combat Wings: Battle of Britain
34831	Sniper: Ghost Warrior
34832	Sniper: Ghost Warrior
34833	Sniper: Ghost Warrior
34834	Sniper: Ghost Warrior
34835	Sniper: Ghost Warrior
34836	Sniper: Ghost Warrior
34837	Sniper: Ghost Warrior
34838	Sniper: Ghost Warrior
34839	Sniper: Ghost Warrior
34840	Sniper: Ghost Warrior
34841	Sniper: Ghost Warrior
34842	Sniper: Ghost Warrior
34843	Sniper: Ghost Warrior
34851	Sniper: Ghost Warrior - Dedicated Server
34861	MotorM4X: Offroad Extreme
34862	MotorM4X: Offroad Extreme
34863	MotorM4X: Offroad Extreme
34864	MotorM4X: Offroad Extreme
34865	MotorM4X: Offroad Extreme
34903	Bad Rats
34911	Bad Rats Demo
34921	Razor2: Hidden Skies
34931	Razor2: Hidden Skies - Demo
35001	Mini Ninjas
35002	Mini Ninjas (localization)
35003	Mini Ninjas (localization)
35004	Mini Ninjas (localization)
35005	Mini Ninjas (localization)
35006	Mini Ninjas (localization)
35011	Batman: Arkham Asylum / Batman: Arkham Asylum - License Revoking Tool
35012	Batman: Arkham Asylum
35013	Batman: Arkham Asylum
35014	Batman: Arkham Asylum
35015	Batman: Arkham Asylum
35021	Batman: Arkham Asylum - Demo
35031	Championship Manager 2010
35032	Championship Manager 2010
35033	Championship Manager 2010
35034	Championship Manager 2010
35035	Championship Manager 2010
35036	Championship Manager 2010
35041	Championship Manager 2010 - Demo
35042	Championship Manager 2010 - Demo
35043	Championship Manager 2010 - Demo
35044	Championship Manager 2010 - Demo
35045	Championship Manager 2010 - Demo
35051	Mini Ninjas - Demo
35071	Flora's Fruit Farm
35080	Just Cause 2
35081	Just Cause 2
35082	Just Cause 2
35083	Just Cause 2
35084	Just Cause 2
35085	Just Cause 2
35086	Just Cause 2
35087	Just Cause 2
35088	Just Cause 2
35089	Just Cause 2
35090	Just Cause 2
35091	Just Cause 2
35092	Just Cause 2
35093	Just Cause 2
35094	Just Cause 2
35095	Just Cause 2
35096	Just Cause 2
35097	Just Cause 2
35098	Just Cause 2
35099	Just Cause 2
35100	Just Cause 2
35101	Just Cause 2
35102	Just Cause 2
35103	Just Cause 2
35111	Just Cause 2 Demo
35121	Just Cause 2
35131	Lara Croft and the Guardian of Light / Lara Croft and the Guardian of Light Demo
35132	Lara Croft and the Guardian of Light
35133	Lara Croft and the Guardian of Light Demo
35134	Lara Croft and the Guardian of Light
35135	Lara Croft and the Guardian of Light
35136	Lara Croft and the Guardian of Light
35137	Lara Croft and the Guardian of Light
35138	Lara Croft and the Guardian of Light
35141	Batman: Arkham Asylum GOTY Edition
35142	Batman: Arkham Asylum GOTY Edition
35143	Batman: Arkham Asylum GOTY Edition
35144	Batman: Arkham Asylum GOTY Edition
35145	Batman: Arkham Asylum GOTY Edition
35201	A Vampyre Story (raw asset depot)
35202	A Vampyre Story (assets)
35203	A Vampyre Story (assets)
35204	A Vampyre Story (assets)
35205	A Vampyre Story (assets)
35301	Warfare
35311	Clutch
35321	Insane 2
35401	Red Orchestra: Ostfront 41-45 / RedOrchestra SDK Beta
35402	Red Orchestra: Ostfront 41-45 / RedOrchestra SDK Beta
35411	Killing Floor
35412	Killing Floor
35413	Killing Floor
35414	Killing Floor
35415	Killing Floor
35416	Killing Floor
35421	Killing Floor Mod: Defence Alliance 2
35422	Killing Floor Mod: Defence Alliance 2
35428	Killing Floor
35431	Red Orchestra 2 (data)
35451	Rising Storm/Red Orchestra 2 Multiplayer / Red Orchestra 2/Rising Storm Alpha Community Maps / Red Orchestra 2/Rising Storm Beta Community Maps
35453	Red Orchestra 2 - Dedicated Server
35455	Rising Storm/Red Orchestra 2 Multiplayer / Red Orchestra 2/Rising Storm Alpha Community Maps / Red Orchestra 2/Rising Storm Beta Community Maps
35456	Rising Storm/Red Orchestra 2 Multiplayer / Red Orchestra 2/Rising Storm Alpha Community Maps / Red Orchestra 2/Rising Storm Beta Community Maps
35457	Rising Storm/Red Orchestra 2 Multiplayer / Red Orchestra 2/Rising Storm Alpha Community Maps / Red Orchestra 2/Rising Storm Beta Community Maps
35458	Rising Storm/Red Orchestra 2 Multiplayer / Red Orchestra 2/Rising Storm Alpha Community Maps / Red Orchestra 2/Rising Storm Beta Community Maps
35459	Rising Storm/Red Orchestra 2 Multiplayer / Red Orchestra 2/Rising Storm Alpha Community Maps / Red Orchestra 2/Rising Storm Beta Community Maps
35461	The Ball
35462	The Ball
35463	The Ball
35464	The Ball
35465	The Ball
35466	The Ball
35467	The Ball
35468	The Ball
35469	The Ball
35471	The Ball Beta
35472	The Ball Beta
35473	The Ball Beta
35474	The Ball Beta
35475	The Ball Beta
35476	The Ball Beta
35477	The Ball Beta
35478	The Ball Beta
35479	The Ball Beta
35481	Dwarfs!?
35491	The Ball Demo
35492	The Ball Demo
35493	The Ball Demo
35494	The Ball Demo
35495	The Ball Demo
35496	The Ball Demo
35497	The Ball Demo
35498	The Ball Demo
35501	Cities XL - Limited Edition / Cities XL
35502	Cities XL (data)
35503	Cities XL (data)
35521	Cities XL
35522	Cities XL (data)
35523	Cities XL (data)
35601	Big Brain Wolf
35602	Big Brain Wolf
35603	Big Brain Wolf
35604	Big Brain Wolf
35605	Big Brain Wolf
35606	Big Brain Wolf
35607	Big Brain Wolf
35701	Trine
35702	Trine
35711	Trine Demo
35721	Trine 2
35722	Trine 2
35723	Trine 2
35724	Trine 2
35801	BRAINPIPE: A Plunge to Unhumanity
35802	BRAINPIPE: A Plunge to Unhumanity
35901	The Legends of Arkanoid
36001	Foreign Legion: Buckets of Blood
36002	Foreign Legion: Buckets of Blood
36101	Tradewinds Classic
36111	Tradewinds 2
36121	Tradewinds Legends
36131	Tradewinds Caravans
36141	Tradewinds Odyssey
36151	Westward
36161	Westward 2
36171	Westward 3
36181	Cake Mania
36191	Cake Mania 2
36201	Cake Mania 3
36211	Monster Mash
36221	Slyder Adventures
36231	Snail Mail
36241	Kuros
36251	Glyph
36261	Glyph 2
36271	Granny in Paradise
36281	Super Granny 3
36291	Super Granny 4
36301	Cake Mania Main Street
36311	Westward IV
36321	Iron Roses
36331	Super Granny 5
36341	Cake Mania: Lights, Camera, Action!
36351	Cookie Domination
36361	Cake Mania: To the Max!
36371	Westward: Kingdoms
36621	Forsaken World
36622	Forsaken World
36623	Forsaken World
36624	Forsaken World
36631	Rusty Hearts
36701	The Scourge Project: Episode 1 and 2
36702	The Scourge Project: Episode 1 and 2
36703	The Scourge Project: Episode 1 and 2
36704	The Scourge Project: Episode 1 and 2
36705	The Scourge Project: Episode 1 and 2
36706	The Scourge Project: Episode 1 and 2
36707	The Scourge Project: Episode 1 and 2
36711	The Scourge Project: Episode 1 and 2 Demo
36712	The Scourge Project: Episode 1 and 2 Demo
36713	The Scourge Project: Episode 1 and 2 Demo
36714	The Scourge Project: Episode 1 and 2 Demo
36715	The Scourge Project: Episode 1 and 2 Demo
36716	The Scourge Project: Episode 1 and 2 Demo
36721	Scourge: Outbreak
36722	Scourge: Outbreak (data)
36723	Scourge: Outbreak (data)
36724	Scourge: Outbreak (data)
36725	Scourge: Outbreak (data)
36726	Scourge: Outbreak (data)
36727	Scourge: Outbreak (data)
36728	Scourge: Outbreak (data)
36729	Scourge: Outbreak (data)
36901	Angle of Attack
36902	Angle of Attack (data)
36911	All Aspect Warfare
36921	All Aspect Warfare - Demo
36931	Angle of Attack - Demo
36932	All Aspect Warfare (data)
37001	The Void
37002	The Void
37011	Ninja Blade
37012	Ninja Blade
37031	UFO: Extraterrestrials Gold
37101	Aztaka
37111	Aztaka Demo
37201	Chessmaster
37211	Chocolatier: Decadence by Design
37212	Chocolatier: Decadence by Design
37221	Cooking Dash
37222	Cooking Dash
37231	Diaper Dash
37232	Diaper Dash
37241	Diner Dash: Hometown Hero
37242	Diner Dash: Hometown Hero
37251	Dream Chronicles: The Chosen Child
37252	Dream Chronicles: The Chosen Child
37261	Emerald City Confidential
37262	Emerald City Confidential
37271	Wandering Willows
37272	Wandering Willows
37281	Wedding Dash 2: Rings Around the World
37282	Wedding Dash 2: Rings Around the World
37291	Zenerchi
37292	Zenerchi
37301	DinerTown Tycoon
37302	DinerTown Tycoon
37311	DinerTown Detective Agency
37312	DinerTown Detective Agency
37321	NightShift Code
37322	NightShift Code
37331	NightShift Legacy
37332	NightShift Legacy
37341	Fitness Dash
37342	Fitness Dash
37351	Parking Dash
37352	Parking Dash
37361	Mahjong Roadshow
37362	Mahjong Roadshow
37371	TriJinx
37372	TriJinx
37381	Valerie Porter
37382	Valerie Porter
37391	Gemini Lost
37392	Gemini Lost
37401	Time Gentlemen, Please!
37411	Time Gentlemen, Please! - Demo
37421	Ben There, Dan That!
37501	Magnetis / Magnetis Demo
37601	Windosill
37602	Windosill
37701	Darkest of Days
37711	Darkest of Days - Demo
37801	QuantZ
37802	QuantZ
37811	QuantZ Demo
37812	QuantZ Demo
37901	Boggle
37911	Battleship
37921	Family Feud
37931	Family Feud 2
37941	Family Feud 3: Dream Home
37951	Family Feud 4
37961	Jewel Quest
37971	Jewel Quest 2
37981	Jewel Quest 3
37991	Jewel Quest Mysteries
38001	Mahjong Quest
38011	Mahjong Quest 2
38021	Mahjong Quest 3
38031	Jo Jo's Fashion Show
38041	Jo Jo's Fashion Show 2
38051	Risk
38061	Risk II
38071	Coconut Queen
38081	Build-A-Lot
38091	Build-A-Lot 2
38101	Build-A-Lot 3
38111	Build-A-Lot 4
38121	Farm Frenzy
38131	Farm Frenzy 2
38141	Farm Frenzy Pizza Party
38151	Farm Frenzy 3
38161	Farm Frenzy 3 American Pie
38171	Cradle of Rome
38181	Cradle of Persia
38191	Romance of Rome
38201	Raven Squad
38202	Raven Squad
38203	Raven Squad
38211	Roogoo
38221	Section 8
38222	Section 8
38223	Section 8
38231	Hotel Giant 2
38232	Hotel Giant 2
38233	Hotel Giant 2
38241	Horrid Henry
38401	Fallout
38402	Fallout
38403	Fallout
38404	Fallout
38405	Fallout
38411	Fallout 2
38412	Fallout 2
38413	Fallout 2
38421	Fallout Tactics
38422	Fallout Tactics
38423	Fallout Tactics
38431	Kingpin
38432	Kingpin
38441	Sacrifice
38442	Sacrifice
38443	Sacrifice
38444	Sacrifice
38445	Sacrifice
38446	Sacrifice
38451	MDK
38452	MDK
38453	MDK
38454	MDK
38455	MDK
38456	MDK
38461	MDK 2
38462	MDK 2
38463	MDK 2
38464	MDK 2
38465	MDK 2
38481	Earthworm Jim / Earthworm Jim 2 / Earthworm Jim 3D
38531	Top Gun
38601	Faerie Solitaire
38702	Toki Tori
38711	Toki Tori Demo
38713	Toki Tori Demo
38721	RUSH
38722	RUSH
38731	RUSH Demo
38732	RUSH Demo
38741	EDGE
38742	EDGE
38743	EDGE
38751	EDGE Demo
38752	EDGE Demo
38801	CrimeCraft: Premium Edition / Crimecraft: Standard Edition / Crimecraft: BLEEDOUT / CrimeCraft GangWars
38901	Rhythm Zone
38911	Rhythm Zone - Demo
38920	Rhythm Zone
38921	Rhythm Zone
38922	Rhythm Zone
38923	Rhythm Zone
38924	Rhythm Zone
39001	Moonbase Alpha
39101	Gyromancer Demo
39102	Gyromancer Demo
39103	Gyromancer Demo
39104	Gyromancer Demo
39105	Gyromancer Demo
39106	Gyromancer Demo
39107	Gyromancer Demo
39111	Season of Mystery : The Cherry Blossom Murders
39112	Season of Mystery : The Cherry Blossom Murders
39113	Season of Mystery : The Cherry Blossom Murders
39114	Season of Mystery : The Cherry Blossom Murders
39115	Season of Mystery : The Cherry Blossom Murders
39116	Season of Mystery : The Cherry Blossom Murders
39121	RIFT
39122	RIFT (data)
39123	RIFT (data)
39131	Season of Mystery: The Cherry Blossom Murders Demo
39132	Season of Mystery: The Cherry Blossom Murders Demo
39133	Season of Mystery: The Cherry Blossom Murders Demo
39134	Season of Mystery: The Cherry Blossom Murders Demo
39135	Season of Mystery: The Cherry Blossom Murders Demo
39136	Season of Mystery: The Cherry Blossom Murders Demo
39141	Final Fantasy VII
39151	Final Fantasy VIII
39161	Dungeon Siege III
39162	Dungeon Siege III
39163	Dungeon Siege III
39164	Dungeon Siege III
39165	Dungeon Siege III
39166	Dungeon Siege III
39167	Dungeon Siege III
39168	Dungeon Siege III
39169	Dungeon Siege III
39180	Dungeon Siege III
39181	Dungeon Siege III
39182	Dungeon Siege III
39183	Dungeon Siege III
39184	Dungeon Siege III
39185	Dungeon Siege III
39191	Dungeon Siege
39192	Dungeon Siege
39193	Dungeon Siege
39194	Dungeon Siege
39195	Dungeon Siege
39196	Dungeon Siege
39201	Dungeon Siege 2
39202	Dungeon Siege 2
39203	Dungeon Siege 2
39204	Dungeon Siege 2
39205	Dungeon Siege 2
39206	Dungeon Siege 2
39211	FINAL FANTASY XIV Online / FINAL FANTASY XIV Online Free Trial
39221	Dungeon Siege III
39222	Dungeon Siege III (data)
39223	Dungeon Siege III (data)
39224	Dungeon Siege III (data)
39225	Dungeon Siege III (data)
39226	Dungeon Siege III (data)
39227	Dungeon Siege III (data)
39228	Dungeon Siege III (data)
39231	Dungeon Siege III Demo
39232	Dungeon Siege III Demo
39233	Dungeon Siege III Demo
39234	Dungeon Siege III Demo
39235	Dungeon Siege III Demo
39236	Dungeon Siege III Demo
39237	Dungeon Siege III Demo
39238	Dungeon Siege III Demo
39239	Dungeon Siege III Demo
39241	Dungeon Siege III
39242	Dungeon Siege III (data)
39243	Dungeon Siege III (data)
39244	Dungeon Siege III (data)
39245	Dungeon Siege III (data)
39246	Dungeon Siege III (data)
39247	Dungeon Siege III (data)
39248	Dungeon Siege III (data)
39270	Dungeon Siege III
39271	Dungeon Siege III
39272	Dungeon Siege III
39273	Dungeon Siege III
39274	Dungeon Siege III
39275	Dungeon Siege III
39276	Dungeon Siege III
39277	Dungeon Siege III
39278	Dungeon Siege III
39301	Chameleon Gems
39311	Concentration
39321	EtchASketch
39331	Fishing Craze
39332	Fishing Craze
39333	Fishing Craze
39334	Fishing Craze
39335	Fishing Craze
39341	Letter Lab
39351	Nertz Solitaire
39361	Pets Fun House
39371	Xango Tango
39372	Xango Tango
39373	Xango Tango
39374	Xango Tango
39375	Xango Tango
39381	Emoticons
39501	Gothic 3
39502	Gothic 3
39503	Gothic 3
39504	Gothic 3
39505	Gothic 3
39511	Gothic II: Gold Classic / The Chronicles Of Myrtana: Archolos
39512	Gothic II: Gold Classic
39513	Gothic II: Gold Classic
39514	Gothic II: Gold Classic
39515	Gothic II: Gold Classic
39521	The Guild Gold Edition
39522	The Guild Gold Edition
39523	The Guild Gold Edition
39531	Painkiller: Black Edition
39532	Painkiller: Black Edition
39533	Painkiller: Black Edition
39534	Painkiller: Black Edition
39541	SpellForce: Platinum Edition
39542	SpellForce: Platinum Edition
39543	SpellForce: Platinum Edition
39544	SpellForce: Platinum Edition
39551	SpellForce 2 - Anniversary Edition
39552	SpellForce 2 - Anniversary Edition
39553	SpellForce 2 - Anniversary Edition
39554	SpellForce 2 - Anniversary Edition
39555	SpellForce 2 - Anniversary Edition
39561	Painkiller: Resurrection / Painkiller: Resurrection Editor / Painkiller: Resurrection Dedicated Server
39562	Painkiller: Resurrection / Painkiller: Resurrection Editor / Painkiller: Resurrection Dedicated Server
39563	Painkiller: Resurrection
39564	Painkiller: Resurrection
39565	Painkiller: Resurrection
39566	Painkiller: Resurrection
39591	Painkiller: Resurrection - Demo
39601	Agatha Christie: And then there were None
39602	Agatha Christie: And then there were None
39603	Agatha Christie: And then there were None
39604	Agatha Christie: And then there were None
39605	Agatha Christie: And then there were None
39611	Agatha Christie: Evil under the Sun
39612	Agatha Christie: Evil under the Sun
39613	Agatha Christie: Evil under the Sun
39614	Agatha Christie: Evil under the Sun
39615	Agatha Christie: Evil under the Sun
39616	Agatha Christie: Evil under the Sun
39621	Agatha Christie: Murder on the Orient Express
39622	Agatha Christie: Murder on the Orient Express
39623	Agatha Christie: Murder on the Orient Express
39624	Agatha Christie: Murder on the Orient Express
39625	Agatha Christie: Murder on the Orient Express
39626	Agatha Christie: Murder on the Orient Express
39631	AquaNox
39632	AquaNox
39633	AquaNox
39634	AquaNox
39641	AquaNox 2: Revelation
39642	AquaNox 2: Revelation
39643	AquaNox 2: Revelation
39651	The Guild II
39652	The Guild II
39653	The Guild II
39654	The Guild II
39655	The Guild II
39661	The Guild II - Pirates of the European Seas
39662	The Guild II - Pirates of the European Seas
39663	The Guild II - Pirates of the European Seas
39664	The Guild II - Pirates of the European Seas
39665	The Guild II - Pirates of the European Seas
39671	Chaser
39672	Chaser
39673	Chaser
39674	Chaser
39675	Chaser
39676	Chaser
39677	Chaser
39681	The Guild II: Renaissance
39682	The Guild II: Renaissance
39683	The Guild II: Renaissance
39684	The Guild II: Renaissance
39685	The Guild II: Renaissance
39691	ArcaniA
39692	ArcaniA
39693	ArcaniA
39694	ArcaniA
39695	ArcaniA
39711	Line Rider 2: Unbound
39801	Nation Red
39802	Nation Red
39803	Nation Red
39804	Nation Red
39805	Nation Red
39806	Nation Red
39807	Nation Red
39811	Nation Red Demo
39901	Coniclysm
40001	Fallen Earth
40002	Fallen Earth (data)
40102	Supreme Commander 2
40103	Supreme Commander 2
40104	Supreme Commander 2
40105	Supreme Commander 2
40106	Supreme Commander 2
40107	Supreme Commander 2
40108	Supreme Commander 2
40109	Supreme Commander 2
40110	Supreme Commander 2
40111	Supreme Commander 2
40118	Supreme Commander 2
40119	Supreme Commander 2
40121	Supreme Commander 2 Beta
40122	Supreme Commander 2 (Mac)
40125	Supreme Commander 2
40130	Supreme Commander 2 (data)
40135	Supreme Commander 2
40136	Supreme Commander 2
40141	Supreme Commander 2 - Demo
40142	Supreme Commander 2 - Demo
40143	Supreme Commander 2 - Demo
40144	Supreme Commander 2 - Demo
40145	Supreme Commander 2 - Demo
40146	Supreme Commander 2 - Demo
40147	Supreme Commander 2 - Demo
40148	Supreme Commander 2 - Demo
40201	ItzaBitza
40211	ItzaZoo
40223	Supreme Commander 2
40224	Supreme Commander 2
40225	Supreme Commander 2
40226	Supreme Commander 2
40227	Supreme Commander 2
40228	Supreme Commander 2
40229	Supreme Commander 2
40301	Risen
40302	Risen
40303	Risen
40304	Risen
40305	Risen
40311	Risen - Demo
40312	Risen - Demo
40313	Risen - Demo
40314	Risen - Demo
40315	Risen - Demo
40321	Rush for Berlin: Gold Edition
40322	Rush for Berlin: Gold Edition
40323	Rush for Berlin: Gold Edition
40324	Rush for Berlin: Gold Edition
40331	Secret Files: Tunguska
40332	Secret Files: Tunguska
40333	Secret Files: Tunguska
40334	Secret Files: Tunguska
40341	Secret Files: Puritas Cordis
40342	Secret Files: Puritas Cordis
40343	Secret Files: Puritas Cordis
40344	Secret Files: Puritas Cordis
40345	Secret Files: Puritas Cordis
40351	Lost Horizon
40352	Lost Horizon
40353	Lost Horizon
40354	Lost Horizon
40355	Lost Horizon
40361	Lost Horizon - Demo
40362	Lost Horizon - Demo
40363	Lost Horizon - Demo
40364	Lost Horizon - Demo
40365	Lost Horizon - Demo
40371	Emergency 2012
40372	Emergency 2012
40373	Emergency 2012
40374	Emergency 2012
40375	Emergency 2012
40381	Nail'd
40382	Nail'd
40383	Nail'd
40384	Nail'd
40385	Nail'd
40386	Nail'd
40391	Risen 2 - Dark Waters
40392	Risen 2 - Dark Waters
40393	Risen 2 - Dark Waters
40394	Risen 2 - Dark Waters
40395	Risen 2 - Dark Waters
40396	Risen 2 - Dark Waters
40397	Risen 2 - Dark Waters
40398	Risen 2 - Dark Waters
40399	Risen 2 - Dark Waters
40401	AI War: Fleet Command / AI War: Fleet Command - Demo
40402	AI War: Fleet Command / AI War: Fleet Command - Demo
40403	AI War: Fleet Command
40404	AI War: Fleet Command / AI War: Fleet Command - Demo
40405	AI War: Fleet Command / AI War: Fleet Command - Demo
40406	AI War: Fleet Command
40407	AI War: Fleet Command
40421	Tidalis / Tidalis Demo
40422	Tidalis / Tidalis Demo
40423	Tidalis / Tidalis Demo
40501	Sacraboar
40502	Sacraboar
40503	Sacraboar
40511	Sacraboar - Demo
40512	Sacraboar - Demo
40513	Sacraboar - Demo
40701	Machinarium
40702	Machinarium
40703	Machinarium Soundtrack + Art Book
40711	Machinarium Demo
40721	Samorost 2
40801	Super Meat Boy / Super Meat Boy Editor
40811	Super Meat Boy Editor
40901	Borderlands
40921	NBA 2K10
40931	The Misadventures of P.B. Winterbottom
40941	Borderlands GOTY / Borderlands DLC: Mad Moxxi's Underdome Riot
40942	Borderlands GOTY
40951	Stronghold HD
40952	Stronghold HD
40953	Stronghold HD
40954	Stronghold HD
40955	Stronghold HD
40961	Stronghold 2
40962	Stronghold 2
40963	Stronghold 2
40964	Stronghold 2
40965	Stronghold 2
40971	Stronghold Crusader Extreme HD / Stronghold Crusader HD
40972	Stronghold Crusader Extreme HD / Stronghold Crusader HD
40973	Stronghold Crusader Extreme HD / Stronghold Crusader HD
40974	Stronghold Crusader Extreme HD / Stronghold Crusader HD
40975	Stronghold Crusader Extreme HD / Stronghold Crusader HD
40981	Stronghold Legends
40982	Stronghold Legends
40983	Stronghold Legends
40984	Stronghold Legends
40985	Stronghold Legends
40991	Mafia
40992	Mafia
40993	Mafia
40994	Mafia
40995	Mafia
41001	Serious Sam HD: The First Encounter / Serious Sam HD Dedicated Server / Serious Sam HD: The First Encounter Demo
41002	Serious Sam HD: The First Encounter
41003	Serious Sam HD: The First Encounter / Serious Sam HD Dedicated Server / Serious Sam HD: The First Encounter Demo
41004	Serious Sam HD (dedicated server)
41005	Serious Sam HD Dedicated Server
41011	Serious Sam HD: The Second Encounter / Serious Sam HD: The Second Encounter Dedicated Server / Serious Sam HD: The Second Encounter Demo / Serious Sam HD: The Second Encounter Editor
41012	Serious Sam HD: The Second Encounter
41013	Serious Sam HD: The Second Encounter
41016	Serious Sam HD: The Second Encounter Dedicated Server
41017	Serious Sam HD: The Second Encounter / Serious Sam HD: The Second Encounter Dedicated Server
41018	Serious Sam HD: The Second Encounter / Serious Sam HD: The Second Encounter Dedicated Server
41019	Serious Sam HD: The Second Encounter
41021	Serious Sam HD: The First Encounter Demo
41031	Serious Sam HD: The Second Encounter Demo
41041	Serious Sam HD: The Second Encounter Editor
41045	Serious Sam HD: The Second Encounter
41046	Serious Sam HD: The Second Encounter
41051	Serious Sam Classic: The First Encounter
41061	Serious Sam Classic: The Second Encounter
41071	Serious Sam 3: BFE
41072	Serious Sam 3: BFE
41073	Serious Sam 3 (placeholder)
41074	Serious Sam 3: BFE
41075	Serious Sam 3: BFE / Serious Sam 3 Dedicated Server
41076	Serious Sam 3: BFE / Serious Sam 3 Dedicated Server
41077	Serious Sam 3: BFE / Serious Sam 3 Dedicated Server
41078	Serious Sam 3: BFE / Serious Sam 3 Dedicated Server / Serious Sam 3 - Linux DedServer
41079	Serious Sam 3: BFE / Serious Sam 3 Dedicated Server
41081	Serious Sam 3 Dedicated Server
41082	Serious Sam 3 Dedicated Server
41083	Serious Sam 3 Dedicated Server / Serious Sam 3 - Linux DedServer
41091	Serious Sam 3 Editor
41092	Serious Sam 3 Editor
41101	Hammerfight
41111	Hammerfight - Demo
41201	Dyson
41211	Eufloria
41221	Eufloria - Demo
41301	Altitude / Altitude - Demo
41302	Altitude / Altitude - Demo
41303	Altitude / Altitude - Demo
41304	Altitude / Altitude - Demo
41401	Doom Rails
41501	Torchlight / Torchlight Demo / Torchlight Editor
41502	Torchlight Editor
41503	Torchlight / Torchlight Demo
41531	Torchlight
41611	Descent: FreeSpace - The Great War
41612	Descent: FreeSpace - The Great War
41613	Descent: FreeSpace - The Great War
41621	FreeSpace 2
41622	FreeSpace 2
41631	Descent 3
41661	Tommy Tronic
41662	Tommy Tronic
41663	Tommy Tronic
41664	Tommy Tronic
41671	Tommy Tronic - Demo
41672	Tommy Tronic - Demo
41673	Tommy Tronic - Demo
41681	Death and the Fly
41691	Death and the Fly - Demo
41701	S.T.A.L.K.E.R.: Call of Pripyat
41702	S.T.A.L.K.E.R.: Call of Pripyat
41703	S.T.A.L.K.E.R.: Call of Pripyat
41704	S.T.A.L.K.E.R.: Call of Pripyat
41705	S.T.A.L.K.E.R.: Call of Pripyat
41706	S.T.A.L.K.E.R.: Call of Pripyat
41707	S.T.A.L.K.E.R.: Call of Pripyat
41708	S.T.A.L.K.E.R.: Call of Pripyat
41731	Ion Assault
41741	Cargo! - The quest for gravity
41742	Cargo! - The quest for gravity
41743	Cargo! - The quest for gravity
41744	Cargo! - The quest for gravity
41745	Cargo! - The quest for gravity
41746	Cargo! - The quest for gravity
41747	Cargo! - The quest for gravity
41748	Cargo! - The quest for gravity
41749	Cargo! - The quest for gravity
41751	The Rockin' Dead
41752	The Rockin' Dead (localization)
41753	The Rockin' Dead (localization)
41761	Cargo! - The quest for gravity Demo
41762	Cargo! - The quest for gravity Demo
41763	Cargo! - The quest for gravity Demo
41764	Cargo! - The quest for gravity Demo
41765	Cargo! - The quest for gravity Demo
41766	Cargo! - The quest for gravity Demo
41767	Cargo! - The quest for gravity Demo
41801	Gratuitous Space Battles
41802	Gratuitous Space Battles
41803	Gratuitous Space Battles
41804	Gratuitous Space Battles
41805	Gratuitous Space Battles
41806	Gratuitous Space Battles
41807	Gratuitous Space Battles
41808	Gratuitous Space Battles
41809	Gratuitous Space Battles
41811	Gratuitous Space Battles - Demo
41812	Gratuitous Space Battles - Demo
41813	Gratuitous Space Battles
41814	Gratuitous Space Battles
41815	Gratuitous Space Battles
41816	Gratuitous Space Battles
41901	The Bard's Tale
42002	Trino
42003	Trino
42101	Lead and Gold - Gangs of the Wild West (Diesel data)
42102	Lead and Gold - Gangs of the Wild West (Diesel data)
42103	Lead and Gold - Gangs of the Wild West (Diesel data)
42104	Lead and Gold - Gangs of the Wild West (Diesel data)
42105	Lead and Gold - Gangs of the Wild West (Diesel data)
42106	Lead and Gold - Gangs of the Wild West (Diesel data)
42107	Lead and Gold - Gangs of the Wild West (Diesel data)
42121	Lead and Gold - Gangs of the Wild West
42122	Lead and Gold - Gangs of the Wild West
42123	Lead and Gold - Gangs of the Wild West
42124	Lead and Gold - Gangs of the Wild West
42125	Lead and Gold - Gangs of the Wild West
42126	Lead and Gold - Gangs of the Wild West
42127	Lead and Gold - Gangs of the Wild West
42141	Hamilton's Great Adventure
42142	Hamilton's Great Adventure (data)
42143	Hamilton's Great Adventure (data)
42144	Hamilton's Great Adventure (data)
42145	Hamilton's Great Adventure (data)
42146	Hamilton's Great Adventure (data)
42147	Hamilton's Great Adventure (data)
42148	Hamilton's Great Adventure
42151	Lead and Gold - Gangs of the Wild West (Diesel data)
42161	War of the Roses
42171	Krater
42191	Hamilton's Great Adventure Demo
42192	Hamilton's Great Adventure Demo
42193	Hamilton's Great Adventure Demo
42194	Hamilton's Great Adventure Demo
42195	Hamilton's Great Adventure Demo
42196	Hamilton's Great Adventure Demo
42201	Nancy Drew Dossier: Resorting to Danger!
42211	Nancy Drew: Secrets Can Kill
42212	Nancy Drew: Secrets Can Kill
42221	Nancy Drew: The Captive Curse
42222	Nancy Drew: The Captive Curse
42231	Nancy Drew: Trail of the Twister
42232	Nancy Drew: Trail of the Twister
42301	Sixense SDK for the Razer Hydra
42302	Sixense SDK for the Razer Hydra
42321	Sixense MIDI Controller
42501	DogFighter
42502	Dogfighter Demo
42601	Call of Duty: Modern Warfare 2
42602	Call of Duty: Modern Warfare 2
42603	Call of Duty: Modern Warfare 2 (localization)
42611	Call of Duty: Modern Warfare 2 (data)
42621	Call of Duty: United Offensive
42631	Call of Duty: United Offensive (data)
42641	Blur
42642	Blur
42643	Blur
42644	Blur
42645	Blur
42646	Blur
42651	Transformers: War for Cybertron
42652	Transformers: War for Cybertron
42653	Transformers: War for Cybertron
42654	Transformers: War for Cybertron
42655	Transformers: War for Cybertron
42661	Shrek Forever After
42662	Shrek Forever After
42671	Singularity
42672	Singularity
42673	Singularity
42674	Singularity
42675	Singularity
42676	Singularity
42677	Singularity
42681	Call of Duty®: Modern Warfare® 3 (2011)
42682	Call of Duty®: Modern Warfare® 3 (2011) / Call of Duty®: Modern Warfare® 3 (2011) - Multiplayer / Call of Duty: Modern Warfare 3 - Dedicated Server
42683	Call of Duty®: Modern Warfare® 3 (2011) / Call of Duty®: Modern Warfare® 3 (2011) - Multiplayer / Call of Duty: Modern Warfare 3 - Dedicated Server
42684	Call of Duty®: Modern Warfare® 3 (2011) / Call of Duty®: Modern Warfare® 3 (2011) - Multiplayer / Call of Duty: Modern Warfare 3 - Dedicated Server
42685	Call of Duty®: Modern Warfare® 3 (2011) / Call of Duty®: Modern Warfare® 3 (2011) - Multiplayer / Call of Duty: Modern Warfare 3 - Dedicated Server
42686	Call of Duty®: Modern Warfare® 3 (2011) / Call of Duty®: Modern Warfare® 3 (2011) - Multiplayer / Call of Duty: Modern Warfare 3 - Dedicated Server
42687	Call of Duty®: Modern Warfare® 3 (2011) / Call of Duty®: Modern Warfare® 3 (2011) - Multiplayer / Call of Duty: Modern Warfare 3 - Dedicated Server
42688	Call of Duty®: Modern Warfare® 3 (2011) / Call of Duty®: Modern Warfare® 3 (2011) - Multiplayer / Call of Duty: Modern Warfare 3 - Dedicated Server
42689	Call of Duty®: Modern Warfare® 3 (2011) / Call of Duty®: Modern Warfare® 3 (2011) - Multiplayer / Call of Duty: Modern Warfare 3 - Dedicated Server
42691	Call of Duty®: Modern Warfare® 3 (2011) - Multiplayer
42692	Call of Duty®: Modern Warfare® 3 (2011) / Call of Duty®: Modern Warfare® 3 (2011) - Multiplayer / Call of Duty: Modern Warfare 3 - Dedicated Server
42693	Call of Duty: Modern Warfare 3 (localization)
42695	Call of Duty®: Modern Warfare® 3 (2011) - Multiplayer
42696	Call of Duty®: Modern Warfare® 3 (2011) - Multiplayer
42697	Call of Duty®: Modern Warfare® 3 (2011) - Multiplayer
42698	Call of Duty®: Modern Warfare® 3 (2011) - Multiplayer
42701	Call of Duty: Black Ops
42702	Call of Duty: Black Ops / Call of Duty: Black Ops - Multiplayer / Call of Duty Black Ops - Mod Tools (BETA)
42703	Call of Duty: Black Ops / Call of Duty: Black Ops - Multiplayer
42704	Call of Duty: Black Ops - Multiplayer / Call of Duty Black Ops - Mod Tools (BETA)
42705	Call of Duty: Black Ops / Call of Duty: Black Ops - Multiplayer
42706	Call of Duty: Black Ops / Call of Duty: Black Ops - Multiplayer
42707	Call of Duty: Black Ops / Call of Duty: Black Ops - Multiplayer
42708	Call of Duty: Black Ops / Call of Duty: Black Ops - Multiplayer
42709	Call of Duty: Black Ops / Call of Duty: Black Ops - Multiplayer
42711	Call of Duty: Black Ops / Call of Duty: Black Ops - Multiplayer
42712	Call of Duty: Black Ops / Call of Duty: Black Ops - Multiplayer
42713	Call of Duty: Black Ops / Call of Duty: Black Ops - Multiplayer
42714	Call of Duty: Black Ops
42715	Call of Duty: Black Ops - Multiplayer / Call of Duty Black Ops - Mod Tools (BETA)
42716	Call of Duty: Black Ops
42717	Call of Duty: Black Ops - Multiplayer / Call of Duty Black Ops - Mod Tools (BETA)
42718	Call of Duty: Black Ops
42719	Call of Duty: Black Ops
42721	Call of Duty Black Ops - Remote Console
42722	Call of Duty: Black Ops - Multiplayer
42723	Call of Duty: Black Ops
42731	James Bond: Blood Stone
42732	James Bond: Blood Stone
42733	James Bond: Blood Stone
42741	Call of Duty Black Ops - Mod Tools (BETA)
42751	Call of Duty: Modern Warfare 3 - Dedicated Server
42801	East India Company: Privateer
42802	East India Company: Privateer (data)
42803	East India Company: Privateer (data)
42811	For The Glory
42821	East India Company: Battle of Trafalgar
42822	East India Company: Battle of Trafalgar
42823	East India Company: Battle of Trafalgar
42831	Achtung Panzer - Kharkov 1943
42851	Arsenal of Democracy
42852	Arsenal of Democracy
42853	Arsenal of Democracy
42854	Arsenal of Democracy
42855	Arsenal of Democracy
42856	Arsenal of Democracy
42857	Arsenal of Democracy
42871	Rise of Prussia
42872	Rise of Prussia
42873	Rise of Prussia
42874	Rise of Prussia
42881	Majesty 2
42882	Majesty 2
42883	Majesty 2
42891	Sword of the Stars Complete Collection
42900	Hearts of Iron III
42901	Hearts of Iron III
42902	Hearts of Iron III
42903	Hearts of Iron III
42904	Hearts of Iron III
42905	Hearts of Iron III
42911	Magicka
42912	Magicka
42913	Magicka
42915	Magicka (data)
42917	Magicka (data)
42918	Magicka (data)
42921	The Kings' Crusade
42922	The Kings' Crusade
42923	The Kings' Crusade
42924	The Kings' Crusade
42925	The Kings' Crusade
42926	The Kings' Crusade
42927	The Kings' Crusade
42928	The Kings' Crusade
42929	The Kings' Crusade
42931	Elven Legacy / Elven Legacy: Magic
42932	Elven Legacy: Magic
42941	Elven Legacy / Elven Legacy: Siege
42942	Elven Legacy: Siege
42951	Elven Legacy / Elven Legacy: Ranger
42952	Elven Legacy: Ranger
42961	Victoria II
42962	Victoria II
42963	Victoria II
42964	Victoria II
42965	Victoria II
42966	Victoria II
42967	Victoria II
42968	Victoria II
42971	Victoria II (data)
42981	Victoria: Revolutions
42992	Sword of the Stars II: Enhanced Edition
43001	Front Mission Evolved
43002	Front Mission Evolved
43003	Front Mission Evolved
43004	Front Mission Evolved
43005	Front Mission Evolved
43006	Front Mission Evolved
43007	Front Mission Evolved
43008	Front Mission Evolved
43009	Front Mission Evolved
43010	Front Mission Evolved
43016	Front Mission Evolved
43101	World of Zoo
43102	World of Zoo
43103	World of Zoo
43104	World of Zoo
43105	World of Zoo
43106	World of Zoo
43107	World of Zoo
43108	World of Zoo
43111	Metro 2033
43112	Metro 2033
43113	Metro 2033
43114	Metro 2033
43115	Metro 2033
43116	Metro 2033
43117	Metro 2033 (data)
43191	The Haunted: Hells Reach
43192	The Haunted: Hells Reach
43193	The Haunted: Hells Reach
43194	The Haunted: Hells Reach
43195	The Haunted: Hells Reach
43196	The Haunted: Hells Reach
43211	The Haunted: Hells Reach Dedicated Server
43501	M.U.D. TV
43502	M.U.D. TV
43503	M.U.D. TV (data)
43504	M.U.D. TV
43601	Nancy Drew: Warnings at Waverly Academy
43801	Death Tank
44001	2XL Supercross
44101	Super Laser Racer
44102	Super Laser Racer
44111	Super Laser Racer - Demo
44112	Super Laser Racer - Demo
44201	Galcon Fusion / Galcon Fusion Demo
44202	Galcon Fusion
44203	Galcon Fusion
44301	DiRT 2 - Demo
44311	F1 2010™
44321	DiRT 3
44341	Operation Flashpoint: Red River
44361	F1 2011
44362	F1 2011
44601	GTR - FIA GT Racing Game
44621	STCC II / Race Injection
44631	RACE 07 - Formula RaceRoom Add-On / Race Injection
44651	GT Power Expansion / Race Injection
44661	The Retro Expansion / Race Injection
44671	The WTCC 2010 Pack / Race Injection
44681	Race Injection
44682	Race Injection (data)
44683	Race Injection
44684	Race Injection (data)
44701	RACE 07 Dedicated Server Beta
44702	RACE 07 Dedicated Server Beta
44711	Race Injection (data)
45001	Sol Survivor
45011	Sol Survivor Demo
45101	Secret of the Magic Crystal
45102	Secret of the Magic Crystal
45111	Secret of the Magic Crystal Demo
45112	Secret of the Magic Crystal Demo
45301	Wings of Prey: Special Edition
45311	Wings of Prey Demo
45401	Fortix
45402	Fortix
45403	Fortix
45404	Fortix
45405	Fortix
45406	Fortix
45407	Fortix
45408	Fortix
45409	Fortix
45411	Ignite
45412	Ignite
45413	Ignite
45414	Ignite
45415	Ignite
45416	Ignite
45417	Ignite
45418	Ignite
45419	Ignite
45431	Fortix - Demo
45432	Fortix - Demo
45433	Fortix - Demo
45434	Fortix - Demo
45435	Fortix - Demo
45436	Fortix - Demo
45437	Fortix - Demo
45438	Fortix - Demo
45439	Fortix - Demo
45440	Fortix
45441	Fortix
45442	Fortix
45451	Fortix 2
45452	Fortix 2
45453	Fortix 2
45454	Fortix 2
45455	Fortix 2
45456	Fortix 2
45457	Fortix 2
45458	Fortix 2
45459	Fortix 2
45461	Fortix 2 - Demo
45462	Fortix 2 - Demo
45463	Fortix 2 - Demo
45464	Fortix 2 - Demo
45465	Fortix 2 - Demo
45466	Fortix 2 - Demo
45467	Fortix 2 - Demo
45468	Fortix 2 - Demo
45501	Clickr
45502	Clickr
45701	Devil May Cry 4
45711	Dark Void
45721	Lost Planet: Extreme Condition - Colonies Edition
45731	Dark Void Zero
45741	Dead Rising 2
45751	Lost Planet 2
45761	Ultra Street Fighter IV
45771	Dead Rising 2: Off the Record
45901	CID The Dummy
45911	CID the Dummy
46001	Bob Came in Pieces
46002	Bob Came in Pieces
46003	Bob Came in Pieces
46011	Bob Came in Pieces Demo
46012	Bob Came in Pieces Demo
46013	Bob Came in Pieces Demo
46101	Pulse
46201	A.I.M. Racing
46202	A.I.M. Racing
46203	A.I.M. Racing
46204	A.I.M. Racing
46205	A.I.M. Racing
46211	4x4 Hummer
46212	4x4 Hummer
46213	4x4 Hummer
46214	4x4 Hummer
46215	4x4 Hummer
46216	4x4 Hummer
46221	Classic Car Racing
46222	Classic Car Racing
46223	Classic Car Racing
46224	Classic Car Racing
46225	Classic Car Racing
46226	Classic Car Racing
46231	Streets of Moscow
46232	Streets of Moscow
46233	Streets of Moscow
46234	Streets of Moscow
46235	Streets of Moscow
46251	NecroVisioN: Lost Company
46261	Star Wolves 3: Civil War
46262	Star Wolves 3: Civil War
46271	Star Wolves
46272	Star Wolves
46281	Star Wolves 2
46291	Theatre of War / Theatre of War: Editor
46322	Space Rangers
46323	Space Rangers
46331	Space Rangers 2: Reboot
46332	Space Rangers 2: Reboot
46341	Theatre of War 2: Africa 1943
46342	Theatre of War 2: Africa 1943
46351	Real Warfare
46352	Real Warfare
46361	Theatre of War 2: Kursk 1943
46362	Theatre of War 2: Kursk 1943
46371	Rig 'n' Roll
46381	Reign: Conflict of Nations
46401	Greed: Black Border
46402	Greed: Black Border
46411	Avencast
46412	Avencast
46421	Chrome
46431	Chrome: Specforce
46441	Future Wars
46442	Future Wars
46443	Future Wars
46451	Grotesque Tactics: Evil Heroes
46461	Scratches: Director's Cut
46471	Grotesque Tactics: Evil Heroes - Dev
46481	Still Life
46482	Still Life
46483	Still Life
46484	Still Life
46485	Still Life
46491	Still Life 2
46492	Still Life 2
46493	Still Life 2
46494	Still Life 2
46495	Still Life 2
46496	Still Life 2
46501	Syberia
46502	Syberia
46503	Syberia
46504	Syberia
46505	Syberia
46511	Syberia 2
46512	Syberia 2
46513	Syberia 2
46514	Syberia 2
46515	Syberia 2
46521	Wasteland Angel
46522	Wasteland Angel
46523	Wasteland Angel
46524	Wasteland Angel
46525	Wasteland Angel
46526	Wasteland Angel
46527	Wasteland Angel
46531	Angel: The Gates of Light
46532	Angel: The Gates of Light
46541	Trapped Dead
46542	Trapped Dead
46543	Trapped Dead
46544	Trapped Dead
46551	Post Mortem
46552	Post Mortem
46553	Post Mortem
46554	Post Mortem
46555	Post Mortem
46556	Post Mortem
46557	Post Mortem
46561	Robin Hood
46562	Robin Hood
46563	Robin Hood
46564	Robin Hood
46565	Robin Hood
46571	Grotesque Tactics 2 - Dungeons and Donuts
46601	Swarm Arena
46611	Swarm Arena Demo
46701	Ironclads: American Civil War
46711	Ironclads: High Seas
46721	Dimensity
46731	Hazen: The Dark Whispers
46741	World Basketball Manager 2010
46742	World Basketball Manager 2010
46743	World Basketball Manager 2010
46744	World Basketball Manager 2010
46745	World Basketball Manager 2010 (uninstall)
46746	World Basketball Manager 2010
46747	World Basketball Manager 2010
46748	World Basketball Manager 2010 (uninstall)
46749	World Basketball Manager 2010
46751	Dark Fall: Lost Souls
46761	Ironclads: Schleswig War 1864
46771	Making History II: The War of the World
46772	Making History II: The War of the World / Making History II: The War of the World - Demo
46773	Making History II: The War of the World
46774	Making History II: The War of the World - Demo
46781	Steel Fury: Kharkov 1942
46791	Armada 2526
46792	Armada 2526
46831	Ironclads: Anglo Russian War 1866
46841	Ironclads: Chincha Islands War 1866
46851	Zombie Pirates
47001	4 Elements
47011	4 Elements - Demo
47101	Garden Defense
47111	Escape from Paradise
47121	Escape from Paradise 2
47131	Book of Legends
47401	Stronghold 3 / Stronghold 3 - Map Editor
47402	Stronghold 3
47403	Stronghold 3
47404	Stronghold 3
47405	Stronghold 3
47406	Stronghold 3
47407	Stronghold 3
47408	Stronghold 3
47409	Stronghold 3
47411	Stronghold Kingdoms
47412	Stronghold Kingdoms
47413	Stronghold Kingdoms
47414	Stronghold Kingdoms
47420	Stronghold 3
47421	Stronghold 3
47422	Stronghold 3
47423	Stronghold 3
47424	Stronghold 3
47425	Stronghold 3
47426	Stronghold 3
47428	Stronghold 3
47501	Mishap: An Accidental Haunting
47511	Pac-Man
47521	The Otherside
47531	Mishap: An Accidental Haunting - Demo
47541	Puzzle Quest 2
47551	Dig Dug
47561	PAC-MAN Pizza Parlor
47571	Mishap 2: An Intentional Haunting
47572	Mishap 2 (data)
47573	Mishap 2: An Intentional Haunting
47574	Mishap 2 (Mac)
47701	Command & Conquer™ 4 Tiberian Twilight
47702	Command & Conquer™ 4 Tiberian Twilight
47703	Command & Conquer™ 4 Tiberian Twilight
47704	Command & Conquer™ 4 Tiberian Twilight
47705	Command & Conquer™ 4 Tiberian Twilight
47706	Command & Conquer™ 4 Tiberian Twilight
47707	Command & Conquer™ 4 Tiberian Twilight
47708	Command & Conquer™ 4 Tiberian Twilight
47731	Dragon Age: Origins - Awakening
47732	Dragon Age: Origins - Awakening
47733	Dragon Age: Origins - Awakening
47734	Dragon Age: Origins - Awakening
47735	Dragon Age: Origins - Awakening
47736	Dragon Age: Origins - Awakening
47737	Dragon Age: Origins - Awakening
47738	Dragon Age: Origins - Awakening
47739	Dragon Age: Origins - Awakening
47740	Dragon Age: Origins - Awakening
47761	Mass Effect 2 Demo
47762	Mass Effect 2 Demo
47763	Mass Effect 2 Demo
47764	Mass Effect 2 Demo
47765	Mass Effect 2 Demo
47771	Medal of Honor (MP beta)
47772	Medal of Honor Beta
47773	Medal of Honor Beta
47774	Medal of Honor Beta
47775	Medal of Honor Beta
47776	Medal of Honor Beta
47777	Medal of Honor Beta
47778	Medal of Honor Beta
47779	Medal of Honor Beta
47781	Dead Space 2
47782	Dead Space 2
47783	Dead Space 2
47784	Dead Space 2
47785	Dead Space 2
47786	Dead Space 2
47787	Dead Space 2
47791	Medal of Honor(TM) Single Player
47792	Medal of Honor(TM) Single Player
47793	Medal of Honor(TM) Single Player
47794	Medal of Honor(TM) Single Player
47795	Medal of Honor(TM) Single Player
47796	Medal of Honor(TM) Single Player
47797	Medal of Honor(TM) Single Player
47798	Medal of Honor(TM) Single Player
47799	Medal of Honor(TM) Single Player
47801	RISK Factions
47811	Dragon Age: Origins - Ultimate Edition
47812	Dragon Age: Origins - Ultimate Edition
47813	Dragon Age: Origins - Ultimate Edition
47814	Dragon Age: Origins - Ultimate Edition
47816	Dragon Age: Origins - Ultimate Edition
47820	Medal of Honor(TM) Single Player
47821	Medal of Honor(TM) Single Player
47822	Medal of Honor(TM) Single Player / Medal of Honor(TM) Multiplayer
47831	Medal of Honor(TM) Multiplayer
47832	Medal of Honor(TM) Multiplayer
47833	Medal of Honor(TM) Multiplayer
47834	Medal of Honor(TM) Multiplayer
47835	Medal of Honor(TM) Multiplayer
47836	Medal of Honor(TM) Multiplayer
47837	Medal of Honor(TM) Multiplayer
47838	Medal of Honor(TM) Multiplayer
47839	Medal of Honor(TM) Multiplayer
47840	Medal of Honor(TM) Multiplayer
47841	Medal of Honor(TM) Multiplayer
47842	Medal of Honor(TM) Single Player
47843	Medal of Honor(TM) Single Player
47851	FIFA Manager 11
47852	FIFA Manager 11
47853	FIFA Manager 11
47854	FIFA Manager 11
47855	FIFA Manager 11
47856	FIFA Manager 11
47857	FIFA Manager 11
47861	RISK Factions Demo
47871	Need for Speed: Hot Pursuit
47891	The Sims™ 3
47892	The Sims™ 3
47893	The Sims™ 3
47894	The Sims™ 3
47895	The Sims™ 3
47896	The Sims™ 3
47897	The Sims™ 3
47898	The Sims™ 3
47899	The Sims™ 3
47901	Dragon Age II (Retired)
47902	Dragon Age II (Retired)
47903	Dragon Age II (Retired)
47904	Dragon Age II (Retired)
47905	Dragon Age II (Retired)
47906	Dragon Age II (Retired)
47907	Dragon Age II (Retired)
47908	Dragon Age II (Retired)
47921	Shift 2 Unleashed
47930	The Sims™ 3
47931	The Sims™ 3
47932	The Sims™ 3
47937	The Sims™ 3
47941	Dragon Age II Demo
47942	Dragon Age II Demo
47943	Dragon Age II Demo
47944	Dragon Age II Demo
47945	Dragon Age II Demo
47946	Dragon Age II Demo
47947	Dragon Age II Demo
47948	Dragon Age II Demo
48001	LIMBO / LIMBO Demo
48002	LIMBO
48003	LIMBO
48004	LIMBO
48012	LIMBO Demo
48013	LIMBO Demo
48111	Silent Hunter 5: Battle of the Atlantic
48112	Silent Hunter 5: Battle of the Atlantic
48113	Silent Hunter 5: Battle of the Atlantic
48114	Silent Hunter 5: Battle of the Atlantic
48115	Silent Hunter 5: Battle of the Atlantic
48116	Silent Hunter 5: Battle of the Atlantic
48121	The Settlers 7: Paths to a Kingdom
48122	The Settlers 7: Paths to a Kingdom
48123	The Settlers 7: Paths to a Kingdom
48124	The Settlers 7: Paths to a Kingdom
48125	The Settlers 7: Paths to a Kingdom
48126	The Settlers 7: Paths to a Kingdom
48133	The Settlers 7: Paths to a Kingdom
48134	The Settlers 7: Paths to a Kingdom
48135	The Settlers 7: Paths to a Kingdom
48151	Voodoo Dice
48161	Tom Clancy's H.A.W.X. 2
48167	Tom Clancy's H.A.W.X. 2
48171	Assassin's Creed II
48172	Assassin's Creed II
48181	Tom Clancy's H.A.W.X. 2
48187	Tom Clancy's H.A.W.X. 2
48191	Assassin's Creed Brotherhood
48192	Assassin's Creed Brotherhood
48193	Assassin's Creed Brotherhood
48211	The Settlers 7: Paths to a Kingdom - Gold Edition
48212	The Settlers 7: Paths to a Kingdom - Gold Edition
48213	The Settlers 7: Paths to a Kingdom - Gold Edition
48214	The Settlers 7: Paths to a Kingdom - Gold Edition
48215	The Settlers 7: Paths to a Kingdom - Gold Edition
48216	The Settlers 7: Paths to a Kingdom - Gold Edition
48217	The Settlers 7: Paths to a Kingdom - Gold Edition
48221	Might & Magic: Heroes VI
48222	Might & Magic: Heroes VI
48241	Anno 2070
48242	Anno 2070
48243	Anno 2070
48244	Anno 2070
48245	Anno 2070
48246	Anno 2070
48247	Anno 2070
48248	Anno 2070
48249	Anno 2070
48255	Anno 2070
48261	Might & Magic Heroes VI - Internal Private Closed Beta
48281	Might & Magic: Heroes VI - Demo
48701	Mount & Blade: Warband
48705	Mount & Blade: Warband
48711	Mount and Blade Warband - Demo
48721	Mount & Blade: With Fire and Sword
48801	Ship Simulator Extremes
48802	Ship Simulator Extremes
48803	Ship Simulator Extremes
48804	Ship Simulator Extremes
48805	Ship Simulator Extremes
48806	Ship Simulator Extremes
48811	Ship Simulator Extremes Demo
48830	Ship Simulator Extremes
48901	Saira
48951	Greed Corp
48952	Greed Corp
49001	Hotel Dash
49002	Hotel Dash
49301	Commander: Conquest of the Americas
49302	Commander: Conquest of the Americas
49303	Commander: Conquest of the Americas
49304	Commander: Conquest of the Americas
49305	Commander: Conquest of the Americas
49306	Commander: Conquest of the Americas
49310	Commander: Conquest of the Americas
49311	Commander: Conquest of the Americas
49321	Woody Two-Legs Attack of the Zombie Pirates
49322	Woody Two-Legs Attack of the Zombie Pirates
49323	Woody Two-Legs Attack of the Zombie Pirates
49324	Woody Two-Legs Attack of the Zombie Pirates
49325	Woody Two-Legs Attack of the Zombie Pirates
49331	Pirates of Black Cove
49332	Pirates of Black Cove
49333	Pirates of Black Cove
49334	Pirates of Black Cove
49335	Pirates of Black Cove
49336	Pirates of Black Cove
49337	Pirates of Black Cove
49341	Pirates of Black Cove - Demo
49342	Pirates of Black Cove - Demo
49401	Magic: The Gathering - Duels of the Planeswalkers
49405	Magic: The Gathering - Duels of the Planeswalkers
49461	Magic: The Gathering - Duels of the Planeswalkers Demo
49471	Magic: The Gathering — Duels of the Planeswalkers 2012
49481	Magic: The Gathering — Duels of the Planeswalkers 2012 - Demo
49601	Beat Hazard
49602	Beat Hazard Demo
49607	Beat Hazard
49701	Stargate Resistance
49801	Flight of the Icarus
49802	Flight of the Icarus
49803	Flight of the Icarus
49811	CreaVures
49812	CreaVures
49813	CreaVures
49901	Plain Sight
50001	Nimbus / Nimbus Demo
50111	Borderlands GOTY / Borderlands DLC: The Secret Armory of General Knoxx
50112	Borderlands GOTY
50121	MLB 2K10
50131	Mafia II (Classic)
50132	Mafia II (Classic)
50133	Mafia II (Classic)
50134	Mafia II (Classic)
50140	Mafia II (Classic)
50141	Mafia II (Classic)
50142	Mafia II (Classic)
50143	Mafia II (Classic)
50144	Mafia II (Classic)
50145	Mafia II (Classic)
50146	Mafia II (Classic)
50147	Mafia II (Classic)
50150	Mafia II (Classic)
50151	Mafia II (Classic)
50152	Mafia II (Classic)
50153	Mafia II (Classic)
50154	Mafia II (Classic)
50155	Mafia II (Classic)
50156	Mafia II (Classic)
50157	Mafia II (Classic)
50161	Mafia II
50162	Mafia II (data)
50163	Mafia II (data)
50164	Mafia II (data)
50165	Mafia II (data)
50166	Mafia II (data)
50167	Mafia II (pc data)
50168	Mafia II (pc data)
50169	Mafia II (pc data)
50171	Mafia II (pc data)
50172	Mafia II (pc data)
50173	Mafia II (pc data)
50174	Mafia II
50175	Mafia II (pc data)
50176	Mafia II (pc data)
50177	Mafia II (pc data)
50178	Mafia II (pc data)
50179	Mafia II (pc data)
50181	Mafia II (pc data)
50182	Mafia II (pc data)
50183	Mafia II (pc data)
50184	Mafia II
50185	Mafia II (pc data)
50186	Mafia II (pc data)
50187	Mafia II (pc data)
50188	Mafia II (pc data)
50189	Mafia II (pc data)
50191	Mafia II (pc data)
50192	Mafia II (pc data)
50193	Mafia II (pc data)
50194	Mafia II
50195	Mafia II (pc data)
50196	Mafia II (pc data)
50197	Mafia II (pc data)
50198	Mafia II (pc data)
50199	Mafia II (pc data)
50200	Mafia II (pc data)
50201	Mafia II (pc data)
50202	Mafia II (pc data)
50203	Mafia II (pc data)
50204	Mafia II (pc data)
50205	Mafia II (pc data)
50206	Mafia II (pc data)
50207	Mafia II (pc data)
50208	Mafia II (pc data)
50209	Mafia II (pc data)
50210	Mafia II (pc data)
50211	Mafia II
50213	Mafia II (pc data)
50221	Mafia II (pc data)
50222	Mafia II (pc data)
50223	Mafia II (pc data)
50224	Mafia II
50225	Mafia II (pc data)
50226	Mafia II (pc data)
50227	Mafia II (pc data)
50228	Mafia II (pc data)
50229	Mafia II (pc data)
50230	Mafia II (pc data)
50231	Mafia II (pc data)
50232	Mafia II (pc data)
50233	Mafia II (pc data)
50234	Mafia II (pc data)
50235	Mafia II (pc data)
50236	Mafia II (pc data)
50237	Mafia II (pc data)
50238	Mafia II (pc data)
50239	Mafia II (pc data)
50241	Mafia II (pc data)
50242	Mafia II (pc data)
50243	Mafia II (pc data)
50244	Mafia II
50245	Mafia II (pc data)
50246	Mafia II (pc data)
50247	Mafia II (pc data)
50248	Mafia II (pc data)
50249	Mafia II (pc data)
50261	Mafia II (pc data)
50262	Mafia II (pc data)
50263	Mafia II (pc data)
50264	Mafia II
50265	Mafia II (pc data)
50266	Mafia II (pc data)
50267	Mafia II (pc data)
50268	Mafia II (pc data)
50269	Mafia II (pc data)
50270	Mafia II (pc data)
50271	Mafia II (pc data)
50272	Mafia II (pc data)
50281	Mafia II - Demo
50282	Mafia II - Demo
50283	Mafia II - Demo
50284	Mafia II - Demo
50285	Mafia II - Demo
50286	Mafia II - Demo
50287	Mafia II - Demo
50288	Mafia II - Demo
50289	Mafia II - Demo
50290	Mafia II - Demo
50301	Spec Ops: The Line
50302	Spec Ops: The Line
50303	Spec Ops: The Line
50304	Spec Ops: The Line
50306	Spec Ops: The Line
50307	Spec Ops: The Line
50308	Spec Ops: The Line
50309	Spec Ops: The Line
50311	MLB 2K11
50401	Mafia II - JAPAN
50402	Mafia II - JAPAN
50403	Mafia II - JAPAN
50404	Mafia II - JAPAN
50410	Mafia II - JAPAN
50411	Mafia II - JAPAN
50412	Mafia II - JAPAN
50413	Mafia II - JAPAN
50414	Mafia II - JAPAN
50415	Mafia II - JAPAN
50416	Mafia II - JAPAN
50417	Mafia II - JAPAN
50418	Mafia II - JAPAN
50421	Mafia II (pc data)
50422	Mafia II (pc data)
50423	Mafia II (pc data)
50424	Mafia II
50425	Mafia II (pc data)
50426	Mafia II (pc data)
50427	Mafia II (pc data)
50428	Mafia II (pc data)
50429	Mafia II (pc data)
50430	Mafia II (pc data)
50431	Mafia II (pc data)
50432	Mafia II (pc data)
50433	Mafia II (pc data)
50434	Mafia II (pc data)
50435	Mafia II (pc data)
50436	Mafia II (pc data)
50437	Mafia II (pc data)
50481	Mafia II
50482	Mafia II (pc data)
50483	Mafia II (pc data)
50484	Mafia II (pc data)
50485	Mafia II (pc data)
50486	Mafia II (pc data)
50487	Mafia II (pc data)
50488	Mafia II (pc data)
50489	Mafia II (pc data)
50511	Burn Zombie Burn
50512	Burn Zombie Burn
50513	Burn Zombie Burn
50601	Darksiders
50602	Darksiders (media)
50603	Darksiders (media)
50604	Darksiders (media)
50605	Darksiders (media)
50606	Darksiders (media)
50621	Darksiders
50622	Darksiders / Darksiders
50623	Darksiders / Darksiders
50624	Darksiders / Darksiders
50625	Darksiders / Darksiders
50626	Darksiders / Darksiders
50641	Darksiders
50642	Darksiders / Darksiders
50643	Darksiders / Darksiders
50644	Darksiders / Darksiders
50645	Darksiders / Darksiders
50646	Darksiders
50671	Darksiders II
50672	Darksiders II (media)
50673	Darksiders II (media)
50674	Darksiders II (media)
50675	Darksiders II (media)
50676	Darksiders II (media)
50677	Darksiders II (media)
50678	Darksiders II (media)
50679	Darksiders II (media)
50801	i'm not alone
50802	i'm not alone (data)
50811	Ikaro
50812	Ikaro (data)
50813	Ikaro (data)
50814	Ikaro (data)
50815	Ikaro (data)
50821	Max and the Magic Marker
50822	Max and the Magic Marker
50831	Max and the Magic Marker - Demo
50901	Professor FizzWhizzle
50902	Professor Fizzwizzle (data)
50911	PF and the Molten Mystery
50912	PF and the Molten Mystery
50921	Hidden Expedition Amazon
50922	Hidden Expedition Amazon (data)
50931	Hidden Expedition Everest
50941	Hidden Expedition Titanic
50951	Mahjong Towers Eternity
50961	Mystery Case Files: Huntsville
50971	Mystery Case Files: Madame Fate
50981	Mystery Case Files: PrimeSuspects
50991	Mystery Case Files: Ravenhearst
51001	Mystery Case Files: Return to Ravenhearst
51002	Mystery Case Files: Return to Ravenhearst (data)
51011	My Tribe
51012	My Tribe
51021	Unwell Mel
51022	Unwell Mel
51031	Atlantis Sky Patrol
51032	Atlantis Sky Patrol
51041	Fairway Solitaire
51042	Fairway Solitaire
51061	Drawn: The Painted Tower
52001	Mac Portal
52002	Mac Portal
52003	Mac Portal
55001	Flotilla
55011	Flotilla Demo
55021	Air Forte
55022	Air Forte
55031	Air Forte Demo
55032	Air Forte Demo
55041	Atom Zombie Smasher
55042	Atom Zombie Smasher
55051	Atom Zombie Smasher Demo
55052	Atom Zombie Smasher Demo
55101	Homefront
55102	Homefront
55103	Homefront
55104	Homefront
55105	Homefront
55106	Homefront
55107	Homefront
55108	Homefront
55109	Homefront
55111	Red Faction: Armageddon
55112	Red Faction: Armageddon (data)
55113	Red Faction: Armageddon (data)
55114	Red Faction: Armageddon (data)
55115	Red Faction: Armageddon
55116	Red Faction: Armageddon
55131	HOMEFRONT Demo
55132	HOMEFRONT Demo
55133	HOMEFRONT Demo
55134	HOMEFRONT Demo
55135	HOMEFRONT Demo
55136	HOMEFRONT Demo
55137	HOMEFRONT Demo (data)
55138	HOMEFRONT Demo
55139	HOMEFRONT Demo (data)
55141	MX vs. ATV Reflex
55142	MX vs. ATV Reflex
55143	MX vs. ATV Reflex
55144	MX vs. ATV Reflex
55145	MX vs. ATV Reflex
55146	MX vs. ATV Reflex
55152	Warhammer 40,000: Space Marine - Anniversary Edition
55153	Warhammer 40,000: Space Marine - Anniversary Edition
55154	Warhammer 40,000: Space Marine - Anniversary Edition
55155	Warhammer 40,000: Space Marine - Anniversary Edition
55156	Warhammer 40,000: Space Marine - Anniversary Edition
55157	Warhammer 40,000: Space Marine - Anniversary Edition
55158	Warhammer 40,000: Space Marine - Anniversary Edition
55159	Warhammer 40,000: Space Marine - Anniversary Edition
55161	Red Faction: Armageddon
55162	Red Faction: Armageddon (data)
55163	Red Faction: Armageddon (data)
55164	Red Faction: Armageddon (data)
55166	Red Faction: Armageddon
55181	HOMEFRONT [Dev]
55191	HOMEFRONT [Alpha]
55201	MX Reflex
55202	Homefront
55211	HOMEFRONT - Japanese
55212	HOMEFRONT - Japanese
55213	HOMEFRONT - Japanese (data)
55231	Saints Row: The Third
55232	Saints Row: The Third
55233	Saints Row: The Third
55234	Saints Row: The Third
55235	Saints Row: The Third
55236	Saints Row: The Third
55237	Saints Row: The Third
55238	Saints Row: The Third
55251	Saints Row: The Third
55252	Saints Row: The Third
55281	Homefront Dedicated Server
55291	Homefront
55346	Warhammer 40k: Space Marine (data)
55347	Warhammer 40k: Space Marine (data)
55348	Warhammer 40k: Space Marine (data)
55350	Warhammer 40,000: Space Marine - Anniversary Edition
55351	Warhammer 40,000: Space Marine - Anniversary Edition
55352	Warhammer 40,000: Space Marine - Anniversary Edition
55353	Warhammer 40,000: Space Marine - Anniversary Edition
55354	Warhammer 40,000: Space Marine Demo
55355	Warhammer 40,000: Space Marine Demo
55356	Warhammer 40k: Space Marine Demo (data)
55357	Warhammer 40k: Space Marine Demo (data)
55358	Warhammer 40k: Space Marine Demo (data)
55359	Warhammer 40k: Space Marine Demo (data)
55361	Saints Row: The Third
55362	Saints Row: The Third
55363	Saints Row: The Third
55371	Saints Row: The Third - Initiation Station
55372	Saints Row: The Third - Initiation Station
55373	Saints Row: The Third
55411	Warhammer 40k: Space Marine
55412	Warhammer 40,000: Space Marine Demo
55413	Warhammer 40,000: Space Marine Demo
55414	Warhammer 40,000: Space Marine Demo
55415	Warhammer 40,000: Space Marine Demo
55416	Warhammer 40,000: Space Marine Demo
55417	Warhammer 40,000: Space Marine Demo
55418	Warhammer 40,000: Space Marine Demo
55419	Warhammer 40,000: Space Marine Demo
55420	Warhammer 40,000: Space Marine Demo
55431	Warhammer 40k: Space Marine (data)
55432	Warhammer 40k: Space Marine
55433	Warhammer 40k: Space Marine (data)
55434	Warhammer 40k: Space Marine (data)
55435	Warhammer 40k: Space Marine (data)
55436	Warhammer 40k: Space Marine (data)
55437	Warhammer 40k: Space Marine (data)
55438	Warhammer 40k: Space Marine (data)
55439	Warhammer 40k: Space Marine (data)
55451	Warhammer 40k: Space Marine
55452	Warhammer 40k: Space Marine (data)
55453	Warhammer 40k: Space Marine (data)
55454	Warhammer 40k: Space Marine (data)
55455	Warhammer 40k: Space Marine (data)
55456	Warhammer 40k: Space Marine (data)
55457	Warhammer 40k: Space Marine (data)
55458	Warhammer 40k: Space Marine (data)
55459	Warhammer 40k: Space Marine (data)
56401	Warhammer 40,000: Dawn of War II - Retribution
56402	Warhammer 40,000: Dawn of War II - Retribution
56403	Warhammer 40,000: Dawn of War II - Retribution
56404	Warhammer 40,000: Dawn of War II - Retribution
56405	Warhammer 40,000: Dawn of War II - Retribution
56406	Warhammer 40,000: Dawn of War II - Retribution
56407	Warhammer 40,000: Dawn of War II - Retribution
56408	Warhammer 40,000: Dawn of War II - Retribution
56409	Warhammer 40,000: Dawn of War II - Retribution
56410	Warhammer 40,000: Dawn of War II - Retribution
56412	Warhammer 40,000: Dawn of War II - Retribution
56413	Warhammer 40,000: Dawn of War II - Retribution
56414	Warhammer 40,000: Dawn of War II - Retribution
56415	Warhammer 40,000: Dawn of War II - Retribution
56416	Warhammer 40,000: Dawn of War II - Retribution
56417	Warhammer 40,000: Dawn of War II - Retribution
56418	Warhammer 40,000: Dawn of War II - Retribution
56419	Warhammer 40,000: Dawn of War II - Retribution
56420	Warhammer 40,000: Dawn of War II - Retribution
56426	Warhammer 40,000: Dawn of War II - Retribution
56427	Warhammer 40,000: Dawn of War II - Retribution
56428	Warhammer 40,000: Dawn of War II - Retribution
56429	Warhammer 40,000: Dawn of War II - Retribution
56441	Dawn of War II
56442	Dawn of War II (localization)
56443	Dawn of War II (localization)
56444	Dawn of War II (localization)
56445	Dawn of War II (localization)
56446	Dawn of War II (localization)
56447	Dawn of War II (localization)
56448	Dawn of War II (localization)
56449	Dawn of War II (localization)
56450	Dawn of War II (data)
56461	Dawn of War II
56462	Dawn of War II (data)
56463	Dawn of War II (data)
56464	Dawn of War II (data)
56465	Dawn of War II (data)
56466	Dawn of War II (data)
56467	Dawn of War II (data)
56468	Dawn of War II (data)
56469	Dawn of War II (data)
56470	Dawn of War II (data)
56476	Dawn of War II (data)
56479	Dawn of War II (data)
57001	NyxQuest
57002	NyxQuest
57003	NyxQuest
57011	NyxQuest Demo
57012	NyxQuest Demo
57013	NyxQuest Demo
57201	Puzzle Dimension
57202	Puzzle Dimension
57211	Puzzle Dimension Demo
57212	Puzzle Dimension Demo
57301	Amnesia: The Dark Descent
57302	Amnesia: The Dark Descent
57303	Amnesia: The Dark Descent
57311	Amnesia: The Dark Descent Demo
57312	Amnesia: The Dark Descent Demo
57313	Amnesia: The Dark Descent Demo
57401	Batman: Arkham City™
57501	APB: All Points Bulletin
57511	APB: All Points Bulletin
57601	Tropico 3: Absolute Power
57602	Tropico 3: Absolute Power
57603	Tropico 3: Absolute Power
57604	Tropico 3: Absolute Power
57605	Tropico 3: Absolute Power
57606	Tropico 3: Absolute Power
57607	Tropico 3: Absolute Power (data)
57611	Disciples III: Renaissance - Demo
57621	Patrician IV: Steam Special Edition / Patrician IV: Rise of a Dynasty
57622	Patrician IV: Steam Special Edition / Patrician IV: Rise of a Dynasty
57623	Patrician IV: Steam Special Edition / Patrician IV: Rise of a Dynasty
57631	Patrician IV - Demo
57641	Broken Sword 1 - Shadow of the Templars: Director's Cut (2009)
57642	Broken Sword 1 - Shadow of the Templars: Director's Cut (2009)
57643	Broken Sword 1 - Shadow of the Templars: Director's Cut (2009)
57644	Broken Sword 1 - Shadow of the Templars: Director's Cut (2009)
57645	Broken Sword 1 - Shadow of the Templars: Director's Cut (2009)
57646	Broken Sword 1 - Shadow of the Templars: Director's Cut (2009)
57647	Broken Sword 1 - Shadow of the Templars: Director's Cut (2009)
57648	Broken Sword 1 - Shadow of the Templars: Director's Cut (2009)
57651	Dungeons
57652	Dungeons
57653	Dungeons
57654	Dungeons
57655	Dungeons
57656	Dungeons
57661	Port Royale
57681	The First Templar
57682	The First Templar
57683	The First Templar
57684	The First Templar
57691	Tropico 4
57692	Tropico 4
57693	Tropico 4
57694	Tropico 4
57695	Tropico 4
57696	Tropico 4
57697	Tropico 4
57698	Tropico 4
57699	Tropico 4
57701	Who's That Flying?!
57711	Dungeons - Demo
57721	Who's That Flying?! - Demo
57731	Patrician IV: Steam Special Edition / Patrician IV: Rise of a Dynasty
57732	Patrician IV: Rise of a Dynasty
57741	Jagged Alliance - Back in Action
57742	Jagged Alliance - Back in Action
57743	Jagged Alliance - Back in Action
57744	Jagged Alliance - Back in Action
57745	Jagged Alliance - Back in Action
57746	Jagged Alliance - Back in Action
57747	Jagged Alliance - Back in Action
57748	Jagged Alliance - Back in Action
57749	Jagged Alliance - Back in Action
57751	Tropico 4 - Demo
57801	Doc Clock: The Toasted Sandwich of Time
57802	Doc Clock: The Toasted Sandwich of Time
57803	Doc Clock: The Toasted Sandwich of Time
57804	Doc Clock: The Toasted Sandwich of Time
57805	Doc Clock: The Toasted Sandwich of Time
57806	Doc Clock: The Toasted Sandwich of Time
57807	Doc Clock: The Toasted Sandwich of Time
57808	Doc Clock: The Toasted Sandwich of Time
57809	Doc Clock: The Toasted Sandwich of Time
57820	Doc Clock: The Toasted Sandwich of Time
57821	Doc Clock: The Toasted Sandwich of Time
57822	Doc Clock: The Toasted Sandwich of Time
57823	Doc Clock: The Toasted Sandwich of Time
57824	Doc Clock: The Toasted Sandwich of Time
57825	Doc Clock: The Toasted Sandwich of Time
57901	Duke Nukem Forever / Duke Nukem Forever Dedicated Server
57902	Duke Nukem Forever / Duke Nukem Forever Dedicated Server
57903	Duke Nukem Forever
57904	Duke Nukem Forever
57905	Duke Nukem Forever
57906	Duke Nukem Forever
57907	Duke Nukem Forever
57908	Duke Nukem Forever
57911	Duke Nukem Forever Dedicated Server
57920	Duke Nukem Forever
57921	Duke Nukem Forever / Duke Nukem Forever Dedicated Server
57922	Duke Nukem Forever / Duke Nukem Forever Dedicated Server
57923	Duke Nukem Forever / Duke Nukem Forever Dedicated Server
57924	Duke Nukem Forever / Duke Nukem Forever Dedicated Server
57925	Duke Nukem Forever / Duke Nukem Forever Dedicated Server
57941	Duke Nukem Forever Demo
57942	Duke Nukem Forever Demo
57943	Duke Nukem Forever Demo
57944	Duke Nukem Forever Demo
57945	Duke Nukem Forever Demo
57946	Duke Nukem Forever Demo
57947	Duke Nukem Forever Demo
57949	Duke Nukem Forever Demo
57951	Duke Nukem Forever
57971	Duke Nukem Forever
57980	Duke Nukem Forever
58201	Jolly Rover
58202	Jolly Rover
58221	Jolly Rover Demo
58222	Jolly Rover Demo
58231	MacGuffin's Curse
58232	MacGuffin's Curse
58241	MacGuffin's Curse Demo
58242	MacGuffin's Curse Demo
58301	System Protocol One
58302	System Protocol One
58311	System Protocol One Demo
58312	System Protocol One Demo
58401	Turba
58411	Turba Demo
58501	Pro Cycling Manager 2010
58511	Cities XL 2011
58512	Cities XL 2011
58513	Cities XL 2011
58514	Cities XL 2011
58515	Cities XL 2011
58521	Blood Bowl: Legendary Edition
58531	Divinity II
58532	Divinity II (data)
58533	Divinity II (data)
58534	Divinity II (data)
58541	Divinity II - The Dragon Knight Saga
58542	Divinity II - The Dragon Knight Saga
58543	Divinity II - The Dragon Knight Saga
58544	Divinity II - The Dragon Knight Saga
58545	Divinity II - The Dragon Knight Saga
58546	Divinity II - The Dragon Knight Saga
58551	A Game of Thrones - Genesis
58552	A Game of Thrones - Genesis
58553	A Game of Thrones - Genesis
58554	A Game of Thrones - Genesis
58555	A Game of Thrones - Genesis
58556	A Game of Thrones - Genesis
58557	A Game of Thrones - Genesis
58558	A Game of Thrones - Genesis
58561	Runaway: A Twist of Fate
58562	Runaway: A Twist of Fate
58563	Runaway: A Twist of Fate
58564	Runaway: A Twist of Fate
58565	Runaway: A Twist of Fate
58571	The Next BIG Thing
58572	The Next BIG Thing
58573	The Next BIG Thing
58574	The Next BIG Thing
58575	The Next BIG Thing
58576	The Next BIG Thing
58577	The Next BIG Thing
58578	The Next BIG Thing
58579	The Next BIG Thing
58581	The Next BIG Thing - Demo
58582	The Next BIG Thing - Demo
58583	The Next BIG Thing - Demo
58584	The Next BIG Thing - Demo
58585	The Next BIG Thing - Demo
58586	The Next BIG Thing - Demo
58587	The Next BIG Thing - Demo
58588	The Next BIG Thing - Demo
58601	Divinity II: Dragon Knight Saga - Demo
58602	Divinity II: Dragon Knight Saga - Demo
58603	Divinity II: Dragon Knight Saga - Demo
58604	Divinity II: Dragon Knight Saga - Demo
58605	Divinity II: Dragon Knight Saga - Demo
58606	Divinity II: Dragon Knight Saga - Demo
58611	Wargame: European Escalation
58612	Wargame: European Escalation
58613	Wargame: European Escalation
58614	Wargame: European Escalation
58615	Wargame: European Escalation
58616	Wargame: European Escalation
58617	Wargame: European Escalation
58618	Wargame: European Escalation
58619	Wargame: European Escalation
58621	Wargame: European Escalation
58622	Wargame: European Escalation (data)
58640	Wargame: European Escalation
58641	Wargame: European Escalation
58642	Wargame: European Escalation
58645	Wargame: European Escalation
58646	Wargame: European Escalation
58701	Wicked Manor Chronicles
58702	Wicked Manor Chronicles
58703	Wicked Manor Chronicles
58704	Wicked Manor Chronicles (data)
58711	Death on the Nile
58712	Death on the Nile
58713	Death on the Nile
58721	Buried in Time
58731	Serengeti
58741	WMC 2
58742	WMC 2
58743	WMC 2
58751	WMC 3
58752	WMC 3
58753	WMC 3
58761	Paradise Quest
58762	Paradise Quest
58771	Agatha Christie: Dead Man's Folly
58772	Wicked Manor Chronicles (data)
58773	Agatha Christie: Dead Man's Folly (data)
58781	Agatha Christie: Peril at End House
58782	Wicked Manor Chronicles (data)
58783	Agatha Christie: Peril at End House (data)
60301	Luxor (data)
60311	Luxor (data)
60321	Luxor (data)
60331	Luxor (data)
60341	LUXOR: 5th Passage
60342	LUXOR: 5th Passage
60351	Glowfish
60352	Glowfish
60601	ProtoGalaxy
60602	ProtoGalaxy
60611	ProtoGalaxy Demo
60701	Power Of Defense
60702	Power Of Defense
60711	POD
60712	POD
60801	Numen: Contest of Heroes
60811	Numen: Contest of Heroes - Demo
60901	Galactic Arms Race (Test)
61001	DCS: Black Shark
61011	Digital Combat Simulator: A-10C Warthog
61012	Digital Combat Simulator: A-10C Warthog
61013	Digital Combat Simulator: A-10C Warthog
61101	Lucid
61221	Battle: Los Angeles
61222	Battle: Los Angeles
61231	Red Bull X-Fighters
61301	Fractal
61302	Fractal (data)
61311	Fractal: Make Blooms Not War
61312	Fractal: Make Blooms Not War
61501	Age of Wonders
61511	Age of Wonders 2: The Wizard's Throne
61521	Age of Wonders: Shadow Magic
61531	Age of Wonders: Trilogy Soundtrack
61601	Zen Bound® 2
61602	Zen Bound® 2
61603	Zen Bound® 2
61701	Might & Magic: Clash of Heroes
61702	Might & Magic: Clash of Heroes
61703	Might & Magic: Clash of Heroes
61704	Might & Magic: Clash of Heroes
61705	Might & Magic: Clash of Heroes
61706	Might & Magic: Clash of Heroes
61707	Might & Magic: Clash of Heroes
61708	Might & Magic: Clash of Heroes
61709	Might & Magic: Clash of Heroes
61721	Might and Magic: Clash of Heroes - Demo
61731	Critter Crunch
61732	Critter Crunch
61801	AMD Driver Updater, Vista and 7, 32 bit
61811	AMD Driver Updater, Vista and 7, 64 bit
61821	AMD Driver Updater, XP, 32 bit
61831	AMD Driver Updater, XP, 64 bit
62001	Flight Control HD
62002	Flight Control HD
62101	Chime
63001	HOARD / HOARD - Demo
63002	HOARD / HOARD - Demo
63111	Alter Ego
63201	Monday Night Combat
63202	Monday Night Combat
63203	Monday Night Combat
63204	Monday Night Combat
63205	Monday Night Combat
63206	Monday Night Combat
63207	Monday Night Combat
63208	Monday Night Combat
63221	Monday Night Combat Dedicated Server
63301	Empire Earth II
63321	Galactic Civilizations II
63331	Free Running
63341	Lords of Magic: Special Edition
63351	Lords of the Realm
63361	Lords of the Realm III
63371	Empire Earth III
63381	Sniper Elite V2 / Sniper Elite V2 Dedicated Server
63382	Sniper Elite V2
63383	Sniper Elite V2
63384	Sniper Elite V2
63385	Sniper Elite V2
63386	Sniper Elite V2
63387	Sniper Elite V2
63388	Sniper Elite V2
63389	Sniper Elite V2
63390	Sniper Elite V2
63391	Sniper Elite V2
63392	Sniper Elite V2
63393	Sniper Elite V2 / Sniper Elite V2 Dedicated Server
63394	Sniper Elite V2 / Sniper Elite V2 Dedicated Server
63395	Sniper Elite V2
63396	Sniper Elite V2
63397	Sniper Elite V2
63501	Swords and Soldiers HD
63502	Swords and Soldiers HD
63503	Swords and Soldiers HD
63504	Swords and Soldiers HD
63505	Swords and Soldiers HD
63601	realMyst
63611	Riven (1997)
63621	Cosmic Osmo
63631	Manhole
63641	Spelunx
63651	Uru: Complete Chronicles
63661	Myst: Masterpiece Edition
63701	BIT.TRIP BEAT
63702	BIT.TRIP BEAT (data)
63703	BIT.TRIP BEAT
63704	BIT.TRIP BEAT (data)
63711	BIT.TRIP RUNNER
63712	BIT.TRIP RUNNER (data)
63713	BIT.TRIP RUNNER
63714	BIT.TRIP RUNNER (data)
63801	Delve Deeper
63802	Delve Deeper
63803	Delve Deeper
63901	Fantasy Wars
63911	King's Bounty: Crossworlds / King's Bounty: Crossworlds Editor
63912	King's Bounty: Crossworlds / King's Bounty: Crossworlds Editor
63913	King's Bounty: Crossworlds
63914	King's Bounty: Crossworlds
63915	King's Bounty: Crossworlds
63931	You Are EMPTY
63941	Men of War: Vietnam
63942	Men of War: Vietnam
63951	IL-2 Sturmovik: Cliffs of Dover
63952	IL-2 Sturmovik: Cliffs of Dover
63954	IL-2 Sturmovik: Cliffs of Dover
63958	IL-2 Sturmovik: Cliffs of Dover (data)
63959	IL-2 Sturmovik: Cliffs of Dover (data)
63961	Theatre of War 3: Korea
64001	Men of War: Assault Squad
64003	Men of War: Assault Squad
64004	Men of War: Assault Squad
64005	Men of War: Assault Squad
64006	Men of War: Assault Squad
64007	Men of War: Assault Squad
64008	Men of War: Assault Squad
64011	Men of War: Assault Squad
64012	Men of War: Assault Squad
64013	Men of War: Assault Squad
64014	Men of War: Assault Squad
64015	Men of War: Assault Squad
64016	Men of War: Assault Squad
64017	Men of War: Assault Squad
64031	Men of War: Assault Squad - Demo
65001	Motor Rock 2
65002	Maluch Racer 2 (2 Fast Driver)
65011	Need for Ride
65031	City Bus Simulator
65041	Airport Simulator
65042	Airport Simulator (data)
65051	Snow Cat
65052	Snow Cat (data)
65053	Snow Cat (data)
65071	Ride 'em Low
65072	Ride 'em Low
65073	Ride 'em Low
65074	Ride 'em Low (data)
65081	Kaptain Brawe: A Brawe New World
65082	Kaptain Brawe: A Brawe New World
65091	Kaptain Brawe - Demo
65092	Kaptain Brawe - Demo
65101	Demolition Company
65110	Demolition Company
65111	Demolition Company
65131	RailWorks
65141	RailWorks
65201	Dive to the Titanic
65202	Dive to the Titanic
65203	Dive to the Titanic
65210	Train Simulator Classic
65211	Train Simulator Classic
65212	Train Simulator Classic
65213	Train Simulator Classic
65214	Train Simulator Classic
65215	Train Simulator Classic
65216	Train Simulator Classic
65217	Train Simulator Classic
65218	Train Simulator Classic
65219	Train Simulator Classic
65220	Train Simulator Classic
65221	Train Simulator Classic
65222	Train Simulator Classic
65223	Train Simulator Classic
65224	Train Simulator Classic
65225	Train Simulator Classic
65226	Train Simulator Classic
65227	Train Simulator Classic
65228	Train Simulator Classic
65229	Train Simulator Classic
65230	Train Simulator Classic
65231	Train Simulator Classic
65232	Train Simulator Classic
65233	Train Simulator Classic
65234	Train Simulator Classic
65235	Train Simulator Classic
65236	Train Simulator Classic
65237	Train Simulator Classic
65238	Train Simulator Classic
65239	Train Simulator Classic
65240	Train Simulator Classic
65241	Train Simulator Classic
65242	Train Simulator Classic
65243	Train Simulator Classic
65244	Train Simulator Classic
65245	Train Simulator Classic
65246	Train Simulator Classic
65247	Train Simulator Classic
65248	Train Simulator Classic
65249	Train Simulator Classic
65250	Train Simulator Classic
65251	Train Simulator Classic
65252	Train Simulator Classic
65253	Train Simulator Classic
65254	Train Simulator Classic
65255	Train Simulator Classic
65256	Train Simulator Classic
65257	Train Simulator Classic
65258	Train Simulator Classic
65259	Train Simulator Classic
65261	Engine Driver: Drive a Steam Train
65271	Demolition Company Gold
65272	Demolition Company Gold
65301	Dustforce
65302	Fastfall - Dustforce OST
65303	Dustforce
65401	Archon:Classic
65411	Archon Demo
65501	Aura: Fate of the Ages
65502	Aura: Fate of the Ages
65503	Aura: Fate of the Ages
65504	Aura: Fate of the Ages
65505	Aura: Fate of the Ages
65511	TSR (2008)
65512	TSR (2008) (data)
65513	TSR (2008) (data)
65514	TSR (2008) (data)
65515	TSR (2008) (data)
65521	ArcaniA - Demo
65522	ArcaniA - Demo (data)
65523	ArcaniA - Demo (data)
65524	ArcaniA - Demo (data)
65525	ArcaniA - Demo (data)
65531	SpellForce 2 - Faith in Destiny
65532	SpellForce 2 - Faith in Destiny
65533	SpellForce 2 - Faith in Destiny
65534	SpellForce 2 - Faith in Destiny
65541	Gothic 1 Classic
65542	Gothic 1 Classic
65543	Gothic 1 Classic
65561	Painkiller: Redemption
65562	Painkiller: Redemption
65601	Gothic 3 Forsaken Gods Enhanced Edition
65602	Gothic 3 Forsaken Gods Enhanced Edition
65603	Gothic 3 Forsaken Gods Enhanced Edition
65604	Gothic 3 Forsaken Gods Enhanced Edition
65605	Gothic 3 Forsaken Gods Enhanced Edition
65606	Gothic 3 Forsaken Gods Enhanced Edition
65611	ArcaniA: Fall of Setarrif
65612	ArcaniA: Fall of Setarrif
65613	ArcaniA: Fall of Setarrif
65614	ArcaniA: Fall of Setarrif
65615	ArcaniA: Fall of Setarrif
65616	ArcaniA: Fall of Setarrif
65701	Arma 2: British Armed Forces
65711	Pat & Mat
65721	Arma 2: Private Military Company
65731	Take On Helicopters
65733	Take On Helicopters
65734	Take On Helicopters
65735	Take On Helicopters
65741	Carrier Command: Gaea Mission
65761	Pound of Ground Demo
65781	Arma: Gold Edition
65791	Arma: Cold War Assault
65801	Dungeon Defenders
65802	Dungeon Defenders
65810	Dungeon Defenders
65811	Dungeon Defenders
65901	Sid Meier's Civilization V - Demo
65902	Sid Meier's Civilization V - Demo
65903	Sid Meier's Civilization V - Demo
65904	Sid Meier's Civilization V - Demo
65905	Sid Meier's Civilization V - Demo
65906	Sid Meier's Civilization V - Demo
65907	Sid Meier's Civilization V - Demo
65921	Borderlands GOTY / Borderlands DLC: Claptrap’s New Robot Revolution
65922	Borderlands GOTY
65951	NBA 2K11
65959	Borderlands GOTY
67001	The Polynomial
67002	The Polynomial
67011	The Polynomial - Demo
67012	The Polynomial - Demo
67201	Mafia II (data)
67202	Mafia II (data)
67203	Mafia II (data)
67204	Mafia II
67205	Mafia II (data)
67206	Mafia II (data)
67207	Mafia II (data)
67208	Mafia II (data)
67209	Mafia II (data)
67210	Mafia II (data)
67231	Mafia II (Classic)
67241	Mafia II (Classic data)
67242	Mafia II (data)
67243	Mafia II (data)
67244	Mafia II
67245	Mafia II (data)
67246	Mafia II (data)
67247	Mafia II (data)
67248	Mafia II (data)
67249	Mafia II (data)
67301	Mafia II (data)
67302	Mafia II (data)
67303	Mafia II (data)
67304	Mafia II
67305	Mafia II (data)
67306	Mafia II (data)
67307	Mafia II (data)
67308	Mafia II (data)
67309	Mafia II (data)
67311	Mafia II (data)
67312	Mafia II (data)
67313	Mafia II (data)
67371	The Darkness II
67372	The Darkness II
67373	The Darkness II
67374	The Darkness II
67375	The Darkness II
67376	The Darkness II
67377	The Darkness II
67378	The Darkness II
67380	The Darkness II
67381	The Darkness II
67382	The Darkness II
67383	The Darkness II
67384	The Darkness II
67385	The Darkness II
67391	Darksiders II
67681	Spec Ops: The Line
67682	Spec Ops: The Line
70001	Dino D-Day / Dino D-Day SDK / Dino D-Day - Dedicated Server
70002	Dino D-Day / Dino D-Day SDK
70003	Dino D-Day SDK
70101	Hacker Evolution
70111	Hacker Evolution - Untold
70112	Hacker Evolution - Untold
70121	Hacker Evolution Duality
70122	Hacker Evolution Duality
70131	Hacker Evolution - Demo
70141	Hacker Evolution: Untold - Demo
70142	Hacker Evolution: Untold - Demo
70201	Governor of Poker 2
70211	Governor of Poker 2: Premium Edition
70221	Governor of Poker 2 - Demo
70231	Governor of Poker 2: Premium Edition - Demo
70301	VVVVVV
70302	VVVVVV
70311	VVVVVV Demo
70312	VVVVVV Demo
70401	Recettear: An Item Shop's Tale
70402	Recettear: An Item Shop's Tale
70403	Recettear: An Item Shop's Tale
70411	Recettear: An Item Shop's Tale - Demo
70412	Recettear: An Item Shop's Tale - Demo
70413	Recettear: An Item Shop's Tale - Demo
70421	Chantelise
70422	Chantelise
70423	Chantelise
70431	Chantelise - Demo
70432	Chantelise - Demo
70433	Chantelise - Demo
70501	Diamond Dan
70502	Diamond Dan
70511	Diamond Dan - Demo
70512	Diamond Dan - Demo
70601	Worms Ultimate Mayhem
70603	Worms Ultimate Mayhem
70604	Worms Ultimate Mayhem
70605	Worms Ultimate Mayhem
70606	Worms Ultimate Mayhem
70607	Worms Ultimate Mayhem
70608	Worms Ultimate Mayhem
70609	Worms Ultimate Mayhem
70610	Worms Ultimate Mayhem
70611	Worms Ultimate Mayhem
70621	Worms Crazy Golf
70622	Worms Crazy Golf
70641	Worms
70651	Worms Blast
70661	Worms Pinball
70901	Star Ruler
70911	Star Ruler - Demo
71001	Evochron Mercenary
71101	Football Manager
71102	Football Manager (data)
71110	SEGA Mega Drive & Genesis Classics
71111	SEGA Mega Drive & Genesis Classics
71112	SEGA Mega Drive & Genesis Classics
71113	SEGA Mega Drive & Genesis Classics
71114	SEGA Mega Drive & Genesis Classics
71115	SEGA Mega Drive & Genesis Classics
71116	SEGA Mega Drive & Genesis Classics
71117	SEGA Mega Drive & Genesis Classics
71118	SEGA Mega Drive & Genesis Classics
71119	SEGA Mega Drive & Genesis Classics
71120	SEGA Mega Drive & Genesis Classics
71131	Football Manager
71141	Total War: Shogun 2
71142	Total War: Shogun 2 (data)
71143	Total War: Shogun 2
71144	Total War: Shogun 2 (data)
71160	SEGA Mega Drive & Genesis Classics
71161	SEGA Mega Drive & Genesis Classics
71162	SEGA Mega Drive & Genesis Classics
71163	SEGA Mega Drive & Genesis Classics
71164	SEGA Mega Drive & Genesis Classics
71165	SEGA Mega Drive & Genesis Classics
71166	SEGA Mega Drive & Genesis Classics
71167	SEGA Mega Drive & Genesis Classics
71168	SEGA Mega Drive & Genesis Classics
71181	Total War: Shogun 2
71182	Total War: Shogun 2 (data)
71183	Total War: Shogun 2
71184	Total War: Shogun 2 (data)
71185	Total War: Shogun 2 (data)
71186	Total War: Shogun 2 (data)
71187	Total War: Shogun 2 (data)
71188	Total War: Shogun 2 (data)
71189	Total War: Shogun 2 (data)
71190	Total War: Shogun 2 (data)
71191	Total War: Shogun 2 (data)
71192	Total War: Shogun 2 (data)
71201	Football Manager
71211	Total War: Shogun 2
71212	Total War: Shogun 2 (data)
71213	Total War: Shogun 2
71214	Total War: Shogun 2 (data)
71231	Crazy Taxi
71241	SEGA Bass Fishing
71251	Sonic Adventure DX
71261	Space Channel 5: Part 2
71271	Football Manager 2012
71272	Football Manager 2012
71273	Football Manager 2012
71274	Football Manager 2012 (data)
71275	Football Manager 2012 (data)
71281	Football Manager 2012 Demo
71282	Football Manager 2012 Demo
71291	Football Manager
71301	Football Manager 2012 Review
71302	Football Manager 2012 Review
71311	Football Manager 2012 Korean
71312	Football Manager 2012 Korean
71321	Football Manager 2012 Russian
71322	Football Manager 2012 Russian
71341	Sonic Generations
71391	Virtua Tennis 4
71401	Football Manager 2012 Editor
71411	Football Manager 2012 Resource Archiver
71421	London 2012: The Official Video Game of the Olympic Games
72201	Universe Sandbox Legacy
72301	Breach
72311	Breach - Dedicated Server
72401	Clones
72411	Clones Demo
72501	Arcadia
72502	Arcadia
72511	Arcadia - Demo
72521	Arcadia - Beta
72531	Arcadia Beta
72532	Arcadia Beta
72533	Arcadia Beta
72701	Fallout: New Vegas PCR
72702	Fallout: New Vegas / Fallout: New Vegas PCR
72703	Fallout: New Vegas / Fallout: New Vegas PCR
72704	Fallout: New Vegas / Fallout: New Vegas PCR
72705	Fallout: New Vegas PCR
72706	Fallout: New Vegas / Fallout: New Vegas PCR
72707	Fallout: New Vegas / Fallout: New Vegas PCR
72708	Fallout: New Vegas / Fallout: New Vegas PCR
72709	Fallout: New Vegas PCR
72710	Fallout: New Vegas / Fallout: New Vegas PCR
72711	Fallout: New Vegas / Fallout: New Vegas PCR
72712	Fallout: New Vegas / Fallout: New Vegas PCR
72713	Fallout: New Vegas PCR
72714	Fallout: New Vegas / Fallout: New Vegas PCR
72715	Fallout: New Vegas / Fallout: New Vegas PCR
72716	Fallout: New Vegas / Fallout: New Vegas PCR
72721	Fallout: New Vegas
72722	Fallout: New Vegas (data)
72723	Fallout: New Vegas (data)
72724	Fallout: New Vegas
72731	Fallout: New Vegas / Fallout New Vegas: Dead Money
72732	Fallout: New Vegas
72733	Fallout: New Vegas
72734	Fallout: New Vegas
72735	Fallout: New Vegas
72736	Fallout: New Vegas
72740	Fallout: New Vegas
72742	Fallout: New Vegas
72743	Fallout: New Vegas
72744	Fallout: New Vegas
72745	Fallout: New Vegas
72746	Fallout: New Vegas
72750	Fallout: New Vegas
72751	Fallout: New Vegas
72752	Fallout: New Vegas
72753	Fallout: New Vegas
72754	Fallout: New Vegas
72755	Fallout: New Vegas
72760	Fallout: New Vegas
72761	Fallout: New Vegas
72762	Fallout: New Vegas
72763	Fallout: New Vegas
72764	Fallout: New Vegas
72765	Fallout: New Vegas
72770	Fallout: New Vegas PCR
72771	Fallout: New Vegas PCR
72772	Fallout: New Vegas PCR
72773	Fallout: New Vegas PCR
72774	Fallout: New Vegas PCR
72782	Brink Dedicated Server
72840	Fallout: New Vegas
72841	Fallout: New Vegas
72842	Fallout: New Vegas
72843	Fallout: New Vegas
72844	Fallout: New Vegas
72845	Fallout: New Vegas
72851	The Elder Scrolls V: Skyrim
72852	The Elder Scrolls V: Skyrim
72853	The Elder Scrolls V: Skyrim / The Elder Scrolls V: Skyrim Preorder Ad App
72854	The Elder Scrolls V: Skyrim / The Elder Scrolls V: Skyrim Preorder Ad App
72855	The Elder Scrolls V: Skyrim / The Elder Scrolls V: Skyrim Preorder Ad App
72856	The Elder Scrolls V: Skyrim / The Elder Scrolls V: Skyrim Preorder Ad App
72857	The Elder Scrolls V: Skyrim / The Elder Scrolls V: Skyrim Preorder Ad App
72858	The Elder Scrolls V: Skyrim / The Elder Scrolls V: Skyrim Preorder Ad App
72859	The Elder Scrolls V: Skyrim / The Elder Scrolls V: Skyrim Preorder Ad App
72860	The Elder Scrolls V: Skyrim / The Elder Scrolls V: Skyrim Preorder Ad App
72861	The Elder Scrolls V: Skyrim / The Elder Scrolls V: Skyrim Preorder Ad App
72901	Winter Voices
72902	Winter Voices
72903	Winter Voices
72904	Winter Voices
72905	Winter Voices
72906	Winter Voices
72911	Winter Voices - Demo
73001	Lionheart - Kings' Crusade Demo
73002	Lionheart - Kings' Crusade Demo
73003	Lionheart - Kings' Crusade Demo
73004	Lionheart - Kings' Crusade Demo
73011	Cities in Motion
73012	Cities in Motion
73013	Cities in Motion
73014	Cities in Motion
73015	Cities in Motion
73016	Cities in Motion
73017	Cities in Motion
73021	Majesty 2 Collection
73022	Majesty 2 Collection
73023	Majesty 2 Collection
73024	Majesty 2 Collection
73030	Majesty 2 (data)
73031	Majesty 2 (data)
73032	Majesty 2 (data)
73033	Majesty 2 (data)
73034	Majesty 2 (data)
73041	Majesty 2
73042	Majesty 2
73043	Majesty 2
73051	Magicka - Demo
73052	Magicka - Demo
73053	Magicka - Demo
73061	Defenders of Ardania / Defenders of Ardania Demo
73071	Majesty 2
73072	Majesty 2
73073	Majesty 2
73081	Crusader Kings II
73085	Crusader Kings II
73086	Crusader Kings II (data)
73088	Crusader Kings II (data)
73089	Crusader Kings II (data)
73101	Dreamlords: Recurring
73151	Magicka
73152	Magicka (data)
73153	Magicka
73171	Darkest Hour: A Hearts of Iron Game
73180	Cities in Motion
73181	Cities in Motion
73182	Cities in Motion
73183	Cities in Motion
73184	Cities in Motion
73185	Cities in Motion
73186	Cities in Motion
73187	Cities in Motion
73188	Cities in Motion
73191	Pride of Nations
73192	Pride of Nations
73193	Pride of Nations
73194	Pride of Nations
73195	Pride of Nations
73201	Sengoku
73211	Sengoku
73221	Supreme Ruler Cold War
73231	Majesty Gold HD
78001	Bejeweled 3 / Bejeweled 3 Demo
78003	Bejeweled 3
78004	Bejeweled 3
78005	Bejeweled 3
78006	Bejeweled 3
78011	Bejeweled 3
78012	Bejeweled 3
78013	Bejeweled 3
78014	Bejeweled 3
78015	Bejeweled 3
80001	APOX
80002	APOX
80003	APOX
80004	APOX
80005	APOX
80006	APOX
80007	APOX
80008	APOX
80010	APOX
80021	APOX Demo
80201	Fate of the World
80202	Fate of the World
80203	Fate of the World
80204	Fate of the World
80205	Fate of the World
80206	Fate of the World
80207	Fate of the World
80221	Fate of the World (data)
80222	Fate of the World (data)
80301	Puzzle Bots
80311	Gemini Rue
80331	The Blackwell Legacy
80341	Blackwell Unbound
80351	Blackwell Convergence
80361	Blackwell Deception
80400	Puzzle Bots Trailer
80401	Blood Bowl Legendary Edition
80402	Blood Bowl Legendary Edition - French
80403	LEGO Universe
80408	Nimbus Trailer 1
80409	DogFighter - Mongoose
80410	DogFighter - The Old Gods
80411	AI War Children of Neinzul Trailer
80412	AI War New Trailer
80413	Dragon Age Origins Ultimate Edition Trailer
80414	Empire Earth Gold Trailer
80415	Empire Earth II Gold Trailer
80416	Empire Earth III Gold Trailer
80417	Free Running Trailer
80418	Lords of the Realm III Trailer
80419	James Bond - Blood Stone
80420	FS2011 Trailer
80421	German FS2011 Trailer
80422	Bloody Good Time Launch Trailer (DE)
80423	Bloody Good Time Launch Trailer (IT)
80424	Bloody Good Time Launch Trailer (ES)
80425	Bloody Good Time Launch Trailer (EN) PEGI
80426	Bloody Good Time Launch Trailer (FR)
80427	BIT.TRIP BEAT Trailer
80428	Dungeon Siege III Trailer 2
80429	Bejeweled 3 Trailer
80430	Pat & Mat Trailer
80431	Pound of Ground Trailer
80432	AlternativA Trailer
80433	Fish Fillets 2 Trailer
80434	Divinity II - The Dragon Knight Saga Trailer
80435	Guardians of Graxia Trailer
80436	Emergency 2012 Trailer
80437	Woody Two Legs (2)
80438	Poker Night at the Inventory Trailer
80439	Pound of Ground Trailer 2
80440	Men of War Assault Squad Trailer
80441	Railworks 2 Flying Scotsman Trailer
80442	Archon Classic Trailer
80443	Clones Trailer
80444	Alien Breed 3 Trailer
80445	Zen Bound 2 Trailer
80446	Blue Toad Murder Files Trailer
80447	The Witcher 2 Trailer
80448	naild Trailer
80449	Flight Control HD Trailer
80450	Ion Assault Trailer
80451	Dungeon Defenders Trailer
80452	Zombie Driver Blood Race Trailer
80453	The Witcher 2 Game Play Censored Trailer
80454	Power of Defense 1 Trailer
80455	Red Orchestra 2 - Heroes of Stalingrad
80456	Global Agenda (DE) Trailer
80457	Power of Defense Trailer
80458	System Protocol One Trailer
80459	Rift Trailer
80460	Emergency 2012 Trailer new
80461	ARMA2 PMC Trailer
80462	RUSH Trailer
80463	Diamon Dan ESRB Trailer
80464	CrimeCraft Bleedout Trailer
80465	Greed Corp Trailer
80466	Deus Ex Human Revolution Gameplay Trailer
80467	Battlefield Bad Company 2 - VIP Map Pack 7
80468	Test Drive Unlimited 2 ESRB Trailer
80469	Test Drive Unlimited 2 PEGI Trailer
80470	Homefront - Dev Diary 2
80471	Homefront - Dev Diary 1 (ESRB)
80472	Homefront - Dev Diary 1 (German)
80473	HF - Dev Diary 1 (French)
80474	Homefront - Dev Diary 1 (Spanish)
80475	Killing Floor Christmas 2010 Trailer
80476	Dungeon Trailer
80477	The First Templar - Trailer
80478	Monday Night Combat Trailer
80485	Doc Clock Trailer 1.1
80486	Deus Ex Human Revolution Extended Cut (EN) (PEGI)
80487	Deus Ex Human Revolution Extended Cut (ES)
80488	Deus Ex Human Revolution Extended Cut (FR)
80489	Deus Ex Human Revolution Extended Cut (IT)
80490	Deus Ex Human Revolution Extended Cut (RU)
80491	Deus Ex Human Revolution Extended Cut (EN) (ESRB)
80492	Serious Christmas Trailer
80493	Civ V DLC
80494	Dive to the Titanic Trailer
80495	Munchs Oddysee Trailer
80496	Strangers Wrath Trailer
80497	Back to the Future Trailer
80498	Clickr Trailer
80500	Neverwinter Nights 2 Trailer
80501	NWN2 - Mask of the Betrayer Trailer
80502	Kaptain Brawe Trailer
80503	Ride Em Low Trailer
80504	ARES Trailer
80505	Two Worlds II Trailer
80506	Two Worlds II Trailer PEGI
80507	Two Worlds II Trailer ESRB
80508	Drawn The Painted Tower Trailer
80509	Drawn The Painted Tower Intro Trailer
80510	Gratuitous Space Battle Galactic Conquest Trailer
80511	Homefront - Dev Diary  3
80512	Dragon Age 2 - Rise To Power
80513	Dragon Age 2 - Destiny
80514	APOX Trailer
80515	Home Front Developer Diary 3
80516	A.R.E.S. Extinction Agenda Trailer
80517	Zeit2 Dev Diary
80518	Mishap 2 Commercial
80519	Mishap 2 Intro Trailer
80520	Total War Shogun 2 - Music Dev Diary UK (EN)
80521	Total War Shogun 2 - Music Dev Diary (ES)
80522	Total War Shogun 2 - Music Dev Diary (IT)
80523	Total War Shogun 2 - Music Dev Diary (DE)
80524	Total War Shogun 2 - Music Dev Diary (FR)
80525	Total War Shogun 2 - Music Dev Diary AU (EN)
80526	Total War Shogun 2 - Gameplay UK (EN)
80527	Total War Shogun 2 - Gameplay (RU)
80528	Total War Shogun 2 - Gameplay (PL)
80529	Total War Shogun 2 - Gameplay (IT)
80530	Total War Shogun 2 - Gameplay (FR)
80531	Total War Shogun 2 - Gameplay (ES)
80532	Total War Shogun 2 - Gameplay (DE)
80533	Total War Shogun 2 - Gameplay AU (EN)
80534	Total War Shogun 2 - Battle Report (IT)
80535	Total War Shogun 2 - Battle Report (FR)
80536	Total War Shogun 2 - Battle Report (ES)
80537	Total War Shogun 2 - Battle Report UK (EN)
80538	Total War Shogun 2 - Battle Report AU (EN)
80539	Total War Shogun 2 - Battle Report (DE)
80540	Total War Shogun 2 - Gameplay (SPA)
80541	Total War Shogun 2 - Assassination UK (EN)
80542	Total War Shogun 2 - Assassination (IT)
80543	Total War Shogun 2 - Assassination (FR)
80544	Total War Shogun 2 - Assassination (ES)
80545	Total War Shogun 2 - Assassination (DE)
80546	Total War Shogun 2 - Assassination AU (EN)
80547	Total War Shogun 2 - Announcement (IT)
80548	Total War Shogun 2 - Announcement (FR)
80549	Total War Shogun 2 - Announcement (ES)
80550	Total War Shogun 2 - Announcement UK (EN)
80551	Total War Shogun 2 - Announcement AU (EN)
80552	Total War Shogun 2 - Announcement (DE)
80553	Total War Shogun 2 - Story (RU)
80554	Total War Shogun 2 - Story (IT)
80555	Total War Shogun 2 - Story (FR)
80556	Total War Shogun 2 - Story (ES)
80557	Total War Shogun 2 - Story US (EN)
80558	Total War Shogun 2 - Story UK (EN)
80559	Total War Shogun 2 - Story AU (EN)
80560	Total War Shogun 2 - Story (DE)
80561	Secret of the Magic Crystals Trailer
80562	EVE Online - Incursion
80563	Crasher Trailer
80564	Whos that flying 1 Trailer
80565	EU3 Divine Wind Trailer1
80566	EU3 Divine Wind Trailer2
80567	Magicka Trailer
80568	Dead Space 2 Trailer
80569	Dead Space 2 Gameplay Trailer
80570	Trino Trailer
80571	Test Movie 2 Electric Boogaloo
80572	The Sims 3 Trailer
80573	The Sims 3 World Adventures Trailer
80574	The Sims 3 Ambitions Trailer
80575	The Sims 3 Late Night Trailer
80576	The Sims 3 High End Loft Stuff Trailer
80577	The Sims 3 Fast Lane Stuff Trailer
80578	Breach Trailer
80579	Breach Gadgets Trailer
80580	MNC Launch Trailer
80581	Space Rangers 2 Trailer
80582	ShipSim Sigita DLC
80583	Rift PvP Trailer
80584	King Arthur Druids Trailer
80585	King Arthur Druids Trailer 2
80586	Doc Clock Gameplay Review
80589	Gratuitous Space Battles Galactic Conquest Trailer
80590	AI War Lite of the Spire Trailer
80591	Assassins Creed 2 ESRB Trailer
80592	Bloody Good Time ESRB Trailer
80593	Monday Night Combat Crossfire Trailer
80594	Monday Night Combat LaseRazor Trailer
80595	Monday Night Combat AmmoMule Trailer
80596	You Dont Know Jack 2 Trailer
80597	Atom Zombie Smasher Trailer
80598	Deus Ex Human Revolution - Adam Jensen (EN) (ESRB)
80599	Deus Ex Human Revolution - Adam Jensen (ES)
80600	Deus Ex Human Revolution - Adam Jensen (RU)
80601	Deus Ex Human Revolution - Adam Jensen (IT)
80602	Deus Ex Human Revolution - Adam Jensen (DE)
80603	Deus Ex Human Revolution - Adam Jensen (FR)
80604	Deus Ex Human Revolution - Adam Jensen (EN) (PEGI)
80605	Crasher Launch Trailer
80606	Cities in Motion Trailer
80607	Zeit2 Trailer
80608	Space Chem Trailer
80609	Space Chem How To Trailer
80610	Total War SHOGUN 2 - CGI Intro (EN) (PEGI
80611	Total War SHOGUN 2 - CGI Intro (EN) (ESRB)
80612	Total War SHOGUN 2 - CGI Intro (RU)
80613	Total War SHOGUN 2 - CGI Intro (DE)
80614	Total War SHOGUN 2 - CGI Intro (IT)
80615	Total War SHOGUN 2 - CGI Intro (FR)
80616	Total War SHOGUN 2 - CGI Intro (EN) (OFLC)
80617	Total War SHOGUN 2 - CGI Intro (ES)
80618	Total War SHOGUN 2 - CG Intro (EN) (PEGI)
80619	Total War SHOGUN 2 - CG Intro (DE)
80620	Total War SHOGUN 2 - CG Intro (ES)
80621	Total War SHOGUN 2 - CG Intro (FR)
80622	Total War SHOGUN 2 - CG Intro (IT)
80623	Total War SHOGUN 2 - CG Intro (EN) (OFLC)
80624	Dungeon Siege III Loyalty Trailer
80625	Total War SHOGUN 2 - CG Intro (ENG) (OFLC)
80626	Total War SHOGUN 2 - CG Intro (ESP)
80627	You Dont Know Jack PC Trailer
80628	Homefront Resistance Trailer
80629	Majesty 2 Monster Kingdom Gameplay
80630	Lineage 2 High Five Trailer
80631	Majesty 2 Monster Kingdom Trailer
80632	Crasher New Launch Trailer
80633	Portal 2 Valentines
80634	CreaVures Trailer
80635	HOARD Trailer
80636	Agricultural Simulator 2011
80637	Majesty 2 Battles of Ardania Trailer
80638	Majesty 2 Battles of Ardania Release Trailer
80639	Back to the Future Ep 2 Trailer
80640	Drakensang The River of Time Trailer
80641	Dead Island Trailer
80642	Assassins Creed Brotherhood - Multiplayer
80643	Assassins Creed Brotherhood - Story
80644	Painkiller Redemption Trailer
80648	Cloning Clyde Trailer
80649	Proto Defense Trailer
80650	BUTTON Trailer
80651	Sanctum Trailer
80652	Dreamcast Collection Trailer
80653	FNV DLC - Dead Money
80654	FNV Dead Money - DLC
80655	BIT.TRIP RUNNER Trailer
80656	Detour Trailer
80657	Fate of the World Trailer
80658	Dreamcast Collection Trailer (EN) (ESRB)
80659	Dreamcast Collection Trailer (IT)
80660	Dreamcast Collection Trailer (EN) (OFLC)
80661	Dreamcast Collection Trailer (ES)
80662	Dreamcast Collection Trailer (FR)
80663	Dreamcast Collection Trailer (DE)
80664	Dreamcast Collection Trailer (EN) (PEGI)
80665	Total War Shogun 2 - Announcement U.S. (EN)
80666	Total War Shogun 2 - Assassination U.S. (EN)
80667	Total War Shogun 2 - Music Dev Diary U.S. (EN)
80668	Total War Shogun 2 - Story U.S. (EN)
80669	Total War Shogun 2 - Gameplay U.S. (EN)
80670	ARMA II - CDF Trailer (ESRB)
80671	ARMA II - ChDKZ Trailer (ESRB)
80672	ARMA II - Civilian Trailer (ESRB)
80673	ARMA II - NAPA Trailer (ESRB)
80674	ARMA II - Russian Trailer (ESRB)
80675	ARMA II Trailer (ESRB)
80676	ARMA II - USMC Trailer (ESRB)
80677	Dungeon Siege III Gameplay Trailer
80678	Video (trailer)
80679	Gothic 3 Forsaken Gods Trailer
80680	IL-2 Sturmovik - Cliffs of Dover
80681	Magicka Vietnam Trailer
80682	Civ V Polynesia Trailer
80683	Brink Gameplay Weapons Trailer
80684	Homefront TV Spot
80685	Revenge of the Titans trailer
80686	Brink Podcast 4
80687	Homefront Multiplayer Trailer
80688	Shadow Harvest Trailer
80689	DOW2 Retribution Release Trailer
80690	Garshasp Trailer
80691	PAM Trailer
80692	Might & Magic Heroes VI Trailer
80694	Fractal Trailer
80696	Darkspore French Trailer / Darkspore
80697	Darkspore German Trailer / Darkspore
80698	Darkspore English Trailer / Darkspore
80699	Darkspore Russian Trailer / Darkspore
80700	Darkspore Polish Trailer / Darkspore
80702	Battle Los Angeles Trailer
80703	Homefront Launch Trailer
80704	Homefront History Trailer
80705	LEGO Star Wars III The Clone Wars Trailer
80706	Post Apocalyptic Mayhem Trailer
80707	PAM Logger Intro
80708	PAM Space Cowboy Intro
80709	PAM Childhood Intro
80710	Theatre of War Korea Trailer
80711	Video (trailer)
80712	Video (trailer)
80713	Video (trailer)
80714	Video (trailer)
80715	Video (trailer)
80716	Video (trailer)
80717	Video (trailer)
80718	Video (trailer)
80719	Video (trailer)
80720	Dirt 3 Trailer DE
80721	Dirt 3 Trailer ES
80722	Dirt 3 Trailer FR
80723	Dirt 3 Trailer IT
80724	Dirt 3 Trailer French
80725	Dirt 3 Trailer UK
80726	Dirt 3 Trailer US
80727	Dirt 3 Keep it Real DE
80728	Dirt 3 Keep it Real ES
80729	Dirt 3 Keep it Real FR
80730	Dirt 3 Keep it Real IT
80731	Dirt 3 Keep it Real UK
80732	Dirt 3 Keep it Real US
80733	Red River Trailer US
80734	Red River Trailer GR
80735	Red River Trailer FR
80736	Red River Trailer UK
80737	HOARD ESRB Trailer
80738	Call of Duty - Black Ops Firsk Strike Trailer
80739	Portal 2 - Panels Short (English)
80740	Portal 2 - Panels Short (French)
80741	Portal 2 - Panels Short (german)
80742	Portal 2 - Panels Short (Russian)
80743	Video (trailer)
80744	Video (trailer)
80745	Dirt 3 Teaser Trailer ESRB
80746	Dirt 3 Teaser Trailer PEGI
80747	Portal 2 - Bot Trust Short (English)
80748	Portal 2 - Bot Trust Short (French)
80749	Portal 2 - Bot Trust Short (German)
80750	Portal 2 - Bot Trust Short (Russian)
80751	Kick It
80752	Portal 2 Turrets
80753	Portal 2 Turrets (German)
80754	Portal 2 Turrets (Russian)
80755	Portal 2 Turrets (French)
80756	Anomaly Warzone Earth Trailer
80757	STCC The Game 2 Trailer
80758	Gothic 3 Forsaken Gods Enhanced Edition Trailer
80759	GT Power Pack Trailer
80760	Garshasp - The Monster Slayer Trailer
80761	Magicka Vietnam Release Trailer
80762	Portal 2 - Boots Short (English)
80763	Portal 2 - Boots Short (French)
80764	Portal 2 - Boots Short (German)
80765	Portal 2 - Boots Short (Russian)
80766	Next Big Thing ESRB
80767	Next Big Thing French
80768	The Ball Portal
80769	BIT.TRIP.PORTAL
80770	Kick It Portal
80771	Global Agenda Free-to-Play
80773	Runaway Twist of Fate Trailer
80774	SSF IV AE Yun vs. Yang Gameplay
80775	SSF IV AE Evil Ryu vs. Oni Gameplay
80777	BIT.TRIP BEAT GLaDOS Invasion
80778	Section 8 Prejudice Trailer
80779	Armada 2526 Trailer
80780	Scratches Trailer
80781	Dungeon Siege III - Reinhart Trailer
80782	Dungeon Siege III - Katarina Trailer
80783	Dungeon Siege III - Lucas Trailer
80784	Section 8 Prejudice PC launch Trailer
80785	Fable III Announce Trailer
80786	Fable III Opening Trailer
80787	Red Faction Armageddon - Kara Trailer
80788	Portal 2 - Launch TV Ad
80790	Majesty 2 Collection Trailer
80791	The Tiny Bang Story Trailer
80792	Cargo Trailer
80793	Hydrophobia Prophecy Trailer
80794	Your Doodles Are Bugged Trailer
80795	Monday Night Combat Tullys Trailer
80796	Dino D-Day Trailer 2
80797	Space Marine Developer Diary 1
80798	Saints Row The Third First Gameplay Trailer
80799	DCS A10C Warthog Trailer
80800	Anno 2070 Trailer
80801	Magicka Marshlands Trailer
80802	Still Life Trailer
80803	Still Life 2 Trailer
80804	Super Street Fighter IV Arcade Edition Trailer
80805	Fable III - Video Documentary (ESRB)
80806	Fable III - Video Documentary
80807	Fable III - Video Documentary (PEGI)
80808	Hydrophobia Prophecy Launch Trailer
80809	Hector Episode One Trailer
80810	Capsized Trailer
80811	The First Templar Gameplay Trailer
80812	The First Templar Gameplay Trailer PEGI
80813	Inside a Star-Filled Sky Trailer
80814	Dinner Date Trailer
80815	Nuclear Dawn Spring Teaser trailer
80816	Capsized Release Trailer
80817	Back to the Future Episode 4 Trailer
80819	EYE Trailer
80820	BEEP
80821	Dwarfs Trailer
80822	Portal 2 Remix Trailer
80823	Vertex Dispenser
80824	Civ V DLC Denmark Trailer
80825	Civ V DLC Explorers Map Pack Trailer
80826	RFA Infestation Trailer
80827	Syberia Trailer
80828	Syberia II Trailer
80830	Red Faction Armageddon Kara Trailer
80831	Civ V DLC - Denmark Trailer
80832	Civ V DLC - Explorers Map Pack Trailer
80833	Vertex Dispenser Trailer
80834	Deus Ex Human Revolution HUD
80835	Deus Ex Human Revolution - 3 Ways to Play
80836	Deus Ex Human Revolution AMD Eyefinity
80837	Fortix 2 Trailer
80838	Steel Storm Burning Retribution Trailer
80839	Lume Trailer
80840	WTCC 2010 Expansion
80843	Runespell Overture Teaser
80844	Call of Duty Black Ops - Call of the Dead Trailer
80845	Video (trailer)
80846	Video (trailer)
80847	Video (trailer)
80848	Video (trailer)
80849	AVA Prison Break
80850	AVA Death Valley
80851	Star Raiders ESRB Trailer
80852	Sanctum Glade Trailer
80853	Star Raiders Trailer
80854	PAM DLC Pack Trailer
80855	APOX Legend Trailer
80856	Final Fantasy XI Ultimate Collection - Abyssea Edition (FR)
80857	Final Fantasy XI Ultimate Collection - Abyssea Edition (DE)
80858	Final Fantasy XI Ultimate Collection - Abyssea Edition
80859	Terraria Trailer
80860	iBomber Defense Trailer
80861	FFXI Ultimate Collection - Abyssea Edition (EN) (ESRB)
80862	FFXI Ultimate Collection - Abyssea Edition (DE) (USK)
80863	FFXI Ultimate Collection - Abyssea Edition (FR) (PEGI)
80864	FFXI Ultimate Collection - Abyssea Edition (EN) (PEGI)
80865	Dead Island - Tragedy Hits Paradise (PEGI)
80866	Dungeon Siege III - Anjali Trailer
80867	Dead Island - Tragedy Hits Paradise (ESRB)
80868	Spiral Knights Announcement Trailer
80869	Shattered Horizon Last Stand Trailer
80870	King Arthur Collection Trailer
80871	ARMA II Eagle Wing Trailer
80872	Ancients of Ooga Trailer
80873	Ancients of Ooga Trailer 2
80874	The Witcher 2 Developer Diary 2.1
80875	Detour Launch Trailer
80876	Battle vs. Chess Trailer
80877	Red Faction Armageddon Breaking the Seal Trailer
80878	Naval Warfare Trailer
80879	The Witcher 2 Hope Trailer
80880	The Witcher 2 Hope Release Trailer
80881	Call of Juarez The Cartel PEGI Trailer
80882	Call of Juarez The Cartel Trailer
80883	Frozen Synapse Trailer
80885	Sims 3 Generations DLC Trailer
80886	Razer Hydra Motion Controller With Portal 2
80887	Razer Hydra Motion Controller in Portal 2
80888	Serious Sam 3 BFE Teaser Trailer
80889	Metro Last Light Teaser Trailer
80890	Hamilton's Great Adventure Trailer
80891	Ghostbusters Sanctum of Slime DLC Trailer
80892	Ghostbusters Sanctum of Slime DLC PEGI Trailer
80893	E.Y.E Divine Cybermancy - Rotten Mound Trailer
80894	E.Y.E Divine Cybermancy - MOTRA Trailer
80895	Trainz Simulator 12
80896	LIMBO Trailer
80897	Might & Magic Heroes VI Beta Trailer
80898	Might & Magic Heroes VI Beta PEGI Trailer
80899	Video (trailer)
80900	Dead Island - Begins (ESRB)
80901	Dead Island - Begins (PEGI)
80902	Hacker Evolution Duality Trailer
80903	Jamestown Trailer
80904	Pride of Nations Trailer
80905	Saints Row: The Third Announcement Trailer
80906	Tropico 4 Coming Soon Trailer
80907	Forsaken World Trailer
80908	Sanctum Facility Trailer
80909	The Cat and the Coup Trailer
80910	Solar 2 Trailer
80911	STORM Frontline Nation Trailer
80912	Critical Mass Trailer
80913	Gods and Heroes Rome Rising Trailer
80914	Champions Online Free for All Trailer
80915	Beat Hazard Ultra Trailer
80916	Razer Hydra - Portal Surfing
80917	Frozen Synapse MP Trailer
80918	Magicka PVP Trailer
80919	The Witcher 2 Trailer Russian
80920	Gods and Heroes Rome Rising Trailer 2
80921	Back to the Future Episode 5 Trailer
80922	Supreme Ruler 2020 Gold Trailer
80923	Team Fortress 2: Meet the Medic
80924	Team Fortress 2 Free to Play
80925	Trapped Dead Trailer
80926	AVA Infection trailer
80927	Hearts of Iron III For the Motherland Trailer
80928	Puzzle Agent 2 Trailer
80929	Killing Floor Summer Sideshow
80930	Rock of Ages - Humor Trailer
80931	Rock of Ages - PowerUps Trailer
80932	Rock of Ages - Rolling through the Ages Trailer
80933	Air Conflicts - Secret Wars Trailer
80934	Rift Hammerknell Trailer
80936	Sanctum 4-player Trailer
80937	Dungeons of Dreadmor Trailer
80938	Call of Duty - Black Ops Annihilation Trailer
80939	Breath of Death VII Trailer
80940	Cthulhu Saves the World Trailer
80941	Driver San Francisco Trailer
80942	Space Marine Chaos Revealed Trailer
80943	Space Marine Combat System
80944	Lucid Gameplay Trailer
80945	Defy Gravity Trailer
80946	War Inc. Battlezone Trailer
80947	Tobe's Vertical Adventure Trailer
80948	Legend of Fae Trailer
80949	Saints Row: The Third Story Trailer
80950	Space Pirates and Zombies Trailer
80951	Mount and Blade - With Fire and Sword Trailer
80952	Mount and Blade - Warband Trailer
80953	Saints Row: The Third Developer Commentary Trailer
80954	From Dust Trailer
80955	Chantelise Trailer
80956	Nancy Drew Secrets Can Kill Trailer
80957	Nancy Drew Trail of the Twister Trailer
80958	Stronghold 3 Trailer
80959	Serious Sam 3 Headless Kamikaze Trailer
80960	Renegade Ops - Gameplay Trailer (PEGI)
80961	Renegade Ops - Gameplay Trailer (USK)
80962	Renegade Ops - Gameplay Trailer (OFLC)
80963	Renegade Ops - Gameplay Trailer (ESRB)
80964	Renegade Ops - Teaser Trailer (OFLC)
80965	Renegade Ops - Teaser Trailer (PEGI)
80966	Renegade Ops - Teaser Trailer (USK)
80967	Metal Drift Game Play Trailer
80968	Jagged_Alliance_BIA_ESRB
80969	Martino test 2
80970	Jagged Alliance BIA Trailer (PEGI)
80971	Gundemonium ReCollection Trailer
80972	E.Y.E. Divine Cybermancy Gameplay Trailer 2
80973	Nancy Drew Captive Curse Trailer
80974	Dead Horde Trailer
80975	Fallout New Vegas: Old World Blues
80976	Renegade Ops - Game Modes (ESRB)
80977	Renegade Ops - Game Modes (OFLC)
80978	Renegade Ops - Game Modes (DE) (USK)
80979	Renegade Ops - Game Modes (FR) (PEGI)
80980	Renegade Ops - Game Modes (EN) (PEGI)
80981	Renegade Ops - Game Modes (IT) (PEGI)
80982	Renegade Ops - Game Modes (EN-UK) (PEGI)
80983	Renegade Ops - Game Modes (ES) (PEGI)
80984	Renegade Ops - Game Modes (EN)
80985	Nuclear Dawn Resources Tutorial
80986	From Dust ESRB Trailer
80987	Dino D-Day Video
80988	Pirates of Black Cove Teaser
80989	Supreme Ruler: Cold War Trailer
80990	Metro Last Light E3 Demo Trailer
80991	Pirates of Black Cove Trailer
80992	From Dust Launch Trailer
80993	Space Marine Cinematic Trailer
80994	Aion: Assault on Balaurea Trailer
80995	TRAUMA Trailer
80996	Bastion Trailer
80997	The Clockwork Man Trailer
80998	Quake 4 Trailer
80999	Doom 3 Trailer
81000	Worms Ultimate Mayhem Trailer
81001	Space Marine Multiplayer Trailer
81002	Red Faction Armageddon Path to War Trailer
81003	Doom 3 Trailer 2
81004	Doom 3 Trailer 3
81005	Doom 3 Trailer 1
81006	Storm Official Trailer
81007	Doom 3 Final Trailer
81008	Hard Reset Teaser
81009	Ignite Teaser
81010	Wasteland Angel Teaser
81011	Hitogata Happa Trailer
81012	GundeadiGne Trailer
81013	Rage Trailer
81014	Civilization V - Korea DLC PEGI
81015	Civilization V - Ancient World DLC ESRB
81016	Civilization V - Ancient World DLC PEGI
81017	Civilization V - Korea DLC ESRB
81018	Deus Ex Purity First Trailer
81019	The Baconing Trailer
81020	EDGE Trailer
81021	Avadon: The Black Fortress Trailer
81022	Nuclear Dawn Trailer_1
81023	Space Marine Developer Diary 3
81024	Rage - Blake Griffin
81025	Rage - Making of Wasteland
81026	Dota 2 Teaser
81027	Red Orchestra 2 Remembering Trailer
81028	Blocks That Move - Trailer 2
81029	Rage - Making of Legacy
81030	Rage - Making of Arsenal
81031	Dota2 Gamescom Trailer
81032	Call of Duty Modern Warfare 3 Reveal Trailer
81035	Football Manager 2012 Adaptable Layout Video
81037	Dead Rising 2 - Off the Record Gameplay Trailer
81038	Dead Rising 2 - Off the Record Electric Crusher Trailer
81040	The Baconing Gameplay Trailer
81041	Alien Hallway Trailer
81042	Bunch of Heroes Trailer
81043	Hard Reset Trailer
81044	Gundemonium Recollection Promo Trailer
81045	Rugby Challenge Trailer
81046	Rock of Ages - Rock Beats Everything Trailer
81047	Saints Row: The Third Luchadores Trailer
81048	F1 2011 Trailer Pegi
81049	F1 2011 Dev Diary 2 ESRB
81050	F1 2011 Dev Diary 2 PEGI
81051	F1 2011 Trailer ESRB
81052	F1 2011 Dev Diary 1 ESRB
81053	F1 2011 Dev Diary 1 PEGI
81054	Crimecraft: Bleedout Gameplay Trailer
81055	Crimecraft: Bleedout Accolades Trailer
81056	Crimecraft: Bleedout Episodic Trailer
81110	A Game of Thrones-Genesis Trailer
90001	Hegemony: Philip of Macedon
90101	Hegemony: Philip of Macedon / Hegemony: Philip of Macedon - Demo
90102	Hegemony: Philip of Macedon
90201	Farming Simulator 2011
90202	Farming Simulator 2011
90203	Farming Simulator 2011
90207	Farming Simulator 2011
90208	Farming Simulator 2011
90209	Farming Simulator 2011
90210	Farming Simulator 2011
90401	Blue Toad Murder Files - The Mysteries of Little Riddle
90411	Blue Toad Murder Files: The Mysteries of Little Riddle - Demo
90501	Guardians of Graxia
90502	Guardians of Graxia
90503	Guardians of Graxia
90504	Guardians of Graxia
90521	Guardians Of Graxia Demo
90531	Battle for Graxia
90601	Company of Heroes
90801	Crasher / Crasher Demo
90802	Crasher
91101	SkyDrift
91104	SkyDrift
91106	SkyDrift
91111	SkyDrift Demo
91201	Anomaly Warzone Earth
91202	Anomaly Warzone Earth
91211	Anomaly Warzone Earth Demo
91212	Anomaly Warzone Earth Demo
91311	Dead Island
91312	Dead Island
91313	Dead Island
91314	Dead Island
91315	Dead Island
91316	Dead Island
91317	Dead Island
91318	Dead Island
91331	Iron Front : Liberation 1944
91332	Iron Front : Liberation 1944
91341	Dead Island
91342	Dead Island
91343	Dead Island
91345	Dead Island
91346	Dead Island
91347	Dead Island
91348	Dead Island
91601	Sanctum
91602	Sanctum
91604	Sanctum: Official Soundtrack
91605	Sanctum
91606	Sanctum
91607	Sanctum
91609	Sanctum
91611	Sanctum - Demo
91613	Sanctum
91614	Sanctum
91615	Sanctum
91616	Sanctum
91618	Sanctum (data)
91630	Sanctum
91631	Sanctum
91632	Sanctum
91633	Sanctum
91634	Sanctum
91635	Sanctum
91636	Sanctum
91637	Sanctum
91638	Sanctum
91639	Sanctum
91640	Sanctum
91701	E.Y.E: Divine Cybermancy
91702	E.Y.E - Dedicated Server
91801	Cloning Clyde
91811	Ancients of Ooga
91812	Ancients of Ooga
91821	Cloning Clyde Demo
91831	Ancients of Ooga - Demo
91832	Ancients of Ooga - Demo
91901	Post Apocalyptic Mayhem
91902	Post Apocalyptic Mayhem
91903	Post Apocalyptic Mayhem
91904	Post Apocalyptic Mayhem
91905	Post Apocalyptic Mayhem
91906	Post Apocalyptic Mayhem
91907	Post Apocalyptic Mayhem
91908	Post Apocalyptic Mayhem
91909	Post Apocalyptic Mayhem
91911	Post Apocalyptic Mayhem
91920	Post Apocalyptic Mayhem
91921	Post Apocalyptic Mayhem
91922	Post Apocalyptic Mayhem
91923	Post Apocalyptic Mayhem
91924	Post Apocalyptic Mayhem
91925	Post Apocalyptic Mayhem
91926	Post Apocalyptic Mayhem
91927	Post Apocalyptic Mayhem
91928	Post Apocalyptic Mayhem
91930	Post Apocalyptic Mayhem
91931	Post Apocalyptic Mayhem
91932	Post Apocalyptic Mayhem
91933	Post Apocalyptic Mayhem
91934	Post Apocalyptic Mayhem
91935	Post Apocalyptic Mayhem
91936	Post Apocalyptic Mayhem
91937	Post Apocalyptic Mayhem
91938	Post Apocalyptic Mayhem
92001	Hydrophobia: Prophecy
92101	DETOUR
92201	Gundemonium Recollection
92202	Gundemonium Recollection
92203	Gundemonium Recollection
92204	Gundemonium Recollection
92205	Gundemonium Recollection
92211	Hitogata Happa
92212	Hitogata Happa
92213	Hitogata Happa
92214	Hitogata Happa
92215	Hitogata Happa
92221	GundeadliGne
92222	GundeadliGne
92223	GundeadliGne
92224	GundeadliGne
92225	GundeadliGne
92231	Gundemonium Recollection Demo
92232	Gundemonium Recollection Demo
92233	Gundemonium Recollection Demo
92234	Gundemonium Recollection Demo
92235	Gundemonium Recollection Demo
92241	Hitogata Happa Demo
92242	Hitogata Happa Demo
92243	Hitogata Happa Demo
92244	Hitogata Happa Demo
92245	Hitogata Happa Demo
92251	GundeadliGne Demo
92252	GundeadliGne Demo
92253	GundeadliGne Demo
92254	GundeadliGne Demo
92255	GundeadliGne Demo
92301	A.R.E.S.
92303	A.R.E.S.
92311	A.R.E.S. - Demo
92401	B.U.T.T.O.N.
92501	PC Gamer
92502	PC Gamer
92503	PC Gamer
92504	PC Gamer
92505	PC Gamer
92506	PC Gamer
92507	PC Gamer
92508	PC Gamer
92601	Xotic
92620	Xotic
92621	Xotic
92622	Xotic
92701	Shadow Harvest: Phantom Ops
92702	Shadow Harvest: Phantom Ops
92703	Shadow Harvest: Phantom Ops
92704	Shadow Harvest: Phantom Ops
92705	Shadow Harvest: Phantom Ops
92706	Shadow Harvest: Phantom Ops
92707	Shadow Harvest: Phantom Ops
92708	Shadow Harvest: Phantom Ops
92709	Shadow Harvest: Phantom Ops
92801	SpaceChem
92802	SpaceChem
92811	SpaceChem - Demo
92812	SpaceChem - Demo
92901	Agricultural Simulator 2011: Extended Edition
93201	Revenge of the Titans
93203	Revenge of the Titans
93204	Revenge of the Titans
93205	Revenge of the Titans
94001	Dinner Date
94201	Jamestown
94202	Jamestown
94203	Jamestown
94204	Jamestown
94301	The Dream Machine
94302	The Dream Machine
94303	The Dream Machine
94501	Back to the Future: Ep 2 - Get Tannen!
94502	Back to the Future: Ep 2 - Get Tannen!
94511	Back to the Future: Ep 3 - Citizen Brown
94512	Back to the Future Ep 3 (data)
94513	Back to the Future Ep 3 (data)
94514	Back to the Future: Ep 3 - Citizen Brown
94521	Back to the Future: Ep 4 - Double Visions
94522	Back to the Future: Ep 4 - Double Visions
94531	Back to the Future: Ep 5 - OUTATIME
94532	Back to the Future: Ep 5 - OUTATIME
94591	Puzzle Agent 2
94592	Puzzle Agent 2
94601	Hector: Ep 1
94602	Hector: Ep 1
94611	Hector: Ep 2
94612	Hector: Ep 2
94621	Hector: Ep 3
94622	Hector: Ep 3
95301	Capsized
95302	Capsized
95311	Capsized - Demo
95501	Your Doodles Are Bugged!
95502	Your Doodles Are Bugged!
95511	Your Doodles Are Bugged! - Demo
95701	The Cat and the Coup
95901	Air Conflicts - Secret Wars
95902	Air Conflicts - Secret Wars
95903	Air Conflicts - Secret Wars
95904	Air Conflicts - Secret Wars
95905	Air Conflicts - Secret Wars
95906	Air Conflicts - Secret Wars
96001	The Tiny Bang Story
96002	The Tiny Bang Story
96005	The Tiny Bang Story
96011	The Tiny Bang Story - Demo
96012	The Tiny Bang Story Demo (data)
96015	The Tiny Bang Story - Demo
96105	Defy Gravity
96201	Steel Storm: Burning Retribution
96202	Steel Storm: Burning Retribution
96401	Somerville
96402	Shoot Many Robots
96801	Nexuiz / Nexuiz Demo
96802	Nexuiz Dedicated Server
96803	Nexuiz
97001	Solar 2 / Solar 2 - Demo
97101	Section 8: Prejudice
97102	Section 8: Prejudice
97103	Section 8: Prejudice
97104	Section 8: Prejudice
97105	Section 8: Prejudice
97106	Section 8: Prejudice
97107	Section 8: Prejudice
97108	Section 8: Prejudice
97111	Kohan: Immortal Sovereigns
97121	Kohan: Ahriman's Gift
97131	Kohan II: Kings of War
97328	Magic: The Gathering — Duels of the Planeswalkers 2012
97331	Magic: The Gathering - Duels of the Planeswalkers 2013
97341	Magic: The Gathering - Duels of the Planeswalkers 2013 Demo
98001	AaAaAA!!! - A Reckless Disregard for Gravity
98002	Amnesia: The Dark Descent
98003	Audiosurf
98004	The Ball
98005	BIT.TRIP BEAT
98006	Cogs
98007	Defense Grid: The Awakening
98008	1... 2... 3... KICK IT! (Drop That Beat Like an Ugly Baby)
98009	Killing Floor
98011	Super Meat Boy
98012	RUSH
98014	The Wonderful End of the World
98015	Toki Tori
98101	TRAUMA
98102	TRAUMA
98201	Frozen Synapse
98202	Frozen Synapse
98203	Frozen Synapse / Frozen Synapse - Soundtrack
98204	Frozen Synapse
98205	Frozen Synapse
98211	Frozen Synapse
98212	Frozen Synapse
98213	Frozen Synapse
98214	Frozen Synapse
98221	Frozen Synapse - Demo
98222	Frozen Synapse - Demo
98301	Toy Soldiers
98302	Toy Soldiers
98401	Hard Reset
98402	Hard Reset
98403	Hard Reset
98404	Hard Reset
98405	Hard Reset
98406	Hard Reset
98407	Hard Reset
98421	Hard Reset
98422	Hard Reset
98423	Hard Reset
98424	Hard Reset
98425	Hard Reset
98426	Hard Reset
98427	Hard Reset
98501	Naval Warfare
98502	Naval Warfare
98503	Naval Warfare
98504	Naval Warfare
98505	Naval Warfare
98511	STORM: Frontline Nation
98512	STORM: Frontline Nation
98601	Demolition, Inc. / Demolition, Inc. Demo
98801	Dungeons of Dredmor
98802	Dungeons of Dredmor
98811	Dungeons of Dredmor - Beta
98820	Dungeons of Dredmor
98821	Dungeons of Dredmor
98822	Dungeons of Dredmor
98902	Alien Hallway
99101	Dungeons & Dragons: Daggerdale / Dungeons & Dragons: Daggerdale - Demo
99102	Dungeons & Dragons: Daggerdale
99103	Dungeons & Dragons: Daggerdale
99121	Yar's Revenge
99122	Yar's Revenge
99123	Yar's Revenge
99141	Baldur's Gate
99201	YOU DON'T KNOW JACK
99301	Renegade Ops
99311	Renegade Ops Demo
99401	Garshasp: The Monster Slayer
99501	RailWorks
99511	RailWorks
99521	Digger Simulator 2011
99531	Tow Truck Simulator 2010
99532	Tow Truck Simulator 2010 (data)
99533	Tow Truck Simulator 2010 (data)
99581	Wiper
99601	Civilization V SDK
99610	Sid Meier's Civilization V
99611	Sid Meier's Civilization V
99612	Sid Meier's Civilization V
99613	Sid Meier's Civilization V
99614	Civilization V (data)
99615	Civilization V (data)
99701	NightSky
99811	Bulletstorm
99812	Bulletstorm
99813	Bulletstorm
99814	Bulletstorm
99815	Bulletstorm
99816	Bulletstorm
99817	Bulletstorm
99818	Bulletstorm
99819	Bulletstorm
99820	Bulletstorm
99821	Bulletstorm
99831	Crysis 2
99832	Crysis 2
99833	Crysis 2
99834	Crysis 2
99835	Crysis 2
99836	Crysis 2
99837	Crysis 2
99838	Crysis 2
99839	Crysis 2
99841	Crysis 2
99843	Crysis 2
99844	Crysis 2
99851	Crysis 2 Demo
99871	Bulletstorm Demo
99891	Darkspore / Darkspore Beta / Darkspore Demo
99901	Spiral Knights
99902	Spiral Knights
99911	Puzzle Pirates
99912	Puzzle Pirates
99921	Spiral Knights Preview
99922	Spiral Knights Preview
99931	Test Puzzle Pirates
99932	Test Puzzle Pirates
100401	Silo 2
100411	CameraBag 2
100412	CameraBag 2
100941	3D-Coat
100971	ArtRage Studio Pro
100981	3DCoat / 3D Coat Demo
102000	Sid Meier's Civilization V
102001	Sid Meier's Civilization V
102002	Sid Meier's Civilization V
102003	Sid Meier's Civilization V
102021	Duke Nukem Forever
102022	Duke Nukem Forever
102023	Duke Nukem Forever
102024	Duke Nukem Forever
102025	Duke Nukem Forever
102026	Duke Nukem Forever
102027	Duke Nukem Forever
102028	Duke Nukem Forever (DLC data)
102029	Duke Nukem Forever
102201	Runespell: Overture
102202	Runespell: Overture
102211	Runespell: Overture - Press
102212	Runespell: Overture - Press
102221	Runespell: Overture - Demo
102222	Runespell: Overture - Demo
102401	Vertex Dispenser
102402	Vertex Dispenser
102411	Vertex Dispenser Demo
102412	Vertex Dispenser Demo
102501	Kingdoms of Amalur: Reckoning™
102502	Kingdoms of Amalur: Reckoning™
102503	Kingdoms of Amalur: Reckoning™
102504	Kingdoms of Amalur: Reckoning™
102510	Kingdoms of Amalur: Reckoning™
102511	Kingdoms of Amalur: Reckoning™
102512	Kingdoms of Amalur: Reckoning™
102513	Kingdoms of Amalur: Reckoning™
102514	Kingdoms of Amalur: Reckoning™
102515	Kingdoms of Amalur: Reckoning™
102516	Kingdoms of Amalur: Reckoning™
102517	Kingdoms of Amalur: Reckoning™
102601	Orcs Must Die!
102602	Orcs Must Die!
102603	Orcs Must Die! / Orcs Must Die! Demo
102611	Orcs Must Die! Demo
102620	Orcs Must Die!
102621	Orcs Must Die!
102622	Orcs Must Die!
102623	Orcs Must Die!
102624	Orcs Must Die!
102630	Orcs Must Die! / Orcs Must Die! Demo
102631	Orcs Must Die! / Orcs Must Die! Demo
102632	Orcs Must Die! / Orcs Must Die! Demo
102633	Orcs Must Die! / Orcs Must Die! Demo
102634	Orcs Must Die! / Orcs Must Die! Demo
102635	Orcs Must Die! / Orcs Must Die! Demo
102636	Orcs Must Die! / Orcs Must Die! Demo
102637	Orcs Must Die! / Orcs Must Die! Demo
102638	Orcs Must Die! / Orcs Must Die! Demo
102639	Orcs Must Die! / Orcs Must Die! Demo
102701	A.V.A. Alliance of Valiant Arms™
102811	Gatling Gears
102821	The Sims(TM) Medieval
102822	The Sims(TM) Medieval
102841	Shank 2
102851	WARP
104001	iBomber Defense
104002	iBomber Defense
104011	iBomber Defense Demo
104012	iBomber Defense Demo
104021	Storm in a Teacup
104022	Storm in a Teacup
104102	Inside a Star-filled Sky
104105	Inside a Star-filled Sky
104201	BEEP
104301	Dwarfs Demo
104311	Red Orchestra 2 SDK
104321	Red Orchestra 2: Heroes of Stalingrad
104322	Red Orchestra 2: Heroes of Stalingrad
104341	The Ball
104601	Portal 2 - The Final Hours
104602	Portal 2 - The Final Hours
104701	Super Monday Night Combat
104801	Serious Sam 3 Demo
104802	Serious Sam 3 Demo
104805	Serious Sam 3: BFE
104806	Serious Sam 3: BFE
104807	Serious Sam 3: BFE
104808	Serious Sam 3: BFE
104809	Serious Sam 3: BFE
104810	Serious Sam 3: BFE
104811	Serious Sam 3: BFE
104812	Serious Sam 3: BFE
104813	Serious Sam 3: BFE
104814	Serious Sam 3: BFE
104901	ORION: Prelude
105101	Lume
105102	Lume
105201	Reign of Thunder (Beta)
105202	Reign of Thunder (Beta)
105301	Critical Mass
105302	Critical Mass
105311	Critical Mass Demo
105401	Fable III
105402	Fable III
105403	Fable III
105404	Fable III
105405	Fable III
105421	Ms. Splosion Man
105431	Age of Empires Online
105451	Age of Empires® III (2007)
105601	Terraria
105611	Terraria - Dedicated Server
105701	Tobe's Vertical Adventure
105711	Tobe's Vertical Adventure demo
105801	PixelJunk™ Eden
105802	PixelJunk™ Eden
106001	The Cursed Crusade
106002	The Cursed Crusade
106003	The Cursed Crusade
106004	The Cursed Crusade
106005	The Cursed Crusade
106006	The Cursed Crusade
106007	The Cursed Crusade
106008	The Cursed Crusade
106011	Pandora Saga: Weapons of Balance
106012	Pandora Saga: Weapons of Balance
107001	Gods & Heroes: Rome Rising
107101	Bastion
107103	Bastion
107104	Bastion Soundtrack DLC
107105	Bastion
107111	Bastion - Demo
107202	Space Pirates and Zombies
107203	Space Pirates and Zombies
107211	Space Pirates and Zombies Demo
107301	Breath of Death VII
107311	Cthulhu Saves the World
107401	Arma 2: Free
107431	Arma X: Anniversary Edition
107601	Waves
107611	Waves Demo
107801	Rochard
107808	Rochard
107820	Rochard
107831	Rochard Demo
107901	War Inc. Battlezone
108101	Adam's Venture Episode 1: The Search For The Lost Garden
108111	Starpoint Gemini
108112	Starpoint Gemini
108201	Ticket to Ride
108202	Ticket to Ride
108211	Memoir '44 Online
108501	Vessel / Vessel Demo
108502	Vessel / Vessel Demo
108503	Vessel / Vessel Demo
108504	Vessel
108505	Vessel
108601	Project Zomboid
108701	Death Rally
108711	Alan Wake
108712	Alan Wake
108713	Alan Wake (data)
108714	Alan Wake
108715	Alan Wake
108716	Alan Wake
108717	Alan Wake
108718	Alan Wake
108719	Alan Wake
108720	Alan Wake
108721	Alan Wake
108722	Alan Wake
108723	Alan Wake
108724	Alan Wake
108725	Alan Wake
108726	Alan Wake
108727	Alan Wake
108728	Alan Wake
109201	Legend of Fae
109411	Brawl Busters
109503	Fowl Space
109701	Achron
109702	Achron
109721	Achron Demo
110401	inMomentum
110501	Data Jammers: FastForward
110521	Data Jammers: FastForward Demo
110601	Astro Tripper
110611	Alien Zombie Megadeath
110631	Mutant Storm Reloaded
110701	Grand Theft Auto: Vice City
110711	Midnight Club 2
110721	Grand Theft Auto: San Andreas
110801	L.A. Noire
110802	L.A. Noire
110810	L.A. Noire
111001	The Clockwork Man
111002	The Clockwork Man
111011	The Clockwork Man: The Hidden World
111012	The Clockwork Man: The Hidden World
111021	The Clockwork Man Demo
111022	The Clockwork Man Demo
111031	The Clockwork Man: The Hidden World Demo
111032	The Clockwork Man: The Hidden World Demo
111101	Snuggle Truck
111102	Snuggle Truck
111301	Smash Cars
111302	Smash Cars
111303	Smash Cars
111401	Bunch Of Heroes
111601	Serious Sam Double D XXL
111611	Serious Sam Double D Demo
111711	Nuclear Dawn - Dedicated Server
111801	Blocks That Matter
111802	Blocks That Matter
112101	Avadon: The Black Fortress
112102	Avadon: The Black Fortress
112111	Avadon: The Black Fortress Demo
112112	Avadon: The Black Fortress Demo
113201	The Binding of Isaac
113202	The Binding of Isaac
113203	The Binding of Isaac
113204	The Binding of Isaac
113205	The Binding of Isaac
113401	APB Reloaded
113421	Fallen Earth Classic
113422	Fallen Earth Classic
113901	World of Battles
115101	Costume Quest
115102	Costume Quest
115103	Costume Quest
115104	Costume Quest
115105	Costume Quest
115106	Costume Quest
115111	Stacking
115112	Stacking
115113	Stacking
115114	Stacking
115115	Stacking
115116	Stacking
115121	Iron Brigade
115122	Iron Brigade
115123	Iron Brigade
115124	Iron Brigade
115125	Iron Brigade
115126	Iron Brigade
115127	Iron Brigade
115201	Cossacks II: Napoleonic Wars
115211	American Conquest
115222	American Conquest - Fight Back
115321	PROTOTYPE 2
115322	PROTOTYPE 2
115323	PROTOTYPE 2
115324	PROTOTYPE 2
115325	PROTOTYPE 2
115326	PROTOTYPE 2
115327	PROTOTYPE 2
115328	PROTOTYPE 2
115329	PROTOTYPE 2
115330	PROTOTYPE 2
116121	Lightfish
116122	Lightfish
116411	Serif DrawPlus
200011	Quantum Conundrum
200021	Global Ops: Commando Libya
200022	Global Ops: Commando Libya
200023	Global Ops: Commando Libya
200024	Global Ops: Commando Libya
200025	Global Ops: Commando Libya
200026	Global Ops: Commando Libya
200027	Global Ops: Commando Libya
200031	Hard Reset - Demo
200051	Naval War: Arctic Circle / Naval War: Arctic Circle Demo
200081	Nancy Drew: Shadow at the Water's Edge
200082	Nancy Drew: Shadow at the Water's Edge
200131	Puzzler World 2
200171	Worms Revolution
200172	Worms Revolution
200173	Worms Revolution
200174	Worms Revolution
200175	Worms Revolution
200176	Worms Revolution
200177	Worms Revolution
200178	Worms Revolution
200179	Worms Revolution
200180	Worms Revolution
200181	Worms Revolution
200182	Worms Revolution
200183	Worms Revolution
200191	Sideway
200211	Realm of the Mad God Exalt
200212	Realm of the Mad God Exalt
200231	Off-Road Drive
200241	Batman: Arkham City Demo
200261	Batman: Arkham City GOTY
200281	The Haunted: Hells Reach Beta
200282	Batman: Arkham City (data)
200283	Batman: Arkham City (data)
200284	Batman: Arkham City (data)
200285	Batman: Arkham City (data)
200320	Serious Sam 3: BFE
200321	Serious Sam 3: BFE
200322	Serious Sam 3: BFE
200331	Serious Sam 3 Bonus Content
200351	Starvoid
200371	A Game of Dwarves
200392	Oil Rush
200393	Oil Rush
200394	Oil Rush
200395	Oil Rush
200396	Oil Rush
200397	Oil Rush / Oil Rush OST
200401	Wasteland Angel - Demo
200402	Wasteland Angel - Demo
200411	SOL: Exodus
200431	Oil Rush (data)
200432	Dead Island Test Build
200433	Oil Rush (data)
200441	Two Worlds II HD
200442	Two Worlds II HD
200443	Two Worlds II HD
200444	Two Worlds II HD
200445	Two Worlds II HD
200446	Two Worlds II HD
200511	XCOM: Enemy Unknown
200512	XCOM: Enemy Unknown (exe)
200531	MAGIX Movie Edit Pro 2013 Plus
200551	Dungeons - The Dark Lord
200552	Dungeons - The Dark Lord
200553	Dungeons - The Dark Lord
200554	Dungeons - The Dark Lord
200560	A Game of Thrones - Genesis
200561	A Game of Thrones - Genesis
200562	A Game of Thrones - Genesis
200563	A Game of Thrones - Genesis
200564	A Game of Thrones - Genesis
200571	Blocks That Matter Demo
200572	Blocks That Matter Demo
200610	Renegade Ops
200620	Renegade Ops
200631	Gettysburg: Armored Warfare
200651	Lightfish Demo
200671	Disciples III: Resurrection
200672	Disciples III: Resurrection
200673	Disciples III: Resurrection
200691	Grand Theft Auto IV
200770	Batman: Arkham City™
200780	Batman: Arkham City™
200790	Batman: Arkham City™
200800	Batman: Arkham City™
200810	Batman: Arkham City™
200820	Batman: Arkham City™
200830	Batman: Arkham City™
200840	Batman: Arkham City™
200850	Batman: Arkham City™
200860	Batman: Arkham City™
200870	Batman: Arkham City (data)
200880	Batman: Arkham City (data)
200890	Batman: Arkham City™
200901	Cave Story+
200902	Cave Story+
200903	Cave Story+
200904	Cave Story+
200911	Before the Echo
200931	Dead Island
200941	Sonic CD
200961	Geneforge 1
200981	Geneforge 2
200991	Geneforge 3
201001	Geneforge 4
201011	Geneforge 5
201021	NBA 2K12
201022	NBA 2K12
201061	DUNGEONS - The Dark Lord (Steam Special Edition) Demo
201071	Revelations 2012
201091	Steel Storm: Burning Retribution Demo
201092	Steel Storm: Burning Retribution Demo
201121	Xotic Demo
201161	Sideway Demo
201171	Astro Tripper Demo
201191	Magic: The Gathering – Tactics
201192	Magic: The Gathering – Tactics
201193	Magic: The Gathering – Tactics
201194	Magic: The Gathering – Tactics
201195	Magic: The Gathering – Tactics
201196	Magic: The Gathering – Tactics
201211	Poxnora
201231	EverQuest II
201232	EverQuest II (data)
201233	EverQuest II
201234	EverQuest II
201235	EverQuest II
201271	Total War: SHOGUN 2 / Total War: Shogun 2 - TEd / Total War: Shogun 2 - Assembly Kit
201278	Total War: SHOGUN 2
201281	Deus Ex: Human Revolution - The Missing Link
201282	Deus Ex: Human Revolution - The Missing Link
201283	Deus Ex: Human Revolution - The Missing Link
201284	Deus Ex: Human Revolution - The Missing Link
201285	Deus Ex: Human Revolution - The Missing Link
201286	Deus Ex: Human Revolution - The Missing Link
201287	Deus Ex: Human Revolution - The Missing Link
201288	Deus Ex: Human Revolution - The Missing Link
201289	Deus Ex: Human Revolution - The Missing Link
201291	Sins of a Solar Empire: Trinity
201311	X3: Albion Prelude
201312	X3: Albion Prelude
201313	X3: Albion Prelude
201314	X3: Albion Prelude
201315	X3: Albion Prelude
201316	X3: Albion Prelude
201317	X3: Albion Prelude
201318	X3: Albion Prelude
201319	X3: Albion Prelude
201331	Max Payne (IT)
201341	The Haunted: Hells Reach Playtest
201342	The Haunted: Hells Reach Playtest (data)
201343	The Haunted: Hells Reach Playtest (data)
201344	The Haunted: Hells Reach Playtest (data)
201345	The Haunted: Hells Reach Playtest (data)
201421	Toki Tori 2+ / Toki Tori 2+ Level Editor
201422	Toki Tori 2+ / Toki Tori 2+ Level Editor
201481	Serious Sam: The Random Encounter
201491	Airline Tycoon 2
201492	Airline Tycoon 2
201493	Airline Tycoon 2
201494	Airline Tycoon 2
201495	Airline Tycoon 2
201511	FlatOut 3: Chaos & Destruction
201531	Redistributable package (Rage engine, DirectX/VC)
201532	FlatOut 3 (data)
201533	FlatOut 3 (data)
201534	FlatOut 3 (data)
201535	FlatOut 3 (data)
201536	FlatOut 3 (data)
201537	FlatOut 3 (data)
201538	FlatOut 3 (data)
201539	FlatOut 3 (data)
201540	FlatOut 3 (data)
201541	FlatOut 3 (data)
201542	RAGE (press build)
201551	Wrestlefest
201563	Really Big Sky (data)
201564	Really Big Sky (data)
201565	Really Big Sky (data)
201566	Really Big Sky (data)
201567	Really Big Sky (data)
201568	Really Big Sky (data)
201571	Really Big Sky
201601	Football Manager 2012 Russian Demo
201602	Football Manager 2012 Russian Demo
201641	Armored Warfare
201681	Dungeon Defenders Demo
201701	DiRT Showdown
201702	DiRT Showdown
201721	Hacker Evolution Duality Demo
201722	Hacker Evolution Duality Demo
201741	Dead Island
201742	Dead Island
201743	Dead Island
201751	Dead Island
201752	Dead Island
201753	Dead Island
201761	Cities XL 2012
201762	Cities XL 2012
201763	Cities XL 2012
201764	Cities XL 2012
201765	Cities XL 2012
201766	Cities XL 2012
201831	Jurassic Park: The Game
201832	Jurassic Park: The Game
201871	Assassin's Creed Revelations
201872	Assassin's Creed Revelations
201873	Assassin's Creed Revelations
201882	Assassin's Creed Revelations
201891	Nuclear Dawn Authoring Tools
201931	Jamestown IGF
202001	Toon Boom
202010	Dungeon Defenders
202020	Dungeon Defenders
202030	Dungeon Defenders
202040	Dungeon Defenders
202071	Choplifter HD
202092	Magicka
202111	Trine 2 Beta
202112	Trine 2 Beta
202201	Galactic Civilizations II: Ultimate Edition
202220	Sword of the Stars II: Enhanced Edition
202230	Sword of the Stars II: Enhanced Edition
202240	Sword of the Stars II: Enhanced Edition
202251	Saints Row: The Third
202252	Saints Row: The Third
202291	Sonic Generations Demo
202311	Ridge Racer™ Unbounded
202371	Scarygirl
202391	Vessel Demo
202392	Vessel / Vessel Demo
202393	Vessel / Vessel Demo
202411	Scoregasm
202412	Scoregasm
202413	Scoregasm
202431	L.A. Noire
202450	Crazy Machines 2
202451	Crazy Machines 2
202452	Crazy Machines 2
202453	Crazy Machines 2
202454	Crazy Machines 2
202461	The Elder Scrolls V: Skyrim
202462	The Elder Scrolls V: Skyrim
202463	The Elder Scrolls V: Skyrim
202464	The Elder Scrolls V: Skyrim
202465	The Elder Scrolls V: Skyrim
202466	The Elder Scrolls V: Skyrim
202467	The Elder Scrolls V: Skyrim
202481	Skyrim Creation Kit
202485	The Elder Scrolls V: Skyrim
202522	Dungeon Defenders
202531	SONIC THE HEDGEHOG 4 Episode I
202571	Max Payne (FR)
202591	CrimeCraft
202611	Risen 2 Demo
202612	Risen 2 Demo
202613	Risen 2 Demo
202631	Risen 2: Dark Waters
202632	Risen 2 (data)
202633	Risen 2 (data)
202651	Steel Storm: Burning Retribution
202671	Nancy Drew: Alibi in Ashes
202672	Nancy Drew: Alibi in Ashes
202691	Hegemony Gold: Wars of Ancient Greece / Hegemony Gold: Wars of Ancient Greece
202711	Demigod
202731	Dynamite Jack
202732	Dynamite Jack
202751	Alan Wake's American Nightmare
202752	Alan Wake's American Nightmare
202753	Alan Wake's American Nightmare
202754	Alan Wake's American Nightmare
202861	Real Warfare 2: Northern Crusades
202862	Real Warfare 2: Northern Crusades
202881	Ignite Demo
202901	Max Payne 2 FR
202920	Total War: Shogun 2 - TEd
202921	Total War: Shogun 2 - TEd
202931	Total War: Shogun 2 - Assembly Kit
202941	Super Meat Boy / Super Meatboy Soundtrack
202942	Super Meat Boy
202951	BIT.TRIP BEAT
202961	BIT.TRIP RUNNER
203031	The Postman
203050	Sword of the Stars II: Enhanced Edition
203180	Spec Ops: The Line
203181	Spec Ops: The Line
203185	Spec Ops: The Line
203186	Spec Ops: The Line
203187	Spec Ops: The Line
203188	Spec Ops: The Line
203211	Titan Attacks
203212	Titan Attacks
203230	Risen 2 - Dark Waters
203231	Risen 2 - Dark Waters
203232	Risen 2 - Dark Waters
203233	Risen 2 - Dark Waters
203251	Star Trek
203252	Star Trek
203253	Star Trek
203254	Star Trek
203255	Star Trek
203256	Star Trek
203257	Star Trek
203321	NightSky
203322	NightSky (data)
203344	Jagged Alliance - Back in Action
203345	Jagged Alliance - Back in Action
203371	Tiny Troopers
203372	Tiny Troopers (data)
203391	Casino Chaos
203411	Ubongo
203431	Voodoo Chronicles
203511	Fortune Summoners: Secret of the Elemental Stone
203531	Fortune Summoners Demo
203551	ACDSee Photo Studio
203561	Containment: The Zombie Puzzler
203563	Containment: The Zombie Puzzler
203631	Warlock - Master of the Arcane
203632	Warlock - Master of the Arcane
203633	Warlock - Master of the Arcane
203634	Warlock - Master of the Arcane
203635	Warlock - Master of the Arcane
203636	Warlock - Master of the Arcane
203637	Warlock - Master of the Arcane
203638	Warlock - Master of the Arcane
203639	Warlock - Master of the Arcane
203651	SONIC THE HEDGEHOG 4 Episode II
203681	F1 Race Stars
203682	F1 Race Stars
203683	F1 Race Stars (data)
203684	F1 Race Stars
203685	F1 Race Stars
203686	F1 Race Stars
203687	F1 Race Stars
203688	F1 Race Stars
203689	F1 Race Stars
203690	F1 Race Stars
203692	F1 Race Stars
203731	Unreal Development Kit
203732	Q.U.B.E.
203733	Q.U.B.E. / Q.U.B.E. Original Soundtrack
203751	Binary Domain
203752	Binary Domain
203753	Binary Domain
203754	Binary Domain
203755	Binary Domain
203771	Crusader Kings II
203772	Crusader Kings II
203773	Crusader Kings II
203774	Crusader Kings II
203775	Crusader Kings II
203776	Crusader Kings II
203777	Crusader Kings II
203778	Crusader Kings II
203779	Crusader Kings II (data)
203791	The Postman
203811	Dear Esther
203812	Dear Esther
203813	Dear Esther
203831	The Dark Eye: Chains of Satinav
203832	The Dark Eye: Chains of Satinav
203833	The Dark Eye (data)
203834	The Dark Eye (data)
203835	The Dark Eye (data)
203836	The Dark Eye (data)
203837	The Dark Eye: Chains of Satinav
203851	Microsoft Flight
203971	Kingdoms of Amalur: Reckoning Demo
203991	SATAZIUS
204011	SATAZIUS Demo
204031	Fable - The Lost Chapters
204032	Fable - The Lost Chapters
204033	Fable - The Lost Chapters
204034	Fable - The Lost Chapters
204035	Fable - The Lost Chapters
204036	Fable - The Lost Chapters
204037	Fable - The Lost Chapters
204038	Fable - The Lost Chapters
204051	Take On Helicopters Demo
204061	Superbrothers: Sword & Sworcery EP
204062	Superbrothers: Sword & Sworcery EP
204075	Superbrothers: Sword & Sworcery EP - Soundtrack
204076	Superbrothers: Sword & Sworcery (data)
204077	Superbrothers: Sword & Sworcery (data)
204081	The Showdown Effect
204082	The Showdown Effect
204083	The Showdown Effect
204084	The Showdown Effect
204101	Max Payne 3
204102	Max Payne 3
204103	Max Payne 3
204104	Max Payne 3
204105	Max Payne 3
204112	Max Payne 3
204121	LEGO® Harry Potter: Years 5-7
204141	All Zombies Must Die!
204181	Waveform
204201	Deponia (sequel)
204261	Trine 2 Demo
204262	Trine 2 Demo
204341	Serious Sam 2 / Serious Sam 2 Editor
204381	Dungeon Defenders
204382	Dungeon Defenders
204383	Dungeon Defenders
204391	Pineapple Smash Crew
204411	The Darkness II Demo
204412	The Darkness II Demo
204413	The Darkness II Demo
204414	The Darkness II Demo
204415	The Darkness II Demo
204416	The Darkness II Demo
204417	The Darkness II Demo
204418	The Darkness II Demo
204441	Pickers
204442	Pickers
204443	Pickers
204470	Fallout: New Vegas PCR
204471	Fallout: New Vegas PCR
204472	Fallout: New Vegas PCR
204473	Fallout: New Vegas PCR
204474	Fallout: New Vegas PCR
204475	Fallout: New Vegas PCR
204476	Fallout: New Vegas PCR
204477	Fallout: New Vegas PCR
204478	Fallout: New Vegas PCR
204479	Fallout: New Vegas PCR
204480	Fallout: New Vegas PCR
204481	Fallout: New Vegas PCR
204482	Fallout: New Vegas PCR
204483	Fallout: New Vegas PCR
204484	Fallout: New Vegas PCR
204511	The Expendables 2 Videogame
204521	The Expendables 2 Videogame
204522	The Expendables 2 Videogame
204523	The Expendables 2 Videogame
204524	The Expendables 2 Videogame
204525	The Expendables 2 Videogame
204561	Confrontation
204562	Confrontation
204563	Confrontation
204564	Confrontation
204565	Confrontation
204566	Confrontation
204567	Confrontation
204568	Confrontation
204569	Confrontation
204570	Confrontation
204600	Kingdoms of Amalur: Reckoning™
204611	Q.U.B.E. Demo
204631	Retro City Rampage™ DX
204681	Shank 2 Demo
204721	Krater
204731	Krater
204742	FlatOut
204761	Deep Black: Reloaded
204803	The Darkness II
204861	Men of War: Condemned Heroes
204862	Men of War: Condemned Heroes
204881	Sins of a Solar Empire: Rebellion
204882	Sins of a Solar Empire: Rebellion
204900	Quantum Conundrum
204901	Quantum Conundrum
204921	Jagged Alliance - Back in Action Demo
204922	Jagged Alliance - Back in Action Demo
204923	Jagged Alliance - Back in Action Demo
204924	Jagged Alliance - Back in Action Demo
204925	Jagged Alliance - Back in Action Demo
204926	Jagged Alliance - Back in Action Demo
204927	Jagged Alliance - Back in Action Demo
204928	Jagged Alliance - Back in Action Demo
204929	Jagged Alliance - Back in Action Demo
204941	Crusader Kings Complete
204981	Spec Ops: The Line Demo
204982	Spec Ops: The Line Demo
204983	Spec Ops: The Line Demo
204984	Spec Ops: The Line Demo
204985	Spec Ops: The Line Demo
204986	Spec Ops: The Line Demo
204987	Spec Ops: The Line Demo
204988	Spec Ops: The Line Demo
204989	Spec Ops: The Line Demo
205120	Choplifter HD
205140	Choplifter HD
205150	Choplifter HD
205160	Choplifter HD
205170	Choplifter HD
205181	Planescape Torment
205199	Rocksmith
205211	City of Heroes
205212	City of Heroes
205251	3DMark Vantage / 3DMark Vantage Demo
205271	3DMark 11 / 3DMark 11 Demo
205331	Law & Order: Legacies
205332	Law & Order: Legacies
205351	Mortal Kombat Kollection
205371	Airline Tycoon 2 Demo
205372	Airline Tycoon 2 Demo
205373	Airline Tycoon 2 Demo
205374	Airline Tycoon 2 Demo
205551	Foreign Legion: Multi Massacre
205552	Foreign Legion: Multi Massacre
205571	Risen 2: Dark Waters
205572	Risen 2 (data)
205573	Risen 2 (data)
205574	Risen 2: Dark Waters
205611	Port Royale 3
205612	Port Royale 3
205613	Port Royale 3
205614	Port Royale 3
205630	Tropico 4
205671	Sins of a Solar Empire: Rebellion
205672	Sins of a Solar Empire: Rebellion (data)
205673	Sins of a Solar Empire: Rebellion (data)
205691	1000 Amps
205692	1000 Amps
205701	Quantum Conundrum Demo
205731	Insanely Twisted Shadow Planet
205751	SOL: Exodus Demo
205771	King Arthur II
205831	Luxor Evolved
205841	Yesterday
205842	Yesterday
205843	Yesterday
205844	Yesterday
205871	RAGE Tool Kit / Auditorium
205872	RAGE Tool Kit / Auditorium
205931	Hitman: Sniper Challenge
205932	Hitman: Sniper Challenge
205933	Hitman: Sniper Challenge
205934	Hitman: Sniper Challenge
205935	Hitman: Sniper Challenge
205936	Hitman: Sniper Challenge
205937	Hitman: Sniper Challenge
205938	Hitman: Sniper Challenge
205939	Hitman: Sniper Challenge
205940	Hitman: Sniper Challenge
205941	Hitman: Sniper Challenge
206011	VTrace
206021	Avernum 4
206041	Avernum 5
206061	Avernum 6
206080	Rocksmith
206081	Rocksmith
206181	Rocksmith / Baldurs Gate
206231	Clan of Champions
206251	ClaDun x2
206271	GTA SA German Mac
206291	Unstoppable Gorg Demo
206292	Unstoppable Gorg Demo
206311	Crusader Kings II Demo
206331	Darksiders II
206351	Confrontation
206352	Confrontation (data)
206353	Confrontation (data)
206354	Confrontation (data)
206371	Tales from Space: Mutant Blobs Attack
206391	London 2012
206411	Crazy Machines Elements
206415	Crazy Machines Elements
206416	Crazy Machines Elements
206461	Lord of the Rings Online
206462	Lord of the Rings Online
206463	Lord of the Rings Online
206464	Lord of the Rings Online
206481	Dungeons & Dragons Online®
206550	Warlock - Master of the Arcane
206560	Warlock - Master of the Arcane
206570	Warlock - Master of the Arcane
206580	Warlock - Master of the Arcane
206590	Warlock - Master of the Arcane
206611	3SwitcheD
206612	3SwitcheD
206651	Scoregasm Demo
206691	iBomber Defense Pacific
206692	iBomber Defense Pacific
206710	Cities in Motion
206711	Cities in Motion
206712	Cities in Motion
206713	Cities in Motion
206714	Cities in Motion
206715	Cities in Motion
206716	Cities in Motion
206717	Cities in Motion
206720	Cities in Motion
206721	Cities in Motion
206741	Who Wants To Be A Millionaire? Special Editions
206742	Who Wants To Be A Millionaire? Special Editions
206743	Who Wants To Be A Millionaire? Special Editions
206744	Who Wants To Be A Millionaire? Special Editions
206745	Who Wants To Be A Millionaire? Special Editions
206746	Who Wants To Be A Millionaire? Special Editions
206747	Who Wants To Be A Millionaire? Special Editions
206748	Who Wants To Be A Millionaire? Special Editions
206749	Who Wants To Be A Millionaire? Special Editions
206750	Who Wants To Be A Millionaire? Special Editions
206751	Who Wants To Be A Millionaire? Special Editions
206761	Painkiller: Recurring Evil
206762	Painkiller: Recurring Evil
206763	Painkiller: Recurring Evil
206764	Painkiller: Recurring Evil
206765	Painkiller: Recurring Evil
206881	Airline Tycoon 2
206882	Airline Tycoon 2
206921	Port Royale 3
206922	Port Royale 3
206923	Port Royale 3 (data)
206941	Icewind Dale
206951	Icewind Dale 2
206961	Temple of Elemental Evil
206971	Baldurs Gate 2
206981	War of the Roses Balance Beta
207021	Bang Bang Racing
207061	MLB 2K12
207131	All Zombies Must Die Demo
207151	Stellar Impact
207171	Legend of Grimrock
207191	Fireburst
207192	Fireburst
207231	Archeblade
207251	Cubemen
207252	Cubemen
207271	DiRT Showdown Demo
207272	DiRT Showdown Demo
207291	DiRT Showdown
207311	X3: Terran Conflict / X3: Albion Prelude
207313	X3: Terran Conflict / X3: Albion Prelude
207314	X3: Terran Conflict / X3: Albion Prelude
207321	Ys: The Oath in Felghana
207351	Ys Origin
207371	eXceed - Gun Bullet Children
207381	eXceed 2nd - Vampire REX
207401	eXceed 3rd - Jade Penetrate Black Package
207421	Wizorb
207422	Wizorb
207431	Hack, Slash, Loot
207432	Hack, Slash, Loot
207531	Noitu Love 2 Devolution
207551	The Expendables 2: Mercs
207591	Scarygirl
207611	The Walking Dead
207612	The Walking Dead
207631	iBomber Defense Pacific  Demo
207632	iBomber Defense Pacific  Demo
207651	A Virus Named TOM
207655	A Virus Named TOM
207691	Botanicula
207692	Botanicula
207711	Bumbledore
207712	Bumbledore
207713	Bumbledore
207731	Arena Wars 2
207771	Men Of War: Assault Squad GOTY Demo
207772	Men Of War: Assault Squad GOTY Demo
207773	Men Of War: Assault Squad GOTY Demo
207774	Men Of War: Assault Squad GOTY Demo
207775	Men Of War: Assault Squad GOTY Demo
207776	Men Of War: Assault Squad GOTY Demo
207778	Men Of War: Assault Squad GOTY Demo
207791	Jane's Advanced Strike Fighters
207792	Jane's Advanced Strike Fighters
207911	Football Manager
207971	Bang Bang Racing Demo
208011	Noitu Love 2 Devolution Demo
208031	Moon Breakers
208051	Sniper Elite V2 Dedicated Server
208070	Waveform
208071	Waveform Demo
208111	Myst V
208141	ENDLESS Space™ - Definitive Edition
208271	Containment
208280	Train Simulator Classic
208281	Train Simulator Classic
208282	Train Simulator Classic
208283	Train Simulator Classic
208284	Train Simulator Classic
208285	Train Simulator Classic
208286	Train Simulator Classic
208287	Train Simulator Classic
208288	Train Simulator Classic
208289	Train Simulator Classic
208290	Train Simulator Classic
208292	Train Simulator Classic
208293	Train Simulator Classic
208294	Train Simulator Classic
208295	Train Simulator Classic
208296	Train Simulator Classic
208298	Train Simulator Classic
208299	Train Simulator Classic
208300	Train Simulator Classic
208301	Train Simulator Classic
208302	Train Simulator Classic
208303	Train Simulator Classic
208304	Train Simulator Classic
208305	Train Simulator Classic
208306	Train Simulator Classic
208307	Train Simulator Classic
208311	Train Simulator Classic
208312	Train Simulator Classic
208313	Train Simulator Classic
208314	Train Simulator Classic
208315	Train Simulator Classic
208316	Train Simulator Classic
208317	Train Simulator Classic
208318	Train Simulator Classic
208319	Train Simulator Classic
208320	Train Simulator Classic
208321	Train Simulator Classic
208323	Train Simulator Classic
208340	Train Simulator Classic
208341	Train Simulator Classic
208342	Train Simulator Classic
208343	Train Simulator Classic
208344	Train Simulator Classic
208345	Train Simulator Classic
208346	Train Simulator Classic
208347	Train Simulator Classic
208348	Train Simulator Classic
208349	Train Simulator Classic
208350	Train Simulator Classic
208351	Train Simulator Classic
208352	Train Simulator Classic
208353	Train Simulator Classic
208354	Train Simulator Classic
208355	Train Simulator Classic
208356	Train Simulator Classic
208357	Train Simulator Classic
208361	Train Simulator Classic
208362	Train Simulator Classic
208363	Train Simulator Classic
208364	Train Simulator Classic
208365	Train Simulator Classic
208366	Train Simulator Classic
208367	Train Simulator Classic
208369	Train Simulator Classic
208371	Train Simulator Classic
208374	Train Simulator Classic
208376	Train Simulator Classic
208377	Train Simulator Classic
208378	Train Simulator Classic
208379	Train Simulator Classic
208381	Magic: The Gathering 2013
208401	Avernum: Escape From the Pit
208402	Avernum: Escape From the Pit
208441	Word Wonders
208461	Tryst
208501	F1 2012
208502	F1 2012
208503	F1 2012 Debug
208504	F1 2012
208505	F1 2012
208506	F1 2012
208507	F1 2012
208508	F1 2012
208509	F1 2012
208510	F1 2012
208511	F1 2012
208512	F1 2012
208601	Lunar Flight
208602	Lunar Flight
208621	Midnight Mysteries: Salem Witch Trials
208622	Midnight Mysteries: Salem Witch Trials
208631	Midnight Mysteries 3: Devil on the Mississippi
208632	Midnight Mysteries 3: Devil on the Mississippi
208641	Midnight Mysteries 4: Haunted Houdini
208642	Midnight Mysteries 4: Haunted Houdini
208671	Blades of Time
208672	Blades of Time
208711	Colour Bind
208731	Game of Thrones
208732	Game of Thrones
208733	Game of Thrones
208734	Game of Thrones
208735	Game of Thrones
208736	Game of Thrones
208737	Game of Thrones
208738	Game of Thrones
208741	Game of Thrones
208742	Game of Thrones
208861	Mad Riders
208862	Mad Riders
208863	Mad Riders
208864	Mad Riders
208865	Mad Riders
208881	Mad Riders
208981	Blades of Time
208982	Blades of Time
208983	Blades of Time (data)
208984	Blades of Time (data)
208985	Blades of Time
209021	Avernum
209022	Avernum (data)
209041	Ridge Racer™ Unbounded Demo
209081	Guns of Icarus Online / Guns of Icarus Alliance
209082	Guns of Icarus Online / Guns of Icarus Alliance
209101	Resident Evil: Operation Raccoon City
209102	Resident Evil: Operation Raccoon City
209121	Street Fighter X Tekken
209122	Street Fighter X Tekken
209231	Sherlock Holmes and The Hound of The Baskervilles
209232	Sherlock Holmes and The Hound of The Baskervilles
209233	Sherlock Holmes and The Hound of The Baskervilles
209234	Sherlock Holmes and The Hound of The Baskervilles
209235	Sherlock Holmes and The Hound of The Baskervilles
209236	Sherlock Holmes and The Hound of The Baskervilles
209237	Sherlock Holmes and The Hound of The Baskervilles
209238	Sherlock Holmes and The Hound of The Baskervilles
209239	Sherlock Holmes and The Hound of The Baskervilles
209240	Sherlock Holmes and The Hound of The Baskervilles
209241	Sherlock Holmes and The Hound of The Baskervilles
209242	Sherlock Holmes and The Hound of The Baskervilles
209271	Hero Academy
209331	A Valley Without Wind / A Valley Without Wind Demo
209332	A Valley Without Wind / A Valley Without Wind Demo
209333	A Valley Without Wind / A Valley Without Wind Demo
209361	AZMD! Scorepocalypse
209362	All Zombies Must Die!
209371	Analogue: A Hate Story
209372	Analogue: A Hate Story
209373	Analogue: A Hate Story Soundtrack
209374	Analogue: A Hate Story
209481	"Project P3" (Mystery Island prototype)
209501	The Witcher (Mac)
209502	The Witcher (Mac) (data)
209503	The Witcher (Mac) (data)
209504	The Witcher (Mac) (data)
209505	The Witcher (Mac) (data)
209506	The Witcher (Mac) (data)
209507	The Witcher (Mac) (data)
209508	The Witcher (Mac) (data)
209691	Fieldrunners
209692	Fieldrunners
209693	Fieldrunners
209751	Cannon Fodder 3
209771	Darwinia Soundtrack
209772	DEFCON Soundtrack
209791	Splice
209792	Splice
209793	Splice
209831	Lone Survivor: The Director's Cut
209832	Lone Survivor: The Director's Cut
209990	SOL: Exodus
210010	Resident Evil: Operation Raccoon City
210011	Resident Evil: Operation Raccoon City
210012	Resident Evil: Operation Raccoon City
210013	Resident Evil: Operation Raccoon City
210014	Resident Evil: Operation Raccoon City
210015	Resident Evil: Operation Raccoon City
210016	Resident Evil: Operation Raccoon City
210017	Resident Evil: Operation Raccoon City
210018	Resident Evil: Operation Raccoon City
210019	Resident Evil: Operation Raccoon City
210151	Pole Position 2012
210152	Pole Position 2012
210231	Nancy Drew: Tomb of the Lost Queen
210232	Nancy Drew: Tomb of the Lost Queen
210311	Binary Domain Demo
210312	Binary Domain Demo
210313	Binary Domain Demo
210314	Binary Domain Demo
210315	Binary Domain Demo
210330	King Arthur II - The Role-playing Wargame
210351	Max Payne (RU)
210371	Starvoid Server
210391	Adam's Venture Episode 2: Solomon's Secret
210411	Max Payne 2 DE
210431	Max Payne 2 IT
210450	Sid Meier's Civilization V
210451	Sid Meier's Civilization V
210471	Sniper Elite V2 Demo
210472	Sniper Elite V2 Demo
210473	Sniper Elite V2 Demo
210474	Sniper Elite V2 Demo
210475	Sniper Elite V2 Demo
210476	Sniper Elite V2 Demo
210477	Sniper Elite V2 Demo
210478	Sniper Elite V2 Demo
210700	Stronghold 3
210701	Stronghold 3 (data)
210702	Stronghold 3 (data)
210703	Stronghold 3 (data)
210704	Stronghold 3 (data)
210705	Stronghold 3 (data)
210706	Stronghold 3 (data)
210707	Stronghold 3 (data)
210708	Stronghold 3 (data)
210721	Blades of Time Demo
210722	Blades of Time Demo (data)
210741	Analogue: A Hate Story Demo
210742	Analogue: A Hate Story Demo
210801	Nexuiz
210821	Sniper Elite V2 Press
210822	Nexuiz (data)
210823	Nexuiz (data)
210824	Nexuiz (data)
210825	Nexuiz (data)
210826	Nexuiz (data)
210827	Nexuiz (data)
210828	Nexuiz (data)
210829	Sniper Elite V2
210830	Sniper Elite V2
210841	Warlock - Master of the Arcane Demo
210842	Warlock - Master of the Arcane Demo
210843	Warlock - Master of the Arcane Demo
210844	Warlock - Master of the Arcane Demo
210845	Warlock - Master of the Arcane Demo
210846	Warlock - Master of the Arcane Demo
210872	Cloudberry Kingdom
210890	Crusader Kings II
210891	Crusader Kings II
210892	Crusader Kings II
210893	Crusader Kings II
210991	Pro Cycling Manager 2012
210992	Pro Cycling Manager 2012
210993	Pro Cycling Manager 2012
210994	Pro Cycling Manager 2012
210995	Pro Cycling Manager 2012
210996	Pro Cycling Manager 2012
210997	Pro Cycling Manager 2012
210998	Pro Cycling Manager 2012
211011	Alien Shooter 2 Conscription
211051	Battle vs Chess
211071	Check vs. Mate
211101	Jagged Alliance - Back in Action
211161	Viking: Battle for Asgard
211162	Viking: Battle for Asgard
211200	SEGA Mega Drive & Genesis Classics
211201	SEGA Mega Drive & Genesis Classics
211202	SEGA Mega Drive & Genesis Classics
211203	SEGA Mega Drive & Genesis Classics
211204	SEGA Mega Drive & Genesis Classics
211205	SEGA Mega Drive & Genesis Classics
211206	SEGA Mega Drive & Genesis Classics
211207	SEGA Mega Drive & Genesis Classics
211208	SEGA Mega Drive & Genesis Classics
211209	SEGA Mega Drive & Genesis Classics
211241	Worms Revolution (beta)
211341	Magical Diary: Horse Hall
211343	Magical Diary: Horse Hall
211344	Magical Diary: Horse Hall
211345	Magical Diary: Horse Hall
211361	Offspring Fling!
211364	Offspring Fling!
211382	Shoot Many Robots: Arena Kings
211520	Max Payne 3
211521	Max Payne 3
211581	Wanderlust: Rebirth
211621	Oil Rush
211622	Oil Rush (data)
211623	Oil Rush (data)
211624	Oil Rush (data)
211651	Stoked: Big Air Edition
211720	The Elder Scrolls V: Skyrim
211721	The Elder Scrolls V: Skyrim / The Elder Scrolls V: Skyrim Preorder Ad App
211722	The Elder Scrolls V: Skyrim / The Elder Scrolls V: Skyrim Preorder Ad App
211723	The Elder Scrolls V: Skyrim / The Elder Scrolls V: Skyrim Preorder Ad App
211724	The Elder Scrolls V: Skyrim / The Elder Scrolls V: Skyrim Preorder Ad App
211725	The Elder Scrolls V: Skyrim / The Elder Scrolls V: Skyrim Preorder Ad App
211726	The Elder Scrolls V: Skyrim / The Elder Scrolls V: Skyrim Preorder Ad App
211727	The Elder Scrolls V: Skyrim / The Elder Scrolls V: Skyrim Preorder Ad App
211801	Dead Hungry Diner
211802	Dead Hungry Diner Demo
211841	DiRT Showdown
211842	DiRT Showdown
211941	F1 2012 Demo
211942	F1 2012 Demo
211944	F1 2012 Demo
212011	Galaxy on Fire 2™ Full HD
212031	Kung Fu Strike: The Warrior's Rise
212041	Kung Fu Strike: The Warrior's Rise
212141	Magical Diary Demo
212142	Magical Diary Demo
212143	Magical Diary Demo
212144	Magical Diary Demo
212351	The Dream Machine Demo
212431	RailWorks
212432	RailWorks (data)
212433	RailWorks (data)
212434	RailWorks (data)
212435	RailWorks (data)
212436	RailWorks (data)
212437	RailWorks (data)
212438	RailWorks (data)
212439	RailWorks (data)
212440	RailWorks (data)
212441	RailWorks (data)
212442	RailWorks (data)
212443	RailWorks (data)
212444	RailWorks (data)
212445	RailWorks (data)
212446	RailWorks (data)
212447	RailWorks (data)
212448	RailWorks (data)
212449	RailWorks (data)
212450	RailWorks (data)
212501	The Lord of the Rings Online™
212502	The Lord of the Rings Online™
212503	The Lord of the Rings Online™
212504	The Lord of the Rings Online™
212505	The Lord of the Rings Online™
212721	A Virus Named Tom Demo
212841	ClaDun x2 Demo
212861	Splice Demo
212862	Splice Demo
213041	ORION: Prelude Dedicated Server
213051	Starvoid Beta
214531	Starpoint Gemini
214532	Starpoint Gemini
214631	Call of Duty: Black Ops / Call of Duty: Black Ops - OSX / Call of Duty: Black Ops - Multiplayer OSX
214632	Call of Duty: Black Ops / Call of Duty: Black Ops - Multiplayer / Call of Duty: Black Ops - OSX
214633	Call of Duty: Black Ops / Call of Duty: Black Ops - Multiplayer / Call of Duty: Black Ops - OSX / Call of Duty: Black Ops - Multiplayer OSX
214634	Call of Duty: Black Ops - Multiplayer / Call of Duty: Black Ops - Multiplayer OSX
214635	Call of Duty: Black Ops / Call of Duty: Black Ops - Multiplayer / Call of Duty: Black Ops - OSX / Call of Duty: Black Ops - Multiplayer OSX
214636	Call of Duty: Black Ops / Call of Duty: Black Ops - Multiplayer / Call of Duty: Black Ops - OSX / Call of Duty: Black Ops - Multiplayer OSX
214637	Call of Duty: Black Ops / Call of Duty: Black Ops - Multiplayer / Call of Duty: Black Ops - OSX / Call of Duty: Black Ops - Multiplayer OSX
214638	Call of Duty: Black Ops / Call of Duty: Black Ops - Multiplayer / Call of Duty: Black Ops - OSX / Call of Duty: Black Ops - Multiplayer OSX
214645	Call of Duty: Black Ops - Multiplayer / Call of Duty: Black Ops - Multiplayer OSX / Call of Duty: Black Ops - OS X First Strike
214646	Call of Duty: Black Ops / Call of Duty: Black Ops - OSX / Call of Duty Black Ops First Strike OSX SP
214647	Call of Duty: Black Ops - Multiplayer / Call of Duty: Black Ops - Multiplayer OSX
214648	Call of Duty: Black Ops / Call of Duty: Black Ops - OSX
214649	Call of Duty: Black Ops / Call of Duty: Black Ops - OSX / Call of Duty: Black Ops - OS X Rezurrection
214652	Call of Duty: Black Ops - Multiplayer
214653	Call of Duty: Black Ops
214681	Magic: The Gathering - Duels of the Planeswalkers 2013
214711	KungFu Strike Demo
214712	Hurricane
214980	Hearts of Iron III
214981	Hearts of Iron III
214982	Hearts of Iron III
214983	Hearts of Iron III
214984	Hearts of Iron III
214985	Hearts of Iron III
215041	Unreal Development Kit
215042	Unreal Development Kit (data)
215043	Unreal Development Kit (data)
215044	Unreal Development Kit (data)
215045	Unreal Development Kit (data)
215046	Unreal Development Kit (data)
215047	Unreal Development Kit (data)
215048	Unreal Development Kit (data)
215049	Unreal Development Kit (data)
215050	Unreal Development Kit (data)
215051	Unreal Development Kit (data)
215052	Unreal Development Kit (data)
215053	Unreal Development Kit (data)
215302	Clan of Champions
215304	Clan of Champions
215305	Clan of Champions
215306	Clan of Champions
215307	Clan of Champions
215308	Clan of Champions
215309	Clan of Champions
215310	Clan of Champions
215311	Clan of Champions
215313	Clan of Champions
215314	Clan of Champions
215315	Clan of Champions
215316	Clan of Champions
215320	Clan of Champions
215321	Clan of Champions
215611	Awesomenauts
215731	Might & Magic Heroes VI
216671	Great Big War Game
218371	DiRT Showdown
218372	F1 2012 Preview
218373	F1 2012 Preview Debug
218374	F1 2012 Preview (data)
218375	F1 2012 Preview (data)
218376	F1 2012 Preview (data)
218377	F1 2012 Preview (data)
218378	F1 2012 Preview (data)
218379	F1 2012 Preview (data)
218380	F1 2012 Preview (data)
218381	F1 2012 Preview (data)
218382	F1 2012 Preview (data)
218391	DiRT Showdown
218392	F1 2012 Review
218393	F1 2012 Review Debug
218394	F1 2012 Review (data)
218395	F1 2012 Review (data)
218396	F1 2012 Review (data)
218397	F1 2012 Review (data)
218398	F1 2012 Review (data)
218399	F1 2012 Review (data)
218400	F1 2012 Review (data)
218401	F1 2012 Review (data)
218402	F1 2012 Review (data)
220760	The Elder Scrolls V: Skyrim
220761	The Elder Scrolls V: Skyrim / The Elder Scrolls V: Skyrim Preorder Ad App
220762	The Elder Scrolls V: Skyrim / The Elder Scrolls V: Skyrim Preorder Ad App
220763	The Elder Scrolls V: Skyrim / The Elder Scrolls V: Skyrim Preorder Ad App
220764	The Elder Scrolls V: Skyrim / The Elder Scrolls V: Skyrim Preorder Ad App
220765	The Elder Scrolls V: Skyrim / The Elder Scrolls V: Skyrim Preorder Ad App
221941	DiRT Showdown
221942	F1 Race Stars
221943	F1 Kart Stars
221944	F1 Kart Stars (data)
221945	F1 Kart Stars (data)
221946	F1 Kart Stars (data)
221947	F1 Kart Stars (data)
221948	F1 Kart Stars (data)
221949	F1 Kart Stars (data)
221950	F1 Kart Stars (data)
221952	F1 Kart Stars (data)
221961	F1 Kart Stars (data)
221962	F1 Kart Stars (data)
221963	F1 Kart Stars (data)
221964	F1 Kart Stars (data)
221965	F1 Kart Stars (data)
221966	F1 Kart Stars (data)
221967	F1 Kart Stars (data)
221968	F1 Kart Stars (data)
221969	F1 Kart Stars (data)
221970	F1 Kart Stars (data)
221972	F1 Kart Stars (data)
222301	F1 Race Stars Demo
222302	F1 Race Stars Demo
222303	F1 Race Stars Demo
222304	F1 Race Stars Demo
222305	F1 Race Stars Demo (data)
222306	F1 Race Stars Demo
222307	F1 Race Stars Demo
222308	F1 Race Stars Demo
222309	F1 Race Stars Demo
222310	F1 Race Stars Demo
222312	F1 Race Stars Demo
222540	Train Simulator Classic
222541	Train Simulator Classic
222542	Train Simulator Classic
222543	Train Simulator Classic
222544	Train Simulator Classic
222545	Train Simulator Classic
222546	Train Simulator Classic
222547	Train Simulator Classic
222548	Train Simulator Classic
222550	Train Simulator Classic
222551	Train Simulator Classic
222562	Train Simulator Classic
222564	Train Simulator Classic
222565	Train Simulator Classic
222566	Train Simulator Classic
222567	Train Simulator Classic
222568	Train Simulator Classic
235781	MINERVA: Metastasis
387001	Toki Tori / Survivor Squad: Gauntlets Demo
